n,k,m,f_id,tb,function_seed,embedding_seed,dataset_seed,F0_size,F1_size,d,support_true,signs_true,antichain_masks,antichain_sets,sigma_weight,support_predicted,signs_predicted,restarts,solution_found
10,2,2,1,1,21235,2011244,201101435,1,1,1,"[5,3]","[-1,-1]",[3],"[[0,1]]",1,[9],[1],0,True
10,2,2,1,2,21235,2011244,201101436,1,1,1,"[5,3]","[-1,-1]",[3],"[[0,1]]",1,[5],[-1],0,True
10,2,2,1,3,21235,2011244,201101437,1,1,1,"[5,3]","[-1,-1]",[3],"[[0,1]]",1,[8],[-1],0,True
10,2,2,1,4,21235,2011244,201101438,1,1,1,"[5,3]","[-1,-1]",[3],"[[0,1]]",1,[8],[1],0,True
10,2,2,1,5,21235,2011244,201101439,1,1,1,"[5,3]","[-1,-1]",[3],"[[0,1]]",1,[8],[1],0,True
10,2,4,1,1,21235,2011244,201101635,3,1,3,"[5,3]","[-1,-1]",[3],"[[0,1]]",2,"[3,8]","[-1,-1]",0,True
10,2,4,1,2,21235,2011244,201101636,2,2,4,"[5,3]","[-1,-1]",[3],"[[0,1]]",1,[0],[1],0,True
10,2,4,1,3,21235,2011244,201101637,2,2,4,"[5,3]","[-1,-1]",[3],"[[0,1]]",2,"[2,7]","[1,-1]",0,True
10,2,4,1,4,21235,2011244,201101638,2,2,4,"[5,3]","[-1,-1]",[3],"[[0,1]]",2,"[1,7]","[1,1]",0,True
10,2,4,1,5,21235,2011244,201101639,3,1,3,"[5,3]","[-1,-1]",[3],"[[0,1]]",1,[3],[-1],0,True
10,2,8,1,1,21235,2011244,201102035,5,3,15,"[5,3]","[-1,-1]",[3],"[[0,1]]",1,[5],[-1],0,True
10,2,8,1,2,21235,2011244,201102036,6,2,12,"[5,3]","[-1,-1]",[3],"[[0,1]]",2,"[5,7]","[-1,1]",0,True
10,2,8,1,3,21235,2011244,201102037,5,3,15,"[5,3]","[-1,-1]",[3],"[[0,1]]",1,[5],[-1],0,True
10,2,8,1,4,21235,2011244,201102038,7,1,7,"[5,3]","[-1,-1]",[3],"[[0,1]]",2,"[2,9]","[1,-1]",0,True
10,2,8,1,5,21235,2011244,201102039,4,4,16,"[5,3]","[-1,-1]",[3],"[[0,1]]",3,"[1,5,9]","[1,-1,1]",0,True
50,2,2,1,1,21235,2011284,201501435,1,1,1,"[1,48]","[-1,-1]",[3],"[[0,1]]",1,[44],[1],0,True
50,2,2,1,2,21235,2011284,201501436,1,1,1,"[1,48]","[-1,-1]",[3],"[[0,1]]",1,[24],[-1],0,True
50,2,2,1,3,21235,2011284,201501437,1,1,1,"[1,48]","[-1,-1]",[3],"[[0,1]]",1,[4],[-1],0,True
50,2,2,1,4,21235,2011284,201501438,1,1,1,"[1,48]","[-1,-1]",[3],"[[0,1]]",1,[42],[1],0,True
50,2,2,1,5,21235,2011284,201501439,1,1,1,"[1,48]","[-1,-1]",[3],"[[0,1]]",1,[31],[-1],0,True
50,2,4,1,1,21235,2011284,201501635,3,1,3,"[1,48]","[-1,-1]",[3],"[[0,1]]",2,"[5,45]","[1,-1]",0,True
50,2,4,1,2,21235,2011284,201501636,3,1,3,"[1,48]","[-1,-1]",[3],"[[0,1]]",1,[5],[1],0,True
50,2,4,1,3,21235,2011284,201501637,3,1,3,"[1,48]","[-1,-1]",[3],"[[0,1]]",1,[43],[-1],0,True
50,2,4,1,4,21235,2011284,201501638,2,2,4,"[1,48]","[-1,-1]",[3],"[[0,1]]",1,[22],[1],0,True
50,2,4,1,5,21235,2011284,201501639,3,1,3,"[1,48]","[-1,-1]",[3],"[[0,1]]",1,[39],[1],0,True
50,2,8,1,1,21235,2011284,201502035,6,2,12,"[1,48]","[-1,-1]",[3],"[[0,1]]",4,"[1,8,29,32]","[-1,1,-1,-1]",0,True
50,2,8,1,2,21235,2011284,201502036,4,4,16,"[1,48]","[-1,-1]",[3],"[[0,1]]",3,"[27,34,48]","[-1,-1,-1]",0,True
50,2,8,1,3,21235,2011284,201502037,5,3,15,"[1,48]","[-1,-1]",[3],"[[0,1]]",2,"[1,34]","[-1,1]",0,True
50,2,8,1,4,21235,2011284,201502038,6,2,12,"[1,48]","[-1,-1]",[3],"[[0,1]]",1,[48],[-1],0,True
50,2,8,1,5,21235,2011284,201502039,6,2,12,"[1,48]","[-1,-1]",[3],"[[0,1]]",2,"[14,40]","[-1,-1]",0,True
100,2,2,1,1,21235,2011334,202001435,1,1,1,"[10,30]","[-1,-1]",[3],"[[0,1]]",1,[18],[1],0,True
100,2,2,1,2,21235,2011334,202001436,1,1,1,"[10,30]","[-1,-1]",[3],"[[0,1]]",1,[21],[1],0,True
100,2,2,1,3,21235,2011334,202001437,1,1,1,"[10,30]","[-1,-1]",[3],"[[0,1]]",1,[61],[1],0,True
100,2,2,1,4,21235,2011334,202001438,1,1,1,"[10,30]","[-1,-1]",[3],"[[0,1]]",1,[83],[1],0,True
100,2,2,1,5,21235,2011334,202001439,1,1,1,"[10,30]","[-1,-1]",[3],"[[0,1]]",1,[39],[1],0,True
100,2,4,1,1,21235,2011334,202001635,3,1,3,"[10,30]","[-1,-1]",[3],"[[0,1]]",2,"[41,86]","[-1,-1]",0,True
100,2,4,1,2,21235,2011334,202001636,3,1,3,"[10,30]","[-1,-1]",[3],"[[0,1]]",1,[91],[1],0,True
100,2,4,1,3,21235,2011334,202001637,1,3,3,"[10,30]","[-1,-1]",[3],"[[0,1]]",1,[33],[-1],0,True
100,2,4,1,4,21235,2011334,202001638,2,2,4,"[10,30]","[-1,-1]",[3],"[[0,1]]",2,"[32,52]","[1,-1]",0,True
100,2,4,1,5,21235,2011334,202001639,3,1,3,"[10,30]","[-1,-1]",[3],"[[0,1]]",2,"[22,58]","[-1,1]",0,True
100,2,8,1,1,21235,2011334,202002035,6,2,12,"[10,30]","[-1,-1]",[3],"[[0,1]]",2,"[4,93]","[-1,1]",0,True
100,2,8,1,2,21235,2011334,202002036,6,2,12,"[10,30]","[-1,-1]",[3],"[[0,1]]",2,"[52,95]","[-1,1]",0,True
100,2,8,1,3,21235,2011334,202002037,4,4,16,"[10,30]","[-1,-1]",[3],"[[0,1]]",1,[47],[-1],0,True
100,2,8,1,4,21235,2011334,202002038,7,1,7,"[10,30]","[-1,-1]",[3],"[[0,1]]",3,"[47,85,97]","[1,-1,-1]",0,True
100,2,8,1,5,21235,2011334,202002039,5,3,15,"[10,30]","[-1,-1]",[3],"[[0,1]]",4,"[5,54,95,96]","[-1,1,-1,1]",0,True
10,2,2,2,1,21236,2021244,202101435,1,1,1,"[1,5]","[-1,-1]",[3],"[[0,1]]",1,[7],[-1],0,True
10,2,2,2,2,21236,2021244,202101436,1,1,1,"[1,5]","[-1,-1]",[3],"[[0,1]]",1,[3],[-1],0,True
10,2,2,2,3,21236,2021244,202101437,1,1,1,"[1,5]","[-1,-1]",[3],"[[0,1]]",1,[5],[-1],0,True
10,2,2,2,4,21236,2021244,202101438,1,1,1,"[1,5]","[-1,-1]",[3],"[[0,1]]",1,[2],[1],0,True
10,2,2,2,5,21236,2021244,202101439,1,1,1,"[1,5]","[-1,-1]",[3],"[[0,1]]",1,[3],[-1],0,True
10,2,4,2,1,21236,2021244,202101635,2,2,4,"[1,5]","[-1,-1]",[3],"[[0,1]]",1,[6],[1],0,True
10,2,4,2,2,21236,2021244,202101636,3,1,3,"[1,5]","[-1,-1]",[3],"[[0,1]]",2,"[0,3]","[1,1]",0,True
10,2,4,2,3,21236,2021244,202101637,3,1,3,"[1,5]","[-1,-1]",[3],"[[0,1]]",2,"[2,3]","[-1,-1]",0,True
10,2,4,2,4,21236,2021244,202101638,2,2,4,"[1,5]","[-1,-1]",[3],"[[0,1]]",1,[9],[-1],0,True
10,2,4,2,5,21236,2021244,202101639,3,1,3,"[1,5]","[-1,-1]",[3],"[[0,1]]",1,[5],[-1],0,True
10,2,8,2,1,21236,2021244,202102035,4,4,16,"[1,5]","[-1,-1]",[3],"[[0,1]]",4,"[0,1,3,4]","[-1,-1,1,1]",0,True
10,2,8,2,2,21236,2021244,202102036,4,4,16,"[1,5]","[-1,-1]",[3],"[[0,1]]",1,[1],[-1],0,True
10,2,8,2,3,21236,2021244,202102037,6,2,12,"[1,5]","[-1,-1]",[3],"[[0,1]]",1,[1],[-1],0,True
10,2,8,2,4,21236,2021244,202102038,6,2,12,"[1,5]","[-1,-1]",[3],"[[0,1]]",2,"[5,8]","[-1,1]",0,True
10,2,8,2,5,21236,2021244,202102039,7,1,7,"[1,5]","[-1,-1]",[3],"[[0,1]]",2,"[5,7]","[-1,-1]",0,True
50,2,2,2,1,21236,2021284,202501435,1,1,1,"[17,39]","[-1,-1]",[3],"[[0,1]]",1,[6],[1],0,True
50,2,2,2,2,21236,2021284,202501436,1,1,1,"[17,39]","[-1,-1]",[3],"[[0,1]]",1,[49],[1],0,True
50,2,2,2,3,21236,2021284,202501437,1,1,1,"[17,39]","[-1,-1]",[3],"[[0,1]]",1,[38],[-1],0,True
50,2,2,2,4,21236,2021284,202501438,1,1,1,"[17,39]","[-1,-1]",[3],"[[0,1]]",1,[31],[1],0,True
50,2,2,2,5,21236,2021284,202501439,1,1,1,"[17,39]","[-1,-1]",[3],"[[0,1]]",1,[8],[-1],0,True
50,2,4,2,1,21236,2021284,202501635,2,2,4,"[17,39]","[-1,-1]",[3],"[[0,1]]",2,"[26,46]","[-1,1]",0,True
50,2,4,2,2,21236,2021284,202501636,3,1,3,"[17,39]","[-1,-1]",[3],"[[0,1]]",2,"[2,5]","[1,-1]",0,True
50,2,4,2,3,21236,2021284,202501637,3,1,3,"[17,39]","[-1,-1]",[3],"[[0,1]]",2,"[17,22]","[-1,1]",0,True
50,2,4,2,4,21236,2021284,202501638,2,2,4,"[17,39]","[-1,-1]",[3],"[[0,1]]",1,[33],[1],0,True
50,2,4,2,5,21236,2021284,202501639,3,1,3,"[17,39]","[-1,-1]",[3],"[[0,1]]",2,"[23,41]","[-1,-1]",0,True
50,2,8,2,1,21236,2021284,202502035,7,1,7,"[17,39]","[-1,-1]",[3],"[[0,1]]",2,"[14,29]","[-1,-1]",0,True
50,2,8,2,2,21236,2021284,202502036,5,3,15,"[17,39]","[-1,-1]",[3],"[[0,1]]",3,"[3,10,41]","[1,1,-1]",0,True
50,2,8,2,3,21236,2021284,202502037,7,1,7,"[17,39]","[-1,-1]",[3],"[[0,1]]",2,"[16,28]","[-1,1]",0,True
50,2,8,2,4,21236,2021284,202502038,6,2,12,"[17,39]","[-1,-1]",[3],"[[0,1]]",2,"[0,25]","[1,1]",0,True
50,2,8,2,5,21236,2021284,202502039,6,2,12,"[17,39]","[-1,-1]",[3],"[[0,1]]",2,"[21,29]","[1,-1]",0,True
100,2,2,2,1,21236,2021334,203001435,1,1,1,"[42,28]","[-1,-1]",[3],"[[0,1]]",1,[84],[-1],0,True
100,2,2,2,2,21236,2021334,203001436,1,1,1,"[42,28]","[-1,-1]",[3],"[[0,1]]",1,[4],[-1],0,True
100,2,2,2,3,21236,2021334,203001437,1,1,1,"[42,28]","[-1,-1]",[3],"[[0,1]]",1,[45],[-1],0,True
100,2,2,2,4,21236,2021334,203001438,1,1,1,"[42,28]","[-1,-1]",[3],"[[0,1]]",1,[75],[1],0,True
100,2,2,2,5,21236,2021334,203001439,1,1,1,"[42,28]","[-1,-1]",[3],"[[0,1]]",1,[36],[-1],0,True
100,2,4,2,1,21236,2021334,203001635,2,2,4,"[42,28]","[-1,-1]",[3],"[[0,1]]",1,[28],[-1],0,True
100,2,4,2,2,21236,2021334,203001636,3,1,3,"[42,28]","[-1,-1]",[3],"[[0,1]]",2,"[24,59]","[1,-1]",0,True
100,2,4,2,3,21236,2021334,203001637,2,2,4,"[42,28]","[-1,-1]",[3],"[[0,1]]",3,"[16,33,65]","[-1,-1,-1]",0,True
100,2,4,2,4,21236,2021334,203001638,3,1,3,"[42,28]","[-1,-1]",[3],"[[0,1]]",1,[44],[1],0,True
100,2,4,2,5,21236,2021334,203001639,2,2,4,"[42,28]","[-1,-1]",[3],"[[0,1]]",1,[78],[-1],0,True
100,2,8,2,1,21236,2021334,203002035,7,1,7,"[42,28]","[-1,-1]",[3],"[[0,1]]",2,"[44,51]","[1,1]",0,True
100,2,8,2,2,21236,2021334,203002036,5,3,15,"[42,28]","[-1,-1]",[3],"[[0,1]]",3,"[29,75,85]","[1,1,-1]",0,True
100,2,8,2,3,21236,2021334,203002037,7,1,7,"[42,28]","[-1,-1]",[3],"[[0,1]]",2,"[22,42]","[1,-1]",0,True
100,2,8,2,4,21236,2021334,203002038,6,2,12,"[42,28]","[-1,-1]",[3],"[[0,1]]",2,"[22,42]","[1,-1]",0,True
100,2,8,2,5,21236,2021334,203002039,7,1,7,"[42,28]","[-1,-1]",[3],"[[0,1]]",2,"[72,77]","[-1,1]",0,True
10,2,2,3,1,21237,2031244,203101435,1,1,1,"[8,4]","[1,1]",[3],"[[0,1]]",1,[8],[1],0,True
10,2,2,3,2,21237,2031244,203101436,1,1,1,"[8,4]","[1,1]",[3],"[[0,1]]",1,[8],[1],0,True
10,2,2,3,3,21237,2031244,203101437,1,1,1,"[8,4]","[1,1]",[3],"[[0,1]]",1,[7],[1],0,True
10,2,2,3,4,21237,2031244,203101438,1,1,1,"[8,4]","[1,1]",[3],"[[0,1]]",1,[0],[-1],0,True
10,2,2,3,5,21237,2031244,203101439,1,1,1,"[8,4]","[1,1]",[3],"[[0,1]]",1,[8],[1],0,True
10,2,4,3,1,21237,2031244,203101635,3,1,3,"[8,4]","[1,1]",[3],"[[0,1]]",1,[8],[1],0,True
10,2,4,3,2,21237,2031244,203101636,2,2,4,"[8,4]","[1,1]",[3],"[[0,1]]",3,"[2,6,9]","[1,1,-1]",0,True
10,2,4,3,3,21237,2031244,203101637,2,2,4,"[8,4]","[1,1]",[3],"[[0,1]]",1,[8],[1],0,True
10,2,4,3,4,21237,2031244,203101638,2,2,4,"[8,4]","[1,1]",[3],"[[0,1]]",1,[8],[1],0,True
10,2,4,3,5,21237,2031244,203101639,3,1,3,"[8,4]","[1,1]",[3],"[[0,1]]",1,[8],[1],0,True
10,2,8,3,1,21237,2031244,203102035,7,1,7,"[8,4]","[1,1]",[3],"[[0,1]]",2,"[1,8]","[1,1]",0,True
10,2,8,3,2,21237,2031244,203102036,5,3,15,"[8,4]","[1,1]",[3],"[[0,1]]",2,"[4,9]","[1,-1]",0,True
10,2,8,3,3,21237,2031244,203102037,5,3,15,"[8,4]","[1,1]",[3],"[[0,1]]",2,"[4,8]","[1,1]",0,True
10,2,8,3,4,21237,2031244,203102038,6,2,12,"[8,4]","[1,1]",[3],"[[0,1]]",2,"[4,8]","[1,1]",0,True
10,2,8,3,5,21237,2031244,203102039,5,3,15,"[8,4]","[1,1]",[3],"[[0,1]]",1,[8],[1],0,True
50,2,2,3,1,21237,2031284,203501435,1,1,1,"[46,8]","[1,1]",[3],"[[0,1]]",1,[15],[-1],0,True
50,2,2,3,2,21237,2031284,203501436,1,1,1,"[46,8]","[1,1]",[3],"[[0,1]]",1,[35],[1],0,True
50,2,2,3,3,21237,2031284,203501437,1,1,1,"[46,8]","[1,1]",[3],"[[0,1]]",1,[27],[-1],0,True
50,2,2,3,4,21237,2031284,203501438,1,1,1,"[46,8]","[1,1]",[3],"[[0,1]]",1,[19],[-1],0,True
50,2,2,3,5,21237,2031284,203501439,1,1,1,"[46,8]","[1,1]",[3],"[[0,1]]",1,[14],[-1],0,True
50,2,4,3,1,21237,2031284,203501635,2,2,4,"[46,8]","[1,1]",[3],"[[0,1]]",2,"[13,24]","[-1,1]",0,True
50,2,4,3,2,21237,2031284,203501636,3,1,3,"[46,8]","[1,1]",[3],"[[0,1]]",2,"[2,15]","[1,1]",0,True
50,2,4,3,3,21237,2031284,203501637,2,2,4,"[46,8]","[1,1]",[3],"[[0,1]]",1,[28],[-1],0,True
50,2,4,3,4,21237,2031284,203501638,2,2,4,"[46,8]","[1,1]",[3],"[[0,1]]",1,[39],[1],0,True
50,2,4,3,5,21237,2031284,203501639,2,2,4,"[46,8]","[1,1]",[3],"[[0,1]]",1,[11],[-1],0,True
50,2,8,3,1,21237,2031284,203502035,6,2,12,"[46,8]","[1,1]",[3],"[[0,1]]",2,"[8,24]","[1,1]",0,True
50,2,8,3,2,21237,2031284,203502036,6,2,12,"[46,8]","[1,1]",[3],"[[0,1]]",2,"[21,37]","[-1,1]",0,True
50,2,8,3,3,21237,2031284,203502037,7,1,7,"[46,8]","[1,1]",[3],"[[0,1]]",2,"[18,28]","[1,-1]",0,True
50,2,8,3,4,21237,2031284,203502038,6,2,12,"[46,8]","[1,1]",[3],"[[0,1]]",2,"[8,46]","[1,1]",0,True
50,2,8,3,5,21237,2031284,203502039,7,1,7,"[46,8]","[1,1]",[3],"[[0,1]]",3,"[1,34,42]","[-1,-1,-1]",0,True
100,2,2,3,1,21237,2031334,204001435,1,1,1,"[85,39]","[1,1]",[3],"[[0,1]]",1,[42],[-1],0,True
100,2,2,3,2,21237,2031334,204001436,1,1,1,"[85,39]","[1,1]",[3],"[[0,1]]",1,[87],[-1],0,True
100,2,2,3,3,21237,2031334,204001437,1,1,1,"[85,39]","[1,1]",[3],"[[0,1]]",1,[83],[1],0,True
100,2,2,3,4,21237,2031334,204001438,1,1,1,"[85,39]","[1,1]",[3],"[[0,1]]",1,[75],[-1],0,True
100,2,2,3,5,21237,2031334,204001439,1,1,1,"[85,39]","[1,1]",[3],"[[0,1]]",1,[73],[-1],0,True
100,2,4,3,1,21237,2031334,204001635,3,1,3,"[85,39]","[1,1]",[3],"[[0,1]]",2,"[47,96]","[1,-1]",0,True
100,2,4,3,2,21237,2031334,204001636,3,1,3,"[85,39]","[1,1]",[3],"[[0,1]]",1,[42],[1],0,True
100,2,4,3,3,21237,2031334,204001637,2,2,4,"[85,39]","[1,1]",[3],"[[0,1]]",1,[65],[1],0,True
100,2,4,3,4,21237,2031334,204001638,2,2,4,"[85,39]","[1,1]",[3],"[[0,1]]",3,"[19,20,78]","[-1,1,-1]",0,True
100,2,4,3,5,21237,2031334,204001639,3,1,3,"[85,39]","[1,1]",[3],"[[0,1]]",1,[18],[1],0,True
100,2,8,3,1,21237,2031334,204002035,6,2,12,"[85,39]","[1,1]",[3],"[[0,1]]",2,"[8,88]","[-1,-1]",0,True
100,2,8,3,2,21237,2031334,204002036,7,1,7,"[85,39]","[1,1]",[3],"[[0,1]]",2,"[10,89]","[-1,1]",0,True
100,2,8,3,3,21237,2031334,204002037,6,2,12,"[85,39]","[1,1]",[3],"[[0,1]]",3,"[9,69,70]","[1,1,-1]",0,True
100,2,8,3,4,21237,2031334,204002038,6,2,12,"[85,39]","[1,1]",[3],"[[0,1]]",3,"[24,58,80]","[-1,1,-1]",0,True
100,2,8,3,5,21237,2031334,204002039,6,2,12,"[85,39]","[1,1]",[3],"[[0,1]]",1,[59],[1],0,True
10,2,2,4,1,21238,2041244,204101435,1,1,1,"[1,4]","[1,1]",[3],"[[0,1]]",1,[9],[-1],0,True
10,2,2,4,2,21238,2041244,204101436,1,1,1,"[1,4]","[1,1]",[3],"[[0,1]]",1,[0],[-1],0,True
10,2,2,4,3,21238,2041244,204101437,1,1,1,"[1,4]","[1,1]",[3],"[[0,1]]",1,[3],[1],0,True
10,2,2,4,4,21238,2041244,204101438,1,1,1,"[1,4]","[1,1]",[3],"[[0,1]]",1,[0],[-1],0,True
10,2,2,4,5,21238,2041244,204101439,1,1,1,"[1,4]","[1,1]",[3],"[[0,1]]",1,[1],[1],0,True
10,2,4,4,1,21238,2041244,204101635,2,2,4,"[1,4]","[1,1]",[3],"[[0,1]]",3,"[1,5,7]","[1,-1,1]",0,True
10,2,4,4,2,21238,2041244,204101636,3,1,3,"[1,4]","[1,1]",[3],"[[0,1]]",2,"[1,4]","[1,1]",0,True
10,2,4,4,3,21238,2041244,204101637,3,1,3,"[1,4]","[1,1]",[3],"[[0,1]]",2,"[3,7]","[-1,-1]",0,True
10,2,4,4,4,21238,2041244,204101638,3,1,3,"[1,4]","[1,1]",[3],"[[0,1]]",2,"[2,5]","[1,-1]",0,True
10,2,4,4,5,21238,2041244,204101639,2,2,4,"[1,4]","[1,1]",[3],"[[0,1]]",1,[4],[1],0,True
10,2,8,4,1,21238,2041244,204102035,7,1,7,"[1,4]","[1,1]",[3],"[[0,1]]",2,"[1,4]","[1,1]",0,True
10,2,8,4,2,21238,2041244,204102036,6,2,12,"[1,4]","[1,1]",[3],"[[0,1]]",2,"[4,7]","[1,-1]",0,True
10,2,8,4,3,21238,2041244,204102037,5,3,15,"[1,4]","[1,1]",[3],"[[0,1]]",1,[4],[1],0,True
10,2,8,4,4,21238,2041244,204102038,7,1,7,"[1,4]","[1,1]",[3],"[[0,1]]",2,"[3,4]","[1,1]",0,True
10,2,8,4,5,21238,2041244,204102039,6,2,12,"[1,4]","[1,1]",[3],"[[0,1]]",2,"[0,5]","[-1,1]",0,True
50,2,2,4,1,21238,2041284,204501435,1,1,1,"[27,22]","[1,1]",[3],"[[0,1]]",1,[49],[-1],0,True
50,2,2,4,2,21238,2041284,204501436,1,1,1,"[27,22]","[1,1]",[3],"[[0,1]]",1,[21],[1],0,True
50,2,2,4,3,21238,2041284,204501437,1,1,1,"[27,22]","[1,1]",[3],"[[0,1]]",1,[45],[1],0,True
50,2,2,4,4,21238,2041284,204501438,1,1,1,"[27,22]","[1,1]",[3],"[[0,1]]",1,[40],[-1],0,True
50,2,2,4,5,21238,2041284,204501439,1,1,1,"[27,22]","[1,1]",[3],"[[0,1]]",1,[37],[1],0,True
50,2,4,4,1,21238,2041284,204501635,3,1,3,"[27,22]","[1,1]",[3],"[[0,1]]",1,[44],[1],0,True
50,2,4,4,2,21238,2041284,204501636,2,2,4,"[27,22]","[1,1]",[3],"[[0,1]]",1,[36],[1],0,True
50,2,4,4,3,21238,2041284,204501637,2,2,4,"[27,22]","[1,1]",[3],"[[0,1]]",1,[27],[1],0,True
50,2,4,4,4,21238,2041284,204501638,3,1,3,"[27,22]","[1,1]",[3],"[[0,1]]",2,"[9,13]","[1,1]",0,True
50,2,4,4,5,21238,2041284,204501639,2,2,4,"[27,22]","[1,1]",[3],"[[0,1]]",2,"[21,38]","[-1,-1]",0,True
50,2,8,4,1,21238,2041284,204502035,5,3,15,"[27,22]","[1,1]",[3],"[[0,1]]",3,"[16,26,43]","[-1,1,-1]",0,True
50,2,8,4,2,21238,2041284,204502036,7,1,7,"[27,22]","[1,1]",[3],"[[0,1]]",2,"[15,33]","[-1,1]",0,True
50,2,8,4,3,21238,2041284,204502037,6,2,12,"[27,22]","[1,1]",[3],"[[0,1]]",2,"[37,43]","[-1,1]",0,True
50,2,8,4,4,21238,2041284,204502038,7,1,7,"[27,22]","[1,1]",[3],"[[0,1]]",2,"[7,49]","[-1,-1]",0,True
50,2,8,4,5,21238,2041284,204502039,5,3,15,"[27,22]","[1,1]",[3],"[[0,1]]",3,"[0,5,17]","[1,-1,-1]",0,True
100,2,2,4,1,21238,2041334,205001435,1,1,1,"[34,37]","[1,1]",[3],"[[0,1]]",1,[68],[-1],0,True
100,2,2,4,2,21238,2041334,205001436,1,1,1,"[34,37]","[1,1]",[3],"[[0,1]]",1,[44],[1],0,True
100,2,2,4,3,21238,2041334,205001437,1,1,1,"[34,37]","[1,1]",[3],"[[0,1]]",1,[43],[-1],0,True
100,2,2,4,4,21238,2041334,205001438,1,1,1,"[34,37]","[1,1]",[3],"[[0,1]]",1,[38],[-1],0,True
100,2,2,4,5,21238,2041334,205001439,1,1,1,"[34,37]","[1,1]",[3],"[[0,1]]",1,[11],[-1],0,True
100,2,4,4,1,21238,2041334,205001635,3,1,3,"[34,37]","[1,1]",[3],"[[0,1]]",1,[35],[-1],0,True
100,2,4,4,2,21238,2041334,205001636,3,1,3,"[34,37]","[1,1]",[3],"[[0,1]]",1,[78],[-1],0,True
100,2,4,4,3,21238,2041334,205001637,1,3,3,"[34,37]","[1,1]",[3],"[[0,1]]",3,"[29,71,77]","[-1,1,-1]",0,True
100,2,4,4,4,21238,2041334,205001638,3,1,3,"[34,37]","[1,1]",[3],"[[0,1]]",1,[22],[1],0,True
100,2,4,4,5,21238,2041334,205001639,2,2,4,"[34,37]","[1,1]",[3],"[[0,1]]",1,[54],[-1],0,True
100,2,8,4,1,21238,2041334,205002035,4,4,16,"[34,37]","[1,1]",[3],"[[0,1]]",4,"[9,13,78,79]","[1,-1,-1,-1]",0,True
100,2,8,4,2,21238,2041334,205002036,6,2,12,"[34,37]","[1,1]",[3],"[[0,1]]",2,"[77,95]","[1,1]",0,True
100,2,8,4,3,21238,2041334,205002037,7,1,7,"[34,37]","[1,1]",[3],"[[0,1]]",2,"[60,75]","[1,-1]",0,True
100,2,8,4,4,21238,2041334,205002038,6,2,12,"[34,37]","[1,1]",[3],"[[0,1]]",2,"[8,38]","[1,1]",0,True
100,2,8,4,5,21238,2041334,205002039,7,1,7,"[34,37]","[1,1]",[3],"[[0,1]]",2,"[48,61]","[1,1]",0,True
10,2,2,5,1,21239,2051244,205101435,1,1,1,"[2,0]","[-1,1]",[3],"[[0,1]]",1,[7],[-1],0,True
10,2,2,5,2,21239,2051244,205101436,1,1,1,"[2,0]","[-1,1]",[3],"[[0,1]]",1,[0],[1],0,True
10,2,2,5,3,21239,2051244,205101437,1,1,1,"[2,0]","[-1,1]",[3],"[[0,1]]",1,[0],[1],0,True
10,2,2,5,4,21239,2051244,205101438,1,1,1,"[2,0]","[-1,1]",[3],"[[0,1]]",1,[0],[1],0,True
10,2,2,5,5,21239,2051244,205101439,1,1,1,"[2,0]","[-1,1]",[3],"[[0,1]]",1,[9],[-1],0,True
10,2,4,5,1,21239,2051244,205101635,2,2,4,"[2,0]","[-1,1]",[3],"[[0,1]]",1,[2],[-1],0,True
10,2,4,5,2,21239,2051244,205101636,3,1,3,"[2,0]","[-1,1]",[3],"[[0,1]]",1,[9],[1],0,True
10,2,4,5,3,21239,2051244,205101637,3,1,3,"[2,0]","[-1,1]",[3],"[[0,1]]",2,"[5,9]","[-1,-1]",0,True
10,2,4,5,4,21239,2051244,205101638,3,1,3,"[2,0]","[-1,1]",[3],"[[0,1]]",2,"[4,7]","[-1,-1]",0,True
10,2,4,5,5,21239,2051244,205101639,3,1,3,"[2,0]","[-1,1]",[3],"[[0,1]]",1,[2],[-1],0,True
10,2,8,5,1,21239,2051244,205102035,6,2,12,"[2,0]","[-1,1]",[3],"[[0,1]]",3,"[0,1,9]","[1,-1,1]",0,True
10,2,8,5,2,21239,2051244,205102036,4,4,16,"[2,0]","[-1,1]",[3],"[[0,1]]",3,"[0,7,8]","[1,1,1]",0,True
10,2,8,5,3,21239,2051244,205102037,4,4,16,"[2,0]","[-1,1]",[3],"[[0,1]]",3,"[1,5,6]","[1,1,-1]",0,True
10,2,8,5,4,21239,2051244,205102038,7,1,7,"[2,0]","[-1,1]",[3],"[[0,1]]",2,"[0,2]","[1,-1]",0,True
10,2,8,5,5,21239,2051244,205102039,5,3,15,"[2,0]","[-1,1]",[3],"[[0,1]]",2,"[0,6]","[1,-1]",0,True
50,2,2,5,1,21239,2051284,205501435,1,1,1,"[9,25]","[-1,1]",[3],"[[0,1]]",1,[48],[-1],0,True
50,2,2,5,2,21239,2051284,205501436,1,1,1,"[9,25]","[-1,1]",[3],"[[0,1]]",1,[18],[1],0,True
50,2,2,5,3,21239,2051284,205501437,1,1,1,"[9,25]","[-1,1]",[3],"[[0,1]]",1,[36],[-1],0,True
50,2,2,5,4,21239,2051284,205501438,1,1,1,"[9,25]","[-1,1]",[3],"[[0,1]]",1,[18],[1],0,True
50,2,2,5,5,21239,2051284,205501439,1,1,1,"[9,25]","[-1,1]",[3],"[[0,1]]",1,[28],[-1],0,True
50,2,4,5,1,21239,2051284,205501635,3,1,3,"[9,25]","[-1,1]",[3],"[[0,1]]",2,"[24,32]","[1,1]",0,True
50,2,4,5,2,21239,2051284,205501636,2,2,4,"[9,25]","[-1,1]",[3],"[[0,1]]",2,"[13,21]","[1,1]",0,True
50,2,4,5,3,21239,2051284,205501637,3,1,3,"[9,25]","[-1,1]",[3],"[[0,1]]",2,"[31,45]","[-1,1]",0,True
50,2,4,5,4,21239,2051284,205501638,3,1,3,"[9,25]","[-1,1]",[3],"[[0,1]]",1,[1],[1],0,True
50,2,4,5,5,21239,2051284,205501639,3,1,3,"[9,25]","[-1,1]",[3],"[[0,1]]",1,[32],[-1],0,True
50,2,8,5,1,21239,2051284,205502035,6,2,12,"[9,25]","[-1,1]",[3],"[[0,1]]",2,"[24,25]","[-1,1]",0,True
50,2,8,5,2,21239,2051284,205502036,6,2,12,"[9,25]","[-1,1]",[3],"[[0,1]]",2,"[29,43]","[1,1]",0,True
50,2,8,5,3,21239,2051284,205502037,7,1,7,"[9,25]","[-1,1]",[3],"[[0,1]]",2,"[27,49]","[-1,1]",0,True
50,2,8,5,4,21239,2051284,205502038,6,2,12,"[9,25]","[-1,1]",[3],"[[0,1]]",3,"[19,34,35]","[-1,1,1]",0,True
50,2,8,5,5,21239,2051284,205502039,6,2,12,"[9,25]","[-1,1]",[3],"[[0,1]]",2,"[9,10]","[-1,-1]",0,True
100,2,2,5,1,21239,2051334,206001435,1,1,1,"[0,95]","[-1,1]",[3],"[[0,1]]",1,[77],[-1],0,True
100,2,2,5,2,21239,2051334,206001436,1,1,1,"[0,95]","[-1,1]",[3],"[[0,1]]",1,[42],[1],0,True
100,2,2,5,3,21239,2051334,206001437,1,1,1,"[0,95]","[-1,1]",[3],"[[0,1]]",1,[55],[1],0,True
100,2,2,5,4,21239,2051334,206001438,1,1,1,"[0,95]","[-1,1]",[3],"[[0,1]]",1,[52],[1],0,True
100,2,2,5,5,21239,2051334,206001439,1,1,1,"[0,95]","[-1,1]",[3],"[[0,1]]",1,[90],[1],0,True
100,2,4,5,1,21239,2051334,206001635,3,1,3,"[0,95]","[-1,1]",[3],"[[0,1]]",2,"[65,71]","[-1,1]",0,True
100,2,4,5,2,21239,2051334,206001636,3,1,3,"[0,95]","[-1,1]",[3],"[[0,1]]",1,[28],[-1],0,True
100,2,4,5,3,21239,2051334,206001637,2,2,4,"[0,95]","[-1,1]",[3],"[[0,1]]",1,[22],[1],0,True
100,2,4,5,4,21239,2051334,206001638,3,1,3,"[0,95]","[-1,1]",[3],"[[0,1]]",1,[36],[1],0,True
100,2,4,5,5,21239,2051334,206001639,3,1,3,"[0,95]","[-1,1]",[3],"[[0,1]]",1,[0],[-1],0,True
100,2,8,5,1,21239,2051334,206002035,7,1,7,"[0,95]","[-1,1]",[3],"[[0,1]]",2,"[9,28]","[1,1]",0,True
100,2,8,5,2,21239,2051334,206002036,5,3,15,"[0,95]","[-1,1]",[3],"[[0,1]]",3,"[29,31,68]","[1,1,1]",0,True
100,2,8,5,3,21239,2051334,206002037,6,2,12,"[0,95]","[-1,1]",[3],"[[0,1]]",2,"[41,58]","[-1,1]",0,True
100,2,8,5,4,21239,2051334,206002038,7,1,7,"[0,95]","[-1,1]",[3],"[[0,1]]",2,"[75,86]","[-1,1]",0,True
100,2,8,5,5,21239,2051334,206002039,6,2,12,"[0,95]","[-1,1]",[3],"[[0,1]]",3,"[2,33,41]","[-1,1,1]",0,True
10,2,2,6,1,21240,2061244,206101435,1,1,1,"[1,3]","[-1,-1]",[3],"[[0,1]]",1,[8],[-1],0,True
10,2,2,6,2,21240,2061244,206101436,1,1,1,"[1,3]","[-1,-1]",[3],"[[0,1]]",1,[3],[-1],0,True
10,2,2,6,3,21240,2061244,206101437,1,1,1,"[1,3]","[-1,-1]",[3],"[[0,1]]",1,[3],[-1],0,True
10,2,2,6,4,21240,2061244,206101438,1,1,1,"[1,3]","[-1,-1]",[3],"[[0,1]]",1,[9],[1],0,True
10,2,2,6,5,21240,2061244,206101439,1,1,1,"[1,3]","[-1,-1]",[3],"[[0,1]]",1,[2],[-1],0,True
10,2,4,6,1,21240,2061244,206101635,3,1,3,"[1,3]","[-1,-1]",[3],"[[0,1]]",2,"[3,9]","[-1,-1]",0,True
10,2,4,6,2,21240,2061244,206101636,3,1,3,"[1,3]","[-1,-1]",[3],"[[0,1]]",1,[2],[-1],0,True
10,2,4,6,3,21240,2061244,206101637,2,2,4,"[1,3]","[-1,-1]",[3],"[[0,1]]",1,[5],[1],0,True
10,2,4,6,4,21240,2061244,206101638,2,2,4,"[1,3]","[-1,-1]",[3],"[[0,1]]",2,"[1,3]","[-1,-1]",0,True
10,2,4,6,5,21240,2061244,206101639,2,2,4,"[1,3]","[-1,-1]",[3],"[[0,1]]",1,[8],[-1],0,True
10,2,8,6,1,21240,2061244,206102035,6,2,12,"[1,3]","[-1,-1]",[3],"[[0,1]]",2,"[1,8]","[-1,1]",0,True
10,2,8,6,2,21240,2061244,206102036,6,2,12,"[1,3]","[-1,-1]",[3],"[[0,1]]",2,"[1,2]","[-1,1]",0,True
10,2,8,6,3,21240,2061244,206102037,6,2,12,"[1,3]","[-1,-1]",[3],"[[0,1]]",2,"[4,7]","[1,-1]",0,True
10,2,8,6,4,21240,2061244,206102038,6,2,12,"[1,3]","[-1,-1]",[3],"[[0,1]]",2,"[1,3]","[-1,-1]",0,True
10,2,8,6,5,21240,2061244,206102039,5,3,15,"[1,3]","[-1,-1]",[3],"[[0,1]]",4,"[1,4,5,9]","[-1,-1,1,1]",0,True
50,2,2,6,1,21240,2061284,206501435,1,1,1,"[9,33]","[-1,-1]",[3],"[[0,1]]",1,[14],[1],0,True
50,2,2,6,2,21240,2061284,206501436,1,1,1,"[9,33]","[-1,-1]",[3],"[[0,1]]",1,[17],[-1],0,True
50,2,2,6,3,21240,2061284,206501437,1,1,1,"[9,33]","[-1,-1]",[3],"[[0,1]]",1,[3],[1],0,True
50,2,2,6,4,21240,2061284,206501438,1,1,1,"[9,33]","[-1,-1]",[3],"[[0,1]]",1,[34],[1],0,True
50,2,2,6,5,21240,2061284,206501439,1,1,1,"[9,33]","[-1,-1]",[3],"[[0,1]]",1,[7],[1],0,True
50,2,4,6,1,21240,2061284,206501635,3,1,3,"[9,33]","[-1,-1]",[3],"[[0,1]]",1,[24],[-1],0,True
50,2,4,6,2,21240,2061284,206501636,1,3,3,"[9,33]","[-1,-1]",[3],"[[0,1]]",2,"[2,44]","[-1,-1]",0,True
50,2,4,6,3,21240,2061284,206501637,3,1,3,"[9,33]","[-1,-1]",[3],"[[0,1]]",1,[0],[1],0,True
50,2,4,6,4,21240,2061284,206501638,3,1,3,"[9,33]","[-1,-1]",[3],"[[0,1]]",1,[5],[-1],0,True
50,2,4,6,5,21240,2061284,206501639,3,1,3,"[9,33]","[-1,-1]",[3],"[[0,1]]",2,"[3,7]","[-1,-1]",0,True
50,2,8,6,1,21240,2061284,206502035,6,2,12,"[9,33]","[-1,-1]",[3],"[[0,1]]",1,[9],[-1],0,True
50,2,8,6,2,21240,2061284,206502036,7,1,7,"[9,33]","[-1,-1]",[3],"[[0,1]]",2,"[3,9]","[-1,-1]",0,True
50,2,8,6,3,21240,2061284,206502037,6,2,12,"[9,33]","[-1,-1]",[3],"[[0,1]]",2,"[30,34]","[-1,1]",0,True
50,2,8,6,4,21240,2061284,206502038,7,1,7,"[9,33]","[-1,-1]",[3],"[[0,1]]",2,"[15,32]","[1,-1]",0,True
50,2,8,6,5,21240,2061284,206502039,7,1,7,"[9,33]","[-1,-1]",[3],"[[0,1]]",1,[7],[1],0,True
100,2,2,6,1,21240,2061334,207001435,1,1,1,"[4,6]","[-1,-1]",[3],"[[0,1]]",1,[16],[-1],0,True
100,2,2,6,2,21240,2061334,207001436,1,1,1,"[4,6]","[-1,-1]",[3],"[[0,1]]",1,[79],[1],0,True
100,2,2,6,3,21240,2061334,207001437,1,1,1,"[4,6]","[-1,-1]",[3],"[[0,1]]",1,[79],[-1],0,True
100,2,2,6,4,21240,2061334,207001438,1,1,1,"[4,6]","[-1,-1]",[3],"[[0,1]]",1,[72],[-1],0,True
100,2,2,6,5,21240,2061334,207001439,1,1,1,"[4,6]","[-1,-1]",[3],"[[0,1]]",1,[11],[-1],0,True
100,2,4,6,1,21240,2061334,207001635,1,3,3,"[4,6]","[-1,-1]",[3],"[[0,1]]",1,[7],[-1],0,True
100,2,4,6,2,21240,2061334,207001636,2,2,4,"[4,6]","[-1,-1]",[3],"[[0,1]]",1,[84],[-1],0,True
100,2,4,6,3,21240,2061334,207001637,3,1,3,"[4,6]","[-1,-1]",[3],"[[0,1]]",2,"[14,90]","[1,1]",0,True
100,2,4,6,4,21240,2061334,207001638,3,1,3,"[4,6]","[-1,-1]",[3],"[[0,1]]",1,[90],[-1],0,True
100,2,4,6,5,21240,2061334,207001639,2,2,4,"[4,6]","[-1,-1]",[3],"[[0,1]]",1,[6],[-1],0,True
100,2,8,6,1,21240,2061334,207002035,5,3,15,"[4,6]","[-1,-1]",[3],"[[0,1]]",4,"[40,43,78,84]","[-1,-1,1,1]",0,True
100,2,8,6,2,21240,2061334,207002036,6,2,12,"[4,6]","[-1,-1]",[3],"[[0,1]]",2,"[6,54]","[-1,-1]",0,True
100,2,8,6,3,21240,2061334,207002037,7,1,7,"[4,6]","[-1,-1]",[3],"[[0,1]]",2,"[87,89]","[-1,-1]",0,True
100,2,8,6,4,21240,2061334,207002038,6,2,12,"[4,6]","[-1,-1]",[3],"[[0,1]]",2,"[30,31]","[1,1]",0,True
100,2,8,6,5,21240,2061334,207002039,4,4,16,"[4,6]","[-1,-1]",[3],"[[0,1]]",2,"[66,94]","[1,1]",0,True
10,2,2,7,1,21241,2071244,207101435,1,1,1,"[8,9]","[-1,-1]","[1,2]","[[0],[1]]",1,[8],[-1],0,True
10,2,2,7,2,21241,2071244,207101436,1,1,1,"[8,9]","[-1,-1]","[1,2]","[[0],[1]]",1,[8],[-1],0,True
10,2,2,7,3,21241,2071244,207101437,1,1,1,"[8,9]","[-1,-1]","[1,2]","[[0],[1]]",1,[9],[-1],0,True
10,2,2,7,4,21241,2071244,207101438,1,1,1,"[8,9]","[-1,-1]","[1,2]","[[0],[1]]",1,[4],[1],0,True
10,2,2,7,5,21241,2071244,207101439,1,1,1,"[8,9]","[-1,-1]","[1,2]","[[0],[1]]",1,[0],[1],0,True
10,2,4,7,1,21241,2071244,207101635,1,3,3,"[8,9]","[-1,-1]","[1,2]","[[0],[1]]",1,[8],[-1],0,True
10,2,4,7,2,21241,2071244,207101636,3,1,3,"[8,9]","[-1,-1]","[1,2]","[[0],[1]]",2,"[0,2]","[-1,-1]",0,True
10,2,4,7,3,21241,2071244,207101637,2,2,4,"[8,9]","[-1,-1]","[1,2]","[[0],[1]]",1,[0],[1],0,True
10,2,4,7,4,21241,2071244,207101638,2,2,4,"[8,9]","[-1,-1]","[1,2]","[[0],[1]]",1,[3],[-1],0,True
10,2,4,7,5,21241,2071244,207101639,1,3,3,"[8,9]","[-1,-1]","[1,2]","[[0],[1]]",2,"[3,6]","[-1,-1]",0,True
10,2,8,7,1,21241,2071244,207102035,2,6,12,"[8,9]","[-1,-1]","[1,2]","[[0],[1]]",4,"[0,6,7,9]","[-1,1,-1,-1]",0,True
10,2,8,7,2,21241,2071244,207102036,2,6,12,"[8,9]","[-1,-1]","[1,2]","[[0],[1]]",1,[8],[-1],0,True
10,2,8,7,3,21241,2071244,207102037,2,6,12,"[8,9]","[-1,-1]","[1,2]","[[0],[1]]",4,"[3,4,5,6]","[-1,1,1,-1]",0,True
10,2,8,7,4,21241,2071244,207102038,2,6,12,"[8,9]","[-1,-1]","[1,2]","[[0],[1]]",2,"[6,9]","[-1,-1]",0,True
10,2,8,7,5,21241,2071244,207102039,2,6,12,"[8,9]","[-1,-1]","[1,2]","[[0],[1]]",2,"[4,8]","[1,-1]",0,True
50,2,2,7,1,21241,2071284,207501435,1,1,1,"[18,32]","[-1,-1]","[1,2]","[[0],[1]]",1,[17],[-1],0,True
50,2,2,7,2,21241,2071284,207501436,1,1,1,"[18,32]","[-1,-1]","[1,2]","[[0],[1]]",1,[48],[-1],0,True
50,2,2,7,3,21241,2071284,207501437,1,1,1,"[18,32]","[-1,-1]","[1,2]","[[0],[1]]",1,[33],[1],0,True
50,2,2,7,4,21241,2071284,207501438,1,1,1,"[18,32]","[-1,-1]","[1,2]","[[0],[1]]",1,[49],[-1],0,True
50,2,2,7,5,21241,2071284,207501439,1,1,1,"[18,32]","[-1,-1]","[1,2]","[[0],[1]]",1,[38],[-1],0,True
50,2,4,7,1,21241,2071284,207501635,1,3,3,"[18,32]","[-1,-1]","[1,2]","[[0],[1]]",2,"[11,25]","[1,1]",0,True
50,2,4,7,2,21241,2071284,207501636,1,3,3,"[18,32]","[-1,-1]","[1,2]","[[0],[1]]",1,[25],[-1],0,True
50,2,4,7,3,21241,2071284,207501637,1,3,3,"[18,32]","[-1,-1]","[1,2]","[[0],[1]]",2,"[6,41]","[-1,-1]",0,True
50,2,4,7,4,21241,2071284,207501638,1,3,3,"[18,32]","[-1,-1]","[1,2]","[[0],[1]]",1,[48],[1],0,True
50,2,4,7,5,21241,2071284,207501639,2,2,4,"[18,32]","[-1,-1]","[1,2]","[[0],[1]]",3,"[1,10,26]","[1,-1,1]",0,True
50,2,8,7,1,21241,2071284,207502035,1,7,7,"[18,32]","[-1,-1]","[1,2]","[[0],[1]]",2,"[37,43]","[1,-1]",0,True
50,2,8,7,2,21241,2071284,207502036,3,5,15,"[18,32]","[-1,-1]","[1,2]","[[0],[1]]",3,"[0,18,43]","[1,-1,-1]",0,True
50,2,8,7,3,21241,2071284,207502037,1,7,7,"[18,32]","[-1,-1]","[1,2]","[[0],[1]]",2,"[8,14]","[-1,-1]",0,True
50,2,8,7,4,21241,2071284,207502038,2,6,12,"[18,32]","[-1,-1]","[1,2]","[[0],[1]]",2,"[14,20]","[-1,-1]",0,True
50,2,8,7,5,21241,2071284,207502039,1,7,7,"[18,32]","[-1,-1]","[1,2]","[[0],[1]]",2,"[4,18]","[1,-1]",0,True
100,2,2,7,1,21241,2071334,208001435,1,1,1,"[92,32]","[-1,-1]","[1,2]","[[0],[1]]",1,[4],[1],0,True
100,2,2,7,2,21241,2071334,208001436,1,1,1,"[92,32]","[-1,-1]","[1,2]","[[0],[1]]",1,[85],[1],0,True
100,2,2,7,3,21241,2071334,208001437,1,1,1,"[92,32]","[-1,-1]","[1,2]","[[0],[1]]",1,[6],[1],0,True
100,2,2,7,4,21241,2071334,208001438,1,1,1,"[92,32]","[-1,-1]","[1,2]","[[0],[1]]",1,[56],[1],0,True
100,2,2,7,5,21241,2071334,208001439,1,1,1,"[92,32]","[-1,-1]","[1,2]","[[0],[1]]",1,[24],[1],0,True
100,2,4,7,1,21241,2071334,208001635,1,3,3,"[92,32]","[-1,-1]","[1,2]","[[0],[1]]",2,"[94,95]","[-1,1]",0,True
100,2,4,7,2,21241,2071334,208001636,1,3,3,"[92,32]","[-1,-1]","[1,2]","[[0],[1]]",1,[32],[-1],0,True
100,2,4,7,3,21241,2071334,208001637,1,3,3,"[92,32]","[-1,-1]","[1,2]","[[0],[1]]",1,[4],[1],0,True
100,2,4,7,4,21241,2071334,208001638,1,3,3,"[92,32]","[-1,-1]","[1,2]","[[0],[1]]",2,"[9,71]","[-1,1]",0,True
100,2,4,7,5,21241,2071334,208001639,1,3,3,"[92,32]","[-1,-1]","[1,2]","[[0],[1]]",2,"[30,48]","[1,-1]",0,True
100,2,8,7,1,21241,2071334,208002035,1,7,7,"[92,32]","[-1,-1]","[1,2]","[[0],[1]]",4,"[18,30,73,78]","[1,1,-1,1]",0,True
100,2,8,7,2,21241,2071334,208002036,2,6,12,"[92,32]","[-1,-1]","[1,2]","[[0],[1]]",2,"[10,62]","[-1,-1]",0,True
100,2,8,7,3,21241,2071334,208002037,2,6,12,"[92,32]","[-1,-1]","[1,2]","[[0],[1]]",2,"[23,76]","[-1,-1]",0,True
100,2,8,7,4,21241,2071334,208002038,2,6,12,"[92,32]","[-1,-1]","[1,2]","[[0],[1]]",2,"[40,90]","[1,-1]",0,True
100,2,8,7,5,21241,2071334,208002039,2,6,12,"[92,32]","[-1,-1]","[1,2]","[[0],[1]]",4,"[31,33,72,97]","[-1,1,1,1]",0,True
10,2,2,8,1,21242,2081244,208101435,1,1,1,"[6,8]","[-1,1]","[1,2]","[[0],[1]]",1,[8],[1],0,True
10,2,2,8,2,21242,2081244,208101436,1,1,1,"[6,8]","[-1,1]","[1,2]","[[0],[1]]",1,[4],[1],0,True
10,2,2,8,3,21242,2081244,208101437,1,1,1,"[6,8]","[-1,1]","[1,2]","[[0],[1]]",1,[9],[-1],0,True
10,2,2,8,4,21242,2081244,208101438,1,1,1,"[6,8]","[-1,1]","[1,2]","[[0],[1]]",1,[5],[-1],0,True
10,2,2,8,5,21242,2081244,208101439,1,1,1,"[6,8]","[-1,1]","[1,2]","[[0],[1]]",1,[3],[1],0,True
10,2,4,8,1,21242,2081244,208101635,3,1,3,"[6,8]","[-1,1]","[1,2]","[[0],[1]]",2,"[2,5]","[1,1]",0,True
10,2,4,8,2,21242,2081244,208101636,1,3,3,"[6,8]","[-1,1]","[1,2]","[[0],[1]]",1,[6],[-1],0,True
10,2,4,8,3,21242,2081244,208101637,1,3,3,"[6,8]","[-1,1]","[1,2]","[[0],[1]]",2,"[3,5]","[-1,1]",0,True
10,2,4,8,4,21242,2081244,208101638,1,3,3,"[6,8]","[-1,1]","[1,2]","[[0],[1]]",2,"[6,9]","[-1,1]",0,True
10,2,4,8,5,21242,2081244,208101639,1,3,3,"[6,8]","[-1,1]","[1,2]","[[0],[1]]",1,[6],[-1],0,True
10,2,8,8,1,21242,2081244,208102035,3,5,15,"[6,8]","[-1,1]","[1,2]","[[0],[1]]",1,[8],[1],0,True
10,2,8,8,2,21242,2081244,208102036,5,3,15,"[6,8]","[-1,1]","[1,2]","[[0],[1]]",2,"[0,9]","[1,1]",0,True
10,2,8,8,3,21242,2081244,208102037,2,6,12,"[6,8]","[-1,1]","[1,2]","[[0],[1]]",2,"[6,8]","[-1,1]",0,True
10,2,8,8,4,21242,2081244,208102038,3,5,15,"[6,8]","[-1,1]","[1,2]","[[0],[1]]",3,"[2,3,4]","[-1,-1,-1]",0,True
10,2,8,8,5,21242,2081244,208102039,2,6,12,"[6,8]","[-1,1]","[1,2]","[[0],[1]]",4,"[1,3,5,7]","[-1,-1,1,1]",0,True
50,2,2,8,1,21242,2081284,208501435,1,1,1,"[5,20]","[-1,1]","[1,2]","[[0],[1]]",1,[23],[-1],0,True
50,2,2,8,2,21242,2081284,208501436,1,1,1,"[5,20]","[-1,1]","[1,2]","[[0],[1]]",1,[25],[-1],0,True
50,2,2,8,3,21242,2081284,208501437,1,1,1,"[5,20]","[-1,1]","[1,2]","[[0],[1]]",1,[33],[1],0,True
50,2,2,8,4,21242,2081284,208501438,1,1,1,"[5,20]","[-1,1]","[1,2]","[[0],[1]]",1,[13],[1],0,True
50,2,2,8,5,21242,2081284,208501439,1,1,1,"[5,20]","[-1,1]","[1,2]","[[0],[1]]",1,[10],[-1],0,True
50,2,4,8,1,21242,2081284,208501635,2,2,4,"[5,20]","[-1,1]","[1,2]","[[0],[1]]",2,"[36,49]","[1,-1]",0,True
50,2,4,8,2,21242,2081284,208501636,2,2,4,"[5,20]","[-1,1]","[1,2]","[[0],[1]]",1,[48],[1],0,True
50,2,4,8,3,21242,2081284,208501637,1,3,3,"[5,20]","[-1,1]","[1,2]","[[0],[1]]",1,[49],[-1],0,True
50,2,4,8,4,21242,2081284,208501638,1,3,3,"[5,20]","[-1,1]","[1,2]","[[0],[1]]",1,[32],[-1],0,True
50,2,4,8,5,21242,2081284,208501639,1,3,3,"[5,20]","[-1,1]","[1,2]","[[0],[1]]",1,[19],[1],0,True
50,2,8,8,1,21242,2081284,208502035,3,5,15,"[5,20]","[-1,1]","[1,2]","[[0],[1]]",3,"[27,37,40]","[1,-1,1]",0,True
50,2,8,8,2,21242,2081284,208502036,3,5,15,"[5,20]","[-1,1]","[1,2]","[[0],[1]]",2,"[8,20]","[-1,1]",0,True
50,2,8,8,3,21242,2081284,208502037,2,6,12,"[5,20]","[-1,1]","[1,2]","[[0],[1]]",3,"[22,29,39]","[1,-1,-1]",0,True
50,2,8,8,4,21242,2081284,208502038,1,7,7,"[5,20]","[-1,1]","[1,2]","[[0],[1]]",4,"[2,7,8,45]","[-1,1,-1,1]",0,True
50,2,8,8,5,21242,2081284,208502039,4,4,16,"[5,20]","[-1,1]","[1,2]","[[0],[1]]",5,"[9,11,13,19,44]","[1,-1,1,1,-1]",0,True
100,2,2,8,1,21242,2081334,209001435,1,1,1,"[37,71]","[-1,1]","[1,2]","[[0],[1]]",1,[90],[-1],0,True
100,2,2,8,2,21242,2081334,209001436,1,1,1,"[37,71]","[-1,1]","[1,2]","[[0],[1]]",1,[88],[-1],0,True
100,2,2,8,3,21242,2081334,209001437,1,1,1,"[37,71]","[-1,1]","[1,2]","[[0],[1]]",1,[37],[-1],0,True
100,2,2,8,4,21242,2081334,209001438,1,1,1,"[37,71]","[-1,1]","[1,2]","[[0],[1]]",1,[87],[1],0,True
100,2,2,8,5,21242,2081334,209001439,1,1,1,"[37,71]","[-1,1]","[1,2]","[[0],[1]]",1,[70],[1],0,True
100,2,4,8,1,21242,2081334,209001635,1,3,3,"[37,71]","[-1,1]","[1,2]","[[0],[1]]",2,"[69,93]","[-1,1]",0,True
100,2,4,8,2,21242,2081334,209001636,2,2,4,"[37,71]","[-1,1]","[1,2]","[[0],[1]]",2,"[6,18]","[1,-1]",0,True
100,2,4,8,3,21242,2081334,209001637,2,2,4,"[37,71]","[-1,1]","[1,2]","[[0],[1]]",2,"[14,79]","[1,-1]",0,True
100,2,4,8,4,21242,2081334,209001638,1,3,3,"[37,71]","[-1,1]","[1,2]","[[0],[1]]",2,"[7,85]","[1,1]",0,True
100,2,4,8,5,21242,2081334,209001639,1,3,3,"[37,71]","[-1,1]","[1,2]","[[0],[1]]",2,"[44,46]","[-1,-1]",0,True
100,2,8,8,1,21242,2081334,209002035,2,6,12,"[37,71]","[-1,1]","[1,2]","[[0],[1]]",2,"[32,71]","[-1,1]",0,True
100,2,8,8,2,21242,2081334,209002036,3,5,15,"[37,71]","[-1,1]","[1,2]","[[0],[1]]",4,"[9,22,40,64]","[-1,1,-1,1]",0,True
100,2,8,8,3,21242,2081334,209002037,4,4,16,"[37,71]","[-1,1]","[1,2]","[[0],[1]]",3,"[54,80,98]","[1,1,1]",0,True
100,2,8,8,4,21242,2081334,209002038,5,3,15,"[37,71]","[-1,1]","[1,2]","[[0],[1]]",2,"[19,99]","[-1,1]",0,True
100,2,8,8,5,21242,2081334,209002039,3,5,15,"[37,71]","[-1,1]","[1,2]","[[0],[1]]",4,"[3,18,36,83]","[1,1,1,-1]",0,True
10,2,2,9,1,21243,2091244,209101435,1,1,1,"[2,3]","[-1,1]",[3],"[[0,1]]",1,[9],[1],0,True
10,2,2,9,2,21243,2091244,209101436,1,1,1,"[2,3]","[-1,1]",[3],"[[0,1]]",1,[0],[1],0,True
10,2,2,9,3,21243,2091244,209101437,1,1,1,"[2,3]","[-1,1]",[3],"[[0,1]]",1,[7],[-1],0,True
10,2,2,9,4,21243,2091244,209101438,1,1,1,"[2,3]","[-1,1]",[3],"[[0,1]]",1,[8],[-1],0,True
10,2,2,9,5,21243,2091244,209101439,1,1,1,"[2,3]","[-1,1]",[3],"[[0,1]]",1,[0],[1],0,True
10,2,4,9,1,21243,2091244,209101635,2,2,4,"[2,3]","[-1,1]",[3],"[[0,1]]",3,"[1,5,8]","[-1,1,1]",0,True
10,2,4,9,2,21243,2091244,209101636,2,2,4,"[2,3]","[-1,1]",[3],"[[0,1]]",3,"[0,5,8]","[-1,-1,1]",0,True
10,2,4,9,3,21243,2091244,209101637,1,3,3,"[2,3]","[-1,1]",[3],"[[0,1]]",1,[5],[1],0,True
10,2,4,9,4,21243,2091244,209101638,2,2,4,"[2,3]","[-1,1]",[3],"[[0,1]]",1,[5],[-1],0,True
10,2,4,9,5,21243,2091244,209101639,2,2,4,"[2,3]","[-1,1]",[3],"[[0,1]]",1,[1],[1],0,True
10,2,8,9,1,21243,2091244,209102035,7,1,7,"[2,3]","[-1,1]",[3],"[[0,1]]",2,"[2,3]","[-1,1]",0,True
10,2,8,9,2,21243,2091244,209102036,4,4,16,"[2,3]","[-1,1]",[3],"[[0,1]]",3,"[0,5,6]","[-1,1,1]",0,True
10,2,8,9,3,21243,2091244,209102037,5,3,15,"[2,3]","[-1,1]",[3],"[[0,1]]",3,"[1,2,5]","[-1,-1,1]",0,True
10,2,8,9,4,21243,2091244,209102038,7,1,7,"[2,3]","[-1,1]",[3],"[[0,1]]",1,[3],[1],0,True
10,2,8,9,5,21243,2091244,209102039,7,1,7,"[2,3]","[-1,1]",[3],"[[0,1]]",3,"[4,5,8]","[1,-1,-1]",0,True
50,2,2,9,1,21243,2091284,209501435,1,1,1,"[8,25]","[-1,1]",[3],"[[0,1]]",1,[26],[-1],0,True
50,2,2,9,2,21243,2091284,209501436,1,1,1,"[8,25]","[-1,1]",[3],"[[0,1]]",1,[2],[-1],0,True
50,2,2,9,3,21243,2091284,209501437,1,1,1,"[8,25]","[-1,1]",[3],"[[0,1]]",1,[43],[-1],0,True
50,2,2,9,4,21243,2091284,209501438,1,1,1,"[8,25]","[-1,1]",[3],"[[0,1]]",1,[32],[-1],0,True
50,2,2,9,5,21243,2091284,209501439,1,1,1,"[8,25]","[-1,1]",[3],"[[0,1]]",1,[31],[-1],0,True
50,2,4,9,1,21243,2091284,209501635,3,1,3,"[8,25]","[-1,1]",[3],"[[0,1]]",1,[13],[-1],0,True
50,2,4,9,2,21243,2091284,209501636,3,1,3,"[8,25]","[-1,1]",[3],"[[0,1]]",1,[24],[1],0,True
50,2,4,9,3,21243,2091284,209501637,3,1,3,"[8,25]","[-1,1]",[3],"[[0,1]]",1,[32],[-1],0,True
50,2,4,9,4,21243,2091284,209501638,3,1,3,"[8,25]","[-1,1]",[3],"[[0,1]]",1,[38],[1],0,True
50,2,4,9,5,21243,2091284,209501639,3,1,3,"[8,25]","[-1,1]",[3],"[[0,1]]",2,"[9,16]","[-1,1]",0,True
50,2,8,9,1,21243,2091284,209502035,6,2,12,"[8,25]","[-1,1]",[3],"[[0,1]]",3,"[15,31,36]","[1,-1,-1]",0,True
50,2,8,9,2,21243,2091284,209502036,7,1,7,"[8,25]","[-1,1]",[3],"[[0,1]]",2,"[8,42]","[-1,-1]",0,True
50,2,8,9,3,21243,2091284,209502037,7,1,7,"[8,25]","[-1,1]",[3],"[[0,1]]",2,"[3,43]","[-1,1]",0,True
50,2,8,9,4,21243,2091284,209502038,7,1,7,"[8,25]","[-1,1]",[3],"[[0,1]]",2,"[1,18]","[1,1]",0,True
50,2,8,9,5,21243,2091284,209502039,6,2,12,"[8,25]","[-1,1]",[3],"[[0,1]]",4,"[22,25,29,41]","[1,1,1,-1]",0,True
100,2,2,9,1,21243,2091334,210001435,1,1,1,"[42,82]","[-1,1]",[3],"[[0,1]]",1,[18],[1],0,True
100,2,2,9,2,21243,2091334,210001436,1,1,1,"[42,82]","[-1,1]",[3],"[[0,1]]",1,[75],[1],0,True
100,2,2,9,3,21243,2091334,210001437,1,1,1,"[42,82]","[-1,1]",[3],"[[0,1]]",1,[31],[-1],0,True
100,2,2,9,4,21243,2091334,210001438,1,1,1,"[42,82]","[-1,1]",[3],"[[0,1]]",1,[28],[-1],0,True
100,2,2,9,5,21243,2091334,210001439,1,1,1,"[42,82]","[-1,1]",[3],"[[0,1]]",1,[85],[-1],0,True
100,2,4,9,1,21243,2091334,210001635,3,1,3,"[42,82]","[-1,1]",[3],"[[0,1]]",2,"[51,53]","[1,-1]",0,True
100,2,4,9,2,21243,2091334,210001636,3,1,3,"[42,82]","[-1,1]",[3],"[[0,1]]",1,[3],[1],0,True
100,2,4,9,3,21243,2091334,210001637,2,2,4,"[42,82]","[-1,1]",[3],"[[0,1]]",1,[57],[-1],0,True
100,2,4,9,4,21243,2091334,210001638,2,2,4,"[42,82]","[-1,1]",[3],"[[0,1]]",1,[83],[1],0,True
100,2,4,9,5,21243,2091334,210001639,2,2,4,"[42,82]","[-1,1]",[3],"[[0,1]]",1,[47],[-1],0,True
100,2,8,9,1,21243,2091334,210002035,4,4,16,"[42,82]","[-1,1]",[3],"[[0,1]]",4,"[7,54,60,96]","[-1,1,-1,1]",0,True
100,2,8,9,2,21243,2091334,210002036,5,3,15,"[42,82]","[-1,1]",[3],"[[0,1]]",4,"[5,6,37,88]","[1,-1,1,-1]",0,True
100,2,8,9,3,21243,2091334,210002037,5,3,15,"[42,82]","[-1,1]",[3],"[[0,1]]",3,"[13,14,78]","[1,1,-1]",0,True
100,2,8,9,4,21243,2091334,210002038,7,1,7,"[42,82]","[-1,1]",[3],"[[0,1]]",2,"[35,73]","[-1,-1]",0,True
100,2,8,9,5,21243,2091334,210002039,6,2,12,"[42,82]","[-1,1]",[3],"[[0,1]]",2,"[75,97]","[-1,1]",0,True
10,2,2,10,1,21244,2101244,210101435,1,1,1,"[3,8]","[1,1]","[1,2]","[[0],[1]]",1,[1],[-1],0,True
10,2,2,10,2,21244,2101244,210101436,1,1,1,"[3,8]","[1,1]","[1,2]","[[0],[1]]",1,[0],[-1],0,True
10,2,2,10,3,21244,2101244,210101437,1,1,1,"[3,8]","[1,1]","[1,2]","[[0],[1]]",1,[4],[-1],0,True
10,2,2,10,4,21244,2101244,210101438,1,1,1,"[3,8]","[1,1]","[1,2]","[[0],[1]]",1,[8],[1],0,True
10,2,2,10,5,21244,2101244,210101439,1,1,1,"[3,8]","[1,1]","[1,2]","[[0],[1]]",1,[3],[1],0,True
10,2,4,10,1,21244,2101244,210101635,1,3,3,"[3,8]","[1,1]","[1,2]","[[0],[1]]",1,[9],[1],0,True
10,2,4,10,2,21244,2101244,210101636,1,3,3,"[3,8]","[1,1]","[1,2]","[[0],[1]]",1,[9],[1],0,True
10,2,4,10,3,21244,2101244,210101637,1,3,3,"[3,8]","[1,1]","[1,2]","[[0],[1]]",1,[7],[1],0,True
10,2,4,10,4,21244,2101244,210101638,3,1,3,"[3,8]","[1,1]","[1,2]","[[0],[1]]",2,"[1,6]","[1,-1]",0,True
10,2,4,10,5,21244,2101244,210101639,1,3,3,"[3,8]","[1,1]","[1,2]","[[0],[1]]",2,"[3,7]","[1,1]",0,True
10,2,8,10,1,21244,2101244,210102035,4,4,16,"[3,8]","[1,1]","[1,2]","[[0],[1]]",1,[3],[1],0,True
10,2,8,10,2,21244,2101244,210102036,4,4,16,"[3,8]","[1,1]","[1,2]","[[0],[1]]",4,"[0,5,6,9]","[1,1,1,1]",0,True
10,2,8,10,3,21244,2101244,210102037,1,7,7,"[3,8]","[1,1]","[1,2]","[[0],[1]]",3,"[0,2,9]","[-1,-1,1]",0,True
10,2,8,10,4,21244,2101244,210102038,1,7,7,"[3,8]","[1,1]","[1,2]","[[0],[1]]",3,"[0,4,8]","[1,-1,1]",0,True
10,2,8,10,5,21244,2101244,210102039,2,6,12,"[3,8]","[1,1]","[1,2]","[[0],[1]]",1,[3],[1],0,True
50,2,2,10,1,21244,2101284,210501435,1,1,1,"[32,34]","[1,1]","[1,2]","[[0],[1]]",1,[25],[1],0,True
50,2,2,10,2,21244,2101284,210501436,1,1,1,"[32,34]","[1,1]","[1,2]","[[0],[1]]",1,[39],[1],0,True
50,2,2,10,3,21244,2101284,210501437,1,1,1,"[32,34]","[1,1]","[1,2]","[[0],[1]]",1,[17],[1],0,True
50,2,2,10,4,21244,2101284,210501438,1,1,1,"[32,34]","[1,1]","[1,2]","[[0],[1]]",1,[39],[-1],0,True
50,2,2,10,5,21244,2101284,210501439,1,1,1,"[32,34]","[1,1]","[1,2]","[[0],[1]]",1,[23],[1],0,True
50,2,4,10,1,21244,2101284,210501635,1,3,3,"[32,34]","[1,1]","[1,2]","[[0],[1]]",1,[34],[1],0,True
50,2,4,10,2,21244,2101284,210501636,2,2,4,"[32,34]","[1,1]","[1,2]","[[0],[1]]",1,[37],[1],0,True
50,2,4,10,3,21244,2101284,210501637,1,3,3,"[32,34]","[1,1]","[1,2]","[[0],[1]]",1,[36],[1],0,True
50,2,4,10,4,21244,2101284,210501638,1,3,3,"[32,34]","[1,1]","[1,2]","[[0],[1]]",2,"[18,44]","[1,1]",0,True
50,2,4,10,5,21244,2101284,210501639,1,3,3,"[32,34]","[1,1]","[1,2]","[[0],[1]]",1,[21],[-1],0,True
50,2,8,10,1,21244,2101284,210502035,1,7,7,"[32,34]","[1,1]","[1,2]","[[0],[1]]",2,"[14,32]","[-1,1]",0,True
50,2,8,10,2,21244,2101284,210502036,2,6,12,"[32,34]","[1,1]","[1,2]","[[0],[1]]",2,"[23,37]","[1,-1]",0,True
50,2,8,10,3,21244,2101284,210502037,1,7,7,"[32,34]","[1,1]","[1,2]","[[0],[1]]",3,"[19,36,40]","[1,1,1]",0,True
50,2,8,10,4,21244,2101284,210502038,3,5,15,"[32,34]","[1,1]","[1,2]","[[0],[1]]",2,"[1,41]","[-1,1]",0,True
50,2,8,10,5,21244,2101284,210502039,1,7,7,"[32,34]","[1,1]","[1,2]","[[0],[1]]",2,"[15,44]","[1,-1]",0,True
100,2,2,10,1,21244,2101334,211001435,1,1,1,"[30,9]","[1,1]","[1,2]","[[0],[1]]",1,[94],[-1],0,True
100,2,2,10,2,21244,2101334,211001436,1,1,1,"[30,9]","[1,1]","[1,2]","[[0],[1]]",1,[62],[-1],0,True
100,2,2,10,3,21244,2101334,211001437,1,1,1,"[30,9]","[1,1]","[1,2]","[[0],[1]]",1,[1],[1],0,True
100,2,2,10,4,21244,2101334,211001438,1,1,1,"[30,9]","[1,1]","[1,2]","[[0],[1]]",1,[24],[-1],0,True
100,2,2,10,5,21244,2101334,211001439,1,1,1,"[30,9]","[1,1]","[1,2]","[[0],[1]]",1,[4],[1],0,True
100,2,4,10,1,21244,2101334,211001635,1,3,3,"[30,9]","[1,1]","[1,2]","[[0],[1]]",1,[31],[-1],0,True
100,2,4,10,2,21244,2101334,211001636,1,3,3,"[30,9]","[1,1]","[1,2]","[[0],[1]]",1,[48],[1],0,True
100,2,4,10,3,21244,2101334,211001637,1,3,3,"[30,9]","[1,1]","[1,2]","[[0],[1]]",1,[8],[-1],0,True
100,2,4,10,4,21244,2101334,211001638,2,2,4,"[30,9]","[1,1]","[1,2]","[[0],[1]]",2,"[22,46]","[1,1]",0,True
100,2,4,10,5,21244,2101334,211001639,2,2,4,"[30,9]","[1,1]","[1,2]","[[0],[1]]",1,[86],[1],0,True
100,2,8,10,1,21244,2101334,211002035,3,5,15,"[30,9]","[1,1]","[1,2]","[[0],[1]]",2,"[14,71]","[1,-1]",0,True
100,2,8,10,2,21244,2101334,211002036,4,4,16,"[30,9]","[1,1]","[1,2]","[[0],[1]]",1,[70],[1],0,True
100,2,8,10,3,21244,2101334,211002037,1,7,7,"[30,9]","[1,1]","[1,2]","[[0],[1]]",3,"[89,90,97]","[1,1,-1]",0,True
100,2,8,10,4,21244,2101334,211002038,2,6,12,"[30,9]","[1,1]","[1,2]","[[0],[1]]",3,"[31,60,64]","[-1,1,1]",0,True
100,2,8,10,5,21244,2101334,211002039,2,6,12,"[30,9]","[1,1]","[1,2]","[[0],[1]]",2,"[24,57]","[-1,1]",0,True
10,2,2,11,1,21245,2111244,211101435,1,1,1,"[1,5]","[-1,1]","[1,2]","[[0],[1]]",1,[9],[-1],0,True
10,2,2,11,2,21245,2111244,211101436,1,1,1,"[1,5]","[-1,1]","[1,2]","[[0],[1]]",1,[2],[1],0,True
10,2,2,11,3,21245,2111244,211101437,1,1,1,"[1,5]","[-1,1]","[1,2]","[[0],[1]]",1,[5],[1],0,True
10,2,2,11,4,21245,2111244,211101438,1,1,1,"[1,5]","[-1,1]","[1,2]","[[0],[1]]",1,[5],[1],0,True
10,2,2,11,5,21245,2111244,211101439,1,1,1,"[1,5]","[-1,1]","[1,2]","[[0],[1]]",1,[4],[1],0,True
10,2,4,11,1,21245,2111244,211101635,1,3,3,"[1,5]","[-1,1]","[1,2]","[[0],[1]]",1,[5],[1],0,True
10,2,4,11,2,21245,2111244,211101636,2,2,4,"[1,5]","[-1,1]","[1,2]","[[0],[1]]",1,[1],[-1],0,True
10,2,4,11,3,21245,2111244,211101637,1,3,3,"[1,5]","[-1,1]","[1,2]","[[0],[1]]",2,"[7,8]","[-1,1]",0,True
10,2,4,11,4,21245,2111244,211101638,2,2,4,"[1,5]","[-1,1]","[1,2]","[[0],[1]]",2,"[5,8]","[1,1]",0,True
10,2,4,11,5,21245,2111244,211101639,1,3,3,"[1,5]","[-1,1]","[1,2]","[[0],[1]]",2,"[7,9]","[1,-1]",0,True
10,2,8,11,1,21245,2111244,211102035,2,6,12,"[1,5]","[-1,1]","[1,2]","[[0],[1]]",2,"[1,5]","[-1,1]",0,True
10,2,8,11,2,21245,2111244,211102036,4,4,16,"[1,5]","[-1,1]","[1,2]","[[0],[1]]",1,[1],[-1],0,True
10,2,8,11,3,21245,2111244,211102037,1,7,7,"[1,5]","[-1,1]","[1,2]","[[0],[1]]",2,"[5,7]","[1,1]",0,True
10,2,8,11,4,21245,2111244,211102038,1,7,7,"[1,5]","[-1,1]","[1,2]","[[0],[1]]",2,"[8,9]","[-1,1]",0,True
10,2,8,11,5,21245,2111244,211102039,2,6,12,"[1,5]","[-1,1]","[1,2]","[[0],[1]]",2,"[1,5]","[-1,1]",0,True
50,2,2,11,1,21245,2111284,211501435,1,1,1,"[17,8]","[-1,1]","[1,2]","[[0],[1]]",1,[21],[-1],0,True
50,2,2,11,2,21245,2111284,211501436,1,1,1,"[17,8]","[-1,1]","[1,2]","[[0],[1]]",1,[17],[-1],0,True
50,2,2,11,3,21245,2111284,211501437,1,1,1,"[17,8]","[-1,1]","[1,2]","[[0],[1]]",1,[41],[1],0,True
50,2,2,11,4,21245,2111284,211501438,1,1,1,"[17,8]","[-1,1]","[1,2]","[[0],[1]]",1,[0],[1],0,True
50,2,2,11,5,21245,2111284,211501439,1,1,1,"[17,8]","[-1,1]","[1,2]","[[0],[1]]",1,[37],[-1],0,True
50,2,4,11,1,21245,2111284,211501635,1,3,3,"[17,8]","[-1,1]","[1,2]","[[0],[1]]",1,[46],[-1],0,True
50,2,4,11,2,21245,2111284,211501636,1,3,3,"[17,8]","[-1,1]","[1,2]","[[0],[1]]",3,"[9,31,42]","[-1,1,-1]",0,True
50,2,4,11,3,21245,2111284,211501637,1,3,3,"[17,8]","[-1,1]","[1,2]","[[0],[1]]",2,"[31,44]","[1,-1]",0,True
50,2,4,11,4,21245,2111284,211501638,1,3,3,"[17,8]","[-1,1]","[1,2]","[[0],[1]]",2,"[24,26]","[1,-1]",0,True
50,2,4,11,5,21245,2111284,211501639,1,3,3,"[17,8]","[-1,1]","[1,2]","[[0],[1]]",1,[41],[-1],0,True
50,2,8,11,1,21245,2111284,211502035,1,7,7,"[17,8]","[-1,1]","[1,2]","[[0],[1]]",2,"[0,32]","[-1,-1]",0,True
50,2,8,11,2,21245,2111284,211502036,2,6,12,"[17,8]","[-1,1]","[1,2]","[[0],[1]]",1,[17],[-1],0,True
50,2,8,11,3,21245,2111284,211502037,1,7,7,"[17,8]","[-1,1]","[1,2]","[[0],[1]]",2,"[2,48]","[1,-1]",0,True
50,2,8,11,4,21245,2111284,211502038,3,5,15,"[17,8]","[-1,1]","[1,2]","[[0],[1]]",3,"[8,34,37]","[1,-1,-1]",0,True
50,2,8,11,5,21245,2111284,211502039,2,6,12,"[17,8]","[-1,1]","[1,2]","[[0],[1]]",2,"[15,48]","[-1,-1]",0,True
100,2,2,11,1,21245,2111334,212001435,1,1,1,"[70,9]","[-1,1]","[1,2]","[[0],[1]]",1,[19],[1],0,True
100,2,2,11,2,21245,2111334,212001436,1,1,1,"[70,9]","[-1,1]","[1,2]","[[0],[1]]",1,[86],[-1],0,True
100,2,2,11,3,21245,2111334,212001437,1,1,1,"[70,9]","[-1,1]","[1,2]","[[0],[1]]",1,[54],[1],0,True
100,2,2,11,4,21245,2111334,212001438,1,1,1,"[70,9]","[-1,1]","[1,2]","[[0],[1]]",1,[74],[1],0,True
100,2,2,11,5,21245,2111334,212001439,1,1,1,"[70,9]","[-1,1]","[1,2]","[[0],[1]]",1,[16],[-1],0,True
100,2,4,11,1,21245,2111334,212001635,2,2,4,"[70,9]","[-1,1]","[1,2]","[[0],[1]]",1,[83],[-1],0,True
100,2,4,11,2,21245,2111334,212001636,2,2,4,"[70,9]","[-1,1]","[1,2]","[[0],[1]]",1,[15],[-1],0,True
100,2,4,11,3,21245,2111334,212001637,1,3,3,"[70,9]","[-1,1]","[1,2]","[[0],[1]]",2,"[13,78]","[-1,1]",0,True
100,2,4,11,4,21245,2111334,212001638,2,2,4,"[70,9]","[-1,1]","[1,2]","[[0],[1]]",3,"[37,54,95]","[-1,-1,1]",0,True
100,2,4,11,5,21245,2111334,212001639,1,3,3,"[70,9]","[-1,1]","[1,2]","[[0],[1]]",2,"[45,71]","[1,-1]",0,True
100,2,8,11,1,21245,2111334,212002035,4,4,16,"[70,9]","[-1,1]","[1,2]","[[0],[1]]",5,"[38,40,48,72,99]","[-1,1,-1,-1,-1]",0,True
100,2,8,11,2,21245,2111334,212002036,3,5,15,"[70,9]","[-1,1]","[1,2]","[[0],[1]]",1,[78],[1],0,True
100,2,8,11,3,21245,2111334,212002037,4,4,16,"[70,9]","[-1,1]","[1,2]","[[0],[1]]",2,"[10,97]","[1,1]",0,True
100,2,8,11,4,21245,2111334,212002038,1,7,7,"[70,9]","[-1,1]","[1,2]","[[0],[1]]",2,"[26,37]","[1,-1]",0,True
100,2,8,11,5,21245,2111334,212002039,3,5,15,"[70,9]","[-1,1]","[1,2]","[[0],[1]]",1,[47],[1],0,True
10,2,2,12,1,21246,2121244,212101435,1,1,1,"[7,3]","[1,1]",[3],"[[0,1]]",1,[0],[-1],0,True
10,2,2,12,2,21246,2121244,212101436,1,1,1,"[7,3]","[1,1]",[3],"[[0,1]]",1,[8],[1],0,True
10,2,2,12,3,21246,2121244,212101437,1,1,1,"[7,3]","[1,1]",[3],"[[0,1]]",1,[0],[1],0,True
10,2,2,12,4,21246,2121244,212101438,1,1,1,"[7,3]","[1,1]",[3],"[[0,1]]",1,[6],[1],0,True
10,2,2,12,5,21246,2121244,212101439,1,1,1,"[7,3]","[1,1]",[3],"[[0,1]]",1,[3],[1],0,True
10,2,4,12,1,21246,2121244,212101635,1,3,3,"[7,3]","[1,1]",[3],"[[0,1]]",1,[3],[1],0,True
10,2,4,12,2,21246,2121244,212101636,3,1,3,"[7,3]","[1,1]",[3],"[[0,1]]",1,[3],[1],0,True
10,2,4,12,3,21246,2121244,212101637,3,1,3,"[7,3]","[1,1]",[3],"[[0,1]]",1,[6],[1],0,True
10,2,4,12,4,21246,2121244,212101638,2,2,4,"[7,3]","[1,1]",[3],"[[0,1]]",1,[7],[1],0,True
10,2,4,12,5,21246,2121244,212101639,2,2,4,"[7,3]","[1,1]",[3],"[[0,1]]",1,[7],[1],0,True
10,2,8,12,1,21246,2121244,212102035,4,4,16,"[7,3]","[1,1]",[3],"[[0,1]]",2,"[3,7]","[1,1]",0,True
10,2,8,12,2,21246,2121244,212102036,4,4,16,"[7,3]","[1,1]",[3],"[[0,1]]",1,[7],[1],0,True
10,2,8,12,3,21246,2121244,212102037,5,3,15,"[7,3]","[1,1]",[3],"[[0,1]]",3,"[0,1,3]","[-1,-1,1]",0,True
10,2,8,12,4,21246,2121244,212102038,6,2,12,"[7,3]","[1,1]",[3],"[[0,1]]",3,"[3,4,8]","[1,1,-1]",0,True
10,2,8,12,5,21246,2121244,212102039,7,1,7,"[7,3]","[1,1]",[3],"[[0,1]]",3,"[4,6,8]","[-1,-1,1]",0,True
50,2,2,12,1,21246,2121284,212501435,1,1,1,"[42,33]","[1,1]",[3],"[[0,1]]",1,[12],[1],0,True
50,2,2,12,2,21246,2121284,212501436,1,1,1,"[42,33]","[1,1]",[3],"[[0,1]]",1,[34],[-1],0,True
50,2,2,12,3,21246,2121284,212501437,1,1,1,"[42,33]","[1,1]",[3],"[[0,1]]",1,[46],[1],0,True
50,2,2,12,4,21246,2121284,212501438,1,1,1,"[42,33]","[1,1]",[3],"[[0,1]]",1,[11],[1],0,True
50,2,2,12,5,21246,2121284,212501439,1,1,1,"[42,33]","[1,1]",[3],"[[0,1]]",1,[4],[-1],0,True
50,2,4,12,1,21246,2121284,212501635,3,1,3,"[42,33]","[1,1]",[3],"[[0,1]]",2,"[24,36]","[-1,-1]",0,True
50,2,4,12,2,21246,2121284,212501636,2,2,4,"[42,33]","[1,1]",[3],"[[0,1]]",3,"[5,11,18]","[1,-1,-1]",0,True
50,2,4,12,3,21246,2121284,212501637,3,1,3,"[42,33]","[1,1]",[3],"[[0,1]]",2,"[5,25]","[-1,-1]",0,True
50,2,4,12,4,21246,2121284,212501638,2,2,4,"[42,33]","[1,1]",[3],"[[0,1]]",1,[35],[-1],0,True
50,2,4,12,5,21246,2121284,212501639,1,3,3,"[42,33]","[1,1]",[3],"[[0,1]]",1,[25],[-1],0,True
50,2,8,12,1,21246,2121284,212502035,5,3,15,"[42,33]","[1,1]",[3],"[[0,1]]",3,"[7,20,41]","[1,-1,1]",0,True
50,2,8,12,2,21246,2121284,212502036,6,2,12,"[42,33]","[1,1]",[3],"[[0,1]]",4,"[11,31,39,42]","[-1,-1,1,1]",0,True
50,2,8,12,3,21246,2121284,212502037,5,3,15,"[42,33]","[1,1]",[3],"[[0,1]]",4,"[7,8,13,46]","[1,-1,-1,-1]",0,True
50,2,8,12,4,21246,2121284,212502038,5,3,15,"[42,33]","[1,1]",[3],"[[0,1]]",3,"[12,22,25]","[-1,-1,1]",0,True
50,2,8,12,5,21246,2121284,212502039,4,4,16,"[42,33]","[1,1]",[3],"[[0,1]]",3,"[13,33,44]","[1,1,-1]",0,True
100,2,2,12,1,21246,2121334,213001435,1,1,1,"[43,53]","[1,1]",[3],"[[0,1]]",1,[68],[-1],0,True
100,2,2,12,2,21246,2121334,213001436,1,1,1,"[43,53]","[1,1]",[3],"[[0,1]]",1,[62],[1],0,True
100,2,2,12,3,21246,2121334,213001437,1,1,1,"[43,53]","[1,1]",[3],"[[0,1]]",1,[90],[-1],0,True
100,2,2,12,4,21246,2121334,213001438,1,1,1,"[43,53]","[1,1]",[3],"[[0,1]]",1,[25],[1],0,True
100,2,2,12,5,21246,2121334,213001439,1,1,1,"[43,53]","[1,1]",[3],"[[0,1]]",1,[12],[-1],0,True
100,2,4,12,1,21246,2121334,213001635,3,1,3,"[43,53]","[1,1]",[3],"[[0,1]]",2,"[4,66]","[-1,1]",0,True
100,2,4,12,2,21246,2121334,213001636,3,1,3,"[43,53]","[1,1]",[3],"[[0,1]]",2,"[56,88]","[-1,-1]",0,True
100,2,4,12,3,21246,2121334,213001637,3,1,3,"[43,53]","[1,1]",[3],"[[0,1]]",2,"[83,95]","[-1,1]",0,True
100,2,4,12,4,21246,2121334,213001638,2,2,4,"[43,53]","[1,1]",[3],"[[0,1]]",1,[93],[-1],0,True
100,2,4,12,5,21246,2121334,213001639,3,1,3,"[43,53]","[1,1]",[3],"[[0,1]]",2,"[11,65]","[-1,1]",0,True
100,2,8,12,1,21246,2121334,213002035,7,1,7,"[43,53]","[1,1]",[3],"[[0,1]]",2,"[14,17]","[-1,-1]",0,True
100,2,8,12,2,21246,2121334,213002036,4,4,16,"[43,53]","[1,1]",[3],"[[0,1]]",3,"[6,9,90]","[1,1,-1]",0,True
100,2,8,12,3,21246,2121334,213002037,7,1,7,"[43,53]","[1,1]",[3],"[[0,1]]",3,"[9,22,43]","[-1,-1,1]",0,True
100,2,8,12,4,21246,2121334,213002038,6,2,12,"[43,53]","[1,1]",[3],"[[0,1]]",4,"[7,31,72,87]","[-1,-1,1,1]",0,True
100,2,8,12,5,21246,2121334,213002039,6,2,12,"[43,53]","[1,1]",[3],"[[0,1]]",4,"[6,24,27,47]","[1,1,1,-1]",0,True
10,2,2,13,1,21247,2131244,213101435,1,1,1,"[6,4]","[-1,1]","[1,2]","[[0],[1]]",1,[9],[1],0,True
10,2,2,13,2,21247,2131244,213101436,1,1,1,"[6,4]","[-1,1]","[1,2]","[[0],[1]]",1,[8],[-1],0,True
10,2,2,13,3,21247,2131244,213101437,1,1,1,"[6,4]","[-1,1]","[1,2]","[[0],[1]]",1,[3],[-1],0,True
10,2,2,13,4,21247,2131244,213101438,1,1,1,"[6,4]","[-1,1]","[1,2]","[[0],[1]]",1,[4],[1],0,True
10,2,2,13,5,21247,2131244,213101439,1,1,1,"[6,4]","[-1,1]","[1,2]","[[0],[1]]",1,[0],[-1],0,True
10,2,4,13,1,21247,2131244,213101635,2,2,4,"[6,4]","[-1,1]","[1,2]","[[0],[1]]",2,"[6,7]","[-1,-1]",0,True
10,2,4,13,2,21247,2131244,213101636,2,2,4,"[6,4]","[-1,1]","[1,2]","[[0],[1]]",1,[2],[-1],0,True
10,2,4,13,3,21247,2131244,213101637,1,3,3,"[6,4]","[-1,1]","[1,2]","[[0],[1]]",1,[2],[-1],0,True
10,2,4,13,4,21247,2131244,213101638,2,2,4,"[6,4]","[-1,1]","[1,2]","[[0],[1]]",1,[1],[1],0,True
10,2,4,13,5,21247,2131244,213101639,2,2,4,"[6,4]","[-1,1]","[1,2]","[[0],[1]]",1,[8],[-1],0,True
10,2,8,13,1,21247,2131244,213102035,3,5,15,"[6,4]","[-1,1]","[1,2]","[[0],[1]]",2,"[3,6]","[1,-1]",0,True
10,2,8,13,2,21247,2131244,213102036,1,7,7,"[6,4]","[-1,1]","[1,2]","[[0],[1]]",2,"[0,6]","[1,-1]",0,True
10,2,8,13,3,21247,2131244,213102037,3,5,15,"[6,4]","[-1,1]","[1,2]","[[0],[1]]",2,"[6,7]","[-1,-1]",0,True
10,2,8,13,4,21247,2131244,213102038,2,6,12,"[6,4]","[-1,1]","[1,2]","[[0],[1]]",4,"[1,3,5,6]","[-1,1,-1,-1]",0,True
10,2,8,13,5,21247,2131244,213102039,3,5,15,"[6,4]","[-1,1]","[1,2]","[[0],[1]]",2,"[4,6]","[1,-1]",0,True
50,2,2,13,1,21247,2131284,213501435,1,1,1,"[4,32]","[-1,1]","[1,2]","[[0],[1]]",1,[12],[1],0,True
50,2,2,13,2,21247,2131284,213501436,1,1,1,"[4,32]","[-1,1]","[1,2]","[[0],[1]]",1,[38],[1],0,True
50,2,2,13,3,21247,2131284,213501437,1,1,1,"[4,32]","[-1,1]","[1,2]","[[0],[1]]",1,[3],[-1],0,True
50,2,2,13,4,21247,2131284,213501438,1,1,1,"[4,32]","[-1,1]","[1,2]","[[0],[1]]",1,[15],[1],0,True
50,2,2,13,5,21247,2131284,213501439,1,1,1,"[4,32]","[-1,1]","[1,2]","[[0],[1]]",1,[44],[1],0,True
50,2,4,13,1,21247,2131284,213501635,2,2,4,"[4,32]","[-1,1]","[1,2]","[[0],[1]]",1,[1],[-1],0,True
50,2,4,13,2,21247,2131284,213501636,1,3,3,"[4,32]","[-1,1]","[1,2]","[[0],[1]]",2,"[27,28]","[-1,-1]",0,True
50,2,4,13,3,21247,2131284,213501637,1,3,3,"[4,32]","[-1,1]","[1,2]","[[0],[1]]",1,[12],[1],0,True
50,2,4,13,4,21247,2131284,213501638,3,1,3,"[4,32]","[-1,1]","[1,2]","[[0],[1]]",1,[32],[1],0,True
50,2,4,13,5,21247,2131284,213501639,2,2,4,"[4,32]","[-1,1]","[1,2]","[[0],[1]]",1,[42],[-1],0,True
50,2,8,13,1,21247,2131284,213502035,1,7,7,"[4,32]","[-1,1]","[1,2]","[[0],[1]]",3,"[5,15,42]","[1,-1,-1]",0,True
50,2,8,13,2,21247,2131284,213502036,3,5,15,"[4,32]","[-1,1]","[1,2]","[[0],[1]]",2,"[8,47]","[1,1]",0,True
50,2,8,13,3,21247,2131284,213502037,1,7,7,"[4,32]","[-1,1]","[1,2]","[[0],[1]]",2,"[3,21]","[1,1]",0,True
50,2,8,13,4,21247,2131284,213502038,3,5,15,"[4,32]","[-1,1]","[1,2]","[[0],[1]]",3,"[5,11,25]","[1,1,1]",0,True
50,2,8,13,5,21247,2131284,213502039,2,6,12,"[4,32]","[-1,1]","[1,2]","[[0],[1]]",2,"[19,48]","[-1,-1]",0,True
100,2,2,13,1,21247,2131334,214001435,1,1,1,"[81,29]","[-1,1]","[1,2]","[[0],[1]]",1,[76],[1],0,True
100,2,2,13,2,21247,2131334,214001436,1,1,1,"[81,29]","[-1,1]","[1,2]","[[0],[1]]",1,[75],[1],0,True
100,2,2,13,3,21247,2131334,214001437,1,1,1,"[81,29]","[-1,1]","[1,2]","[[0],[1]]",1,[58],[-1],0,True
100,2,2,13,4,21247,2131334,214001438,1,1,1,"[81,29]","[-1,1]","[1,2]","[[0],[1]]",1,[76],[-1],0,True
100,2,2,13,5,21247,2131334,214001439,1,1,1,"[81,29]","[-1,1]","[1,2]","[[0],[1]]",1,[74],[-1],0,True
100,2,4,13,1,21247,2131334,214001635,2,2,4,"[81,29]","[-1,1]","[1,2]","[[0],[1]]",1,[89],[-1],0,True
100,2,4,13,2,21247,2131334,214001636,2,2,4,"[81,29]","[-1,1]","[1,2]","[[0],[1]]",1,[75],[-1],0,True
100,2,4,13,3,21247,2131334,214001637,1,3,3,"[81,29]","[-1,1]","[1,2]","[[0],[1]]",2,"[38,57]","[1,1]",0,True
100,2,4,13,4,21247,2131334,214001638,1,3,3,"[81,29]","[-1,1]","[1,2]","[[0],[1]]",2,"[9,75]","[1,-1]",0,True
100,2,4,13,5,21247,2131334,214001639,1,3,3,"[81,29]","[-1,1]","[1,2]","[[0],[1]]",2,"[64,77]","[-1,1]",0,True
100,2,8,13,1,21247,2131334,214002035,2,6,12,"[81,29]","[-1,1]","[1,2]","[[0],[1]]",2,"[22,55]","[1,1]",0,True
100,2,8,13,2,21247,2131334,214002036,1,7,7,"[81,29]","[-1,1]","[1,2]","[[0],[1]]",2,"[24,48]","[1,1]",0,True
100,2,8,13,3,21247,2131334,214002037,3,5,15,"[81,29]","[-1,1]","[1,2]","[[0],[1]]",1,[33],[-1],0,True
100,2,8,13,4,21247,2131334,214002038,3,5,15,"[81,29]","[-1,1]","[1,2]","[[0],[1]]",1,[21],[-1],0,True
100,2,8,13,5,21247,2131334,214002039,2,6,12,"[81,29]","[-1,1]","[1,2]","[[0],[1]]",2,"[6,69]","[-1,-1]",0,True
10,2,2,14,1,21248,2141244,214101435,1,1,1,"[7,3]","[-1,1]",[3],"[[0,1]]",1,[7],[-1],0,True
10,2,2,14,2,21248,2141244,214101436,1,1,1,"[7,3]","[-1,1]",[3],"[[0,1]]",1,[7],[-1],0,True
10,2,2,14,3,21248,2141244,214101437,1,1,1,"[7,3]","[-1,1]",[3],"[[0,1]]",1,[7],[-1],0,True
10,2,2,14,4,21248,2141244,214101438,1,1,1,"[7,3]","[-1,1]",[3],"[[0,1]]",1,[9],[-1],0,True
10,2,2,14,5,21248,2141244,214101439,1,1,1,"[7,3]","[-1,1]",[3],"[[0,1]]",1,[1],[1],0,True
10,2,4,14,1,21248,2141244,214101635,3,1,3,"[7,3]","[-1,1]",[3],"[[0,1]]",1,[3],[1],0,True
10,2,4,14,2,21248,2141244,214101636,3,1,3,"[7,3]","[-1,1]",[3],"[[0,1]]",2,"[3,4]","[1,1]",0,True
10,2,4,14,3,21248,2141244,214101637,3,1,3,"[7,3]","[-1,1]",[3],"[[0,1]]",2,"[1,5]","[-1,1]",0,True
10,2,4,14,4,21248,2141244,214101638,3,1,3,"[7,3]","[-1,1]",[3],"[[0,1]]",2,"[1,7]","[1,-1]",0,True
10,2,4,14,5,21248,2141244,214101639,2,2,4,"[7,3]","[-1,1]",[3],"[[0,1]]",1,[3],[1],0,True
10,2,8,14,1,21248,2141244,214102035,5,3,15,"[7,3]","[-1,1]",[3],"[[0,1]]",4,"[0,1,2,3]","[-1,1,1,1]",0,True
10,2,8,14,2,21248,2141244,214102036,6,2,12,"[7,3]","[-1,1]",[3],"[[0,1]]",4,"[1,2,5,6]","[-1,1,-1,1]",0,True
10,2,8,14,3,21248,2141244,214102037,6,2,12,"[7,3]","[-1,1]",[3],"[[0,1]]",2,"[2,9]","[-1,1]",0,True
10,2,8,14,4,21248,2141244,214102038,5,3,15,"[7,3]","[-1,1]",[3],"[[0,1]]",1,[1],[1],0,True
10,2,8,14,5,21248,2141244,214102039,7,1,7,"[7,3]","[-1,1]",[3],"[[0,1]]",2,"[3,8]","[1,-1]",0,True
50,2,2,14,1,21248,2141284,214501435,1,1,1,"[21,42]","[-1,1]",[3],"[[0,1]]",1,[41],[-1],0,True
50,2,2,14,2,21248,2141284,214501436,1,1,1,"[21,42]","[-1,1]",[3],"[[0,1]]",1,[30],[-1],0,True
50,2,2,14,3,21248,2141284,214501437,1,1,1,"[21,42]","[-1,1]",[3],"[[0,1]]",1,[47],[-1],0,True
50,2,2,14,4,21248,2141284,214501438,1,1,1,"[21,42]","[-1,1]",[3],"[[0,1]]",1,[15],[1],0,True
50,2,2,14,5,21248,2141284,214501439,1,1,1,"[21,42]","[-1,1]",[3],"[[0,1]]",1,[27],[1],0,True
50,2,4,14,1,21248,2141284,214501635,3,1,3,"[21,42]","[-1,1]",[3],"[[0,1]]",2,"[5,17]","[1,-1]",0,True
50,2,4,14,2,21248,2141284,214501636,3,1,3,"[21,42]","[-1,1]",[3],"[[0,1]]",1,[39],[1],0,True
50,2,4,14,3,21248,2141284,214501637,2,2,4,"[21,42]","[-1,1]",[3],"[[0,1]]",1,[0],[-1],0,True
50,2,4,14,4,21248,2141284,214501638,1,3,3,"[21,42]","[-1,1]",[3],"[[0,1]]",2,"[33,38]","[-1,1]",0,True
50,2,4,14,5,21248,2141284,214501639,2,2,4,"[21,42]","[-1,1]",[3],"[[0,1]]",1,[26],[1],0,True
50,2,8,14,1,21248,2141284,214502035,5,3,15,"[21,42]","[-1,1]",[3],"[[0,1]]",4,"[4,12,18,24]","[1,1,1,-1]",0,True
50,2,8,14,2,21248,2141284,214502036,6,2,12,"[21,42]","[-1,1]",[3],"[[0,1]]",2,"[37,39]","[1,-1]",0,True
50,2,8,14,3,21248,2141284,214502037,6,2,12,"[21,42]","[-1,1]",[3],"[[0,1]]",2,"[5,13]","[1,-1]",0,True
50,2,8,14,4,21248,2141284,214502038,5,3,15,"[21,42]","[-1,1]",[3],"[[0,1]]",3,"[5,38,45]","[1,-1,-1]",0,True
50,2,8,14,5,21248,2141284,214502039,4,4,16,"[21,42]","[-1,1]",[3],"[[0,1]]",4,"[0,16,30,44]","[1,1,-1,1]",0,True
100,2,2,14,1,21248,2141334,215001435,1,1,1,"[13,98]","[-1,1]",[3],"[[0,1]]",1,[0],[1],0,True
100,2,2,14,2,21248,2141334,215001436,1,1,1,"[13,98]","[-1,1]",[3],"[[0,1]]",1,[0],[1],0,True
100,2,2,14,3,21248,2141334,215001437,1,1,1,"[13,98]","[-1,1]",[3],"[[0,1]]",1,[45],[1],0,True
100,2,2,14,4,21248,2141334,215001438,1,1,1,"[13,98]","[-1,1]",[3],"[[0,1]]",1,[29],[1],0,True
100,2,2,14,5,21248,2141334,215001439,1,1,1,"[13,98]","[-1,1]",[3],"[[0,1]]",1,[76],[-1],0,True
100,2,4,14,1,21248,2141334,215001635,3,1,3,"[13,98]","[-1,1]",[3],"[[0,1]]",1,[14],[1],0,True
100,2,4,14,2,21248,2141334,215001636,2,2,4,"[13,98]","[-1,1]",[3],"[[0,1]]",1,[52],[1],0,True
100,2,4,14,3,21248,2141334,215001637,2,2,4,"[13,98]","[-1,1]",[3],"[[0,1]]",1,[44],[-1],0,True
100,2,4,14,4,21248,2141334,215001638,3,1,3,"[13,98]","[-1,1]",[3],"[[0,1]]",1,[33],[-1],0,True
100,2,4,14,5,21248,2141334,215001639,3,1,3,"[13,98]","[-1,1]",[3],"[[0,1]]",2,"[58,94]","[-1,-1]",0,True
100,2,8,14,1,21248,2141334,215002035,6,2,12,"[13,98]","[-1,1]",[3],"[[0,1]]",4,"[9,21,26,37]","[-1,-1,-1,1]",0,True
100,2,8,14,2,21248,2141334,215002036,7,1,7,"[13,98]","[-1,1]",[3],"[[0,1]]",2,"[38,45]","[-1,1]",0,True
100,2,8,14,3,21248,2141334,215002037,7,1,7,"[13,98]","[-1,1]",[3],"[[0,1]]",2,"[13,75]","[-1,-1]",0,True
100,2,8,14,4,21248,2141334,215002038,6,2,12,"[13,98]","[-1,1]",[3],"[[0,1]]",4,"[13,34,39,57]","[-1,-1,1,-1]",0,True
100,2,8,14,5,21248,2141334,215002039,4,4,16,"[13,98]","[-1,1]",[3],"[[0,1]]",5,"[27,34,38,73,82]","[-1,1,-1,1,1]",0,True
10,2,2,15,1,21249,2151244,215101435,1,1,1,"[0,5]","[-1,-1]",[3],"[[0,1]]",1,[5],[-1],0,True
10,2,2,15,2,21249,2151244,215101436,1,1,1,"[0,5]","[-1,-1]",[3],"[[0,1]]",1,[5],[-1],0,True
10,2,2,15,3,21249,2151244,215101437,1,1,1,"[0,5]","[-1,-1]",[3],"[[0,1]]",1,[0],[-1],0,True
10,2,2,15,4,21249,2151244,215101438,1,1,1,"[0,5]","[-1,-1]",[3],"[[0,1]]",1,[3],[-1],0,True
10,2,2,15,5,21249,2151244,215101439,1,1,1,"[0,5]","[-1,-1]",[3],"[[0,1]]",1,[9],[1],0,True
10,2,4,15,1,21249,2151244,215101635,2,2,4,"[0,5]","[-1,-1]",[3],"[[0,1]]",2,"[0,8]","[-1,-1]",0,True
10,2,4,15,2,21249,2151244,215101636,1,3,3,"[0,5]","[-1,-1]",[3],"[[0,1]]",1,[0],[-1],0,True
10,2,4,15,3,21249,2151244,215101637,3,1,3,"[0,5]","[-1,-1]",[3],"[[0,1]]",1,[4],[1],0,True
10,2,4,15,4,21249,2151244,215101638,3,1,3,"[0,5]","[-1,-1]",[3],"[[0,1]]",1,[1],[1],0,True
10,2,4,15,5,21249,2151244,215101639,3,1,3,"[0,5]","[-1,-1]",[3],"[[0,1]]",1,[0],[-1],0,True
10,2,8,15,1,21249,2151244,215102035,5,3,15,"[0,5]","[-1,-1]",[3],"[[0,1]]",1,[5],[-1],0,True
10,2,8,15,2,21249,2151244,215102036,6,2,12,"[0,5]","[-1,-1]",[3],"[[0,1]]",3,"[0,1,8]","[-1,1,1]",0,True
10,2,8,15,3,21249,2151244,215102037,6,2,12,"[0,5]","[-1,-1]",[3],"[[0,1]]",2,"[0,5]","[-1,-1]",0,True
10,2,8,15,4,21249,2151244,215102038,4,4,16,"[0,5]","[-1,-1]",[3],"[[0,1]]",2,"[0,6]","[-1,1]",0,True
10,2,8,15,5,21249,2151244,215102039,5,3,15,"[0,5]","[-1,-1]",[3],"[[0,1]]",1,[0],[-1],0,True
50,2,2,15,1,21249,2151284,215501435,1,1,1,"[0,45]","[-1,-1]",[3],"[[0,1]]",1,[20],[1],0,True
50,2,2,15,2,21249,2151284,215501436,1,1,1,"[0,45]","[-1,-1]",[3],"[[0,1]]",1,[20],[1],0,True
50,2,2,15,3,21249,2151284,215501437,1,1,1,"[0,45]","[-1,-1]",[3],"[[0,1]]",1,[30],[-1],0,True
50,2,2,15,4,21249,2151284,215501438,1,1,1,"[0,45]","[-1,-1]",[3],"[[0,1]]",1,[9],[-1],0,True
50,2,2,15,5,21249,2151284,215501439,1,1,1,"[0,45]","[-1,-1]",[3],"[[0,1]]",1,[30],[1],0,True
50,2,4,15,1,21249,2151284,215501635,2,2,4,"[0,45]","[-1,-1]",[3],"[[0,1]]",3,"[2,15,29]","[1,-1,1]",0,True
50,2,4,15,2,21249,2151284,215501636,2,2,4,"[0,45]","[-1,-1]",[3],"[[0,1]]",1,[10],[-1],0,True
50,2,4,15,3,21249,2151284,215501637,1,3,3,"[0,45]","[-1,-1]",[3],"[[0,1]]",2,"[2,13]","[-1,1]",0,True
50,2,4,15,4,21249,2151284,215501638,2,2,4,"[0,45]","[-1,-1]",[3],"[[0,1]]",1,[19],[-1],0,True
50,2,4,15,5,21249,2151284,215501639,2,2,4,"[0,45]","[-1,-1]",[3],"[[0,1]]",1,[48],[-1],0,True
50,2,8,15,1,21249,2151284,215502035,7,1,7,"[0,45]","[-1,-1]",[3],"[[0,1]]",2,"[20,22]","[1,1]",0,True
50,2,8,15,2,21249,2151284,215502036,6,2,12,"[0,45]","[-1,-1]",[3],"[[0,1]]",2,"[4,16]","[1,-1]",0,True
50,2,8,15,3,21249,2151284,215502037,7,1,7,"[0,45]","[-1,-1]",[3],"[[0,1]]",3,"[0,1,47]","[-1,1,1]",0,True
50,2,8,15,4,21249,2151284,215502038,4,4,16,"[0,45]","[-1,-1]",[3],"[[0,1]]",1,[12],[-1],0,True
50,2,8,15,5,21249,2151284,215502039,5,3,15,"[0,45]","[-1,-1]",[3],"[[0,1]]",3,"[2,7,30]","[1,1,-1]",0,True
100,2,2,15,1,21249,2151334,216001435,1,1,1,"[32,94]","[-1,-1]",[3],"[[0,1]]",1,[53],[-1],0,True
100,2,2,15,2,21249,2151334,216001436,1,1,1,"[32,94]","[-1,-1]",[3],"[[0,1]]",1,[38],[1],0,True
100,2,2,15,3,21249,2151334,216001437,1,1,1,"[32,94]","[-1,-1]",[3],"[[0,1]]",1,[12],[-1],0,True
100,2,2,15,4,21249,2151334,216001438,1,1,1,"[32,94]","[-1,-1]",[3],"[[0,1]]",1,[35],[1],0,True
100,2,2,15,5,21249,2151334,216001439,1,1,1,"[32,94]","[-1,-1]",[3],"[[0,1]]",1,[97],[1],0,True
100,2,4,15,1,21249,2151334,216001635,3,1,3,"[32,94]","[-1,-1]",[3],"[[0,1]]",2,"[45,82]","[1,1]",0,True
100,2,4,15,2,21249,2151334,216001636,3,1,3,"[32,94]","[-1,-1]",[3],"[[0,1]]",2,"[69,71]","[1,-1]",0,True
100,2,4,15,3,21249,2151334,216001637,1,3,3,"[32,94]","[-1,-1]",[3],"[[0,1]]",1,[84],[-1],0,True
100,2,4,15,4,21249,2151334,216001638,3,1,3,"[32,94]","[-1,-1]",[3],"[[0,1]]",1,[85],[-1],0,True
100,2,4,15,5,21249,2151334,216001639,3,1,3,"[32,94]","[-1,-1]",[3],"[[0,1]]",2,"[27,76]","[1,-1]",0,True
100,2,8,15,1,21249,2151334,216002035,6,2,12,"[32,94]","[-1,-1]",[3],"[[0,1]]",2,"[41,70]","[-1,-1]",0,True
100,2,8,15,2,21249,2151334,216002036,6,2,12,"[32,94]","[-1,-1]",[3],"[[0,1]]",3,"[25,70,87]","[1,-1,-1]",0,True
100,2,8,15,3,21249,2151334,216002037,6,2,12,"[32,94]","[-1,-1]",[3],"[[0,1]]",4,"[11,23,27,91]","[1,1,1,-1]",0,True
100,2,8,15,4,21249,2151334,216002038,5,3,15,"[32,94]","[-1,-1]",[3],"[[0,1]]",3,"[50,81,96]","[1,1,-1]",0,True
100,2,8,15,5,21249,2151334,216002039,6,2,12,"[32,94]","[-1,-1]",[3],"[[0,1]]",3,"[44,45,52]","[1,1,1]",0,True
10,3,4,1,1,31235,3011244,301101635,2,2,4,"[1,7,5]","[-1,1,1]","[3,5]","[[0,1],[0,2]]",1,[1],[-1],0,True
10,3,4,1,2,31235,3011244,301101636,3,1,3,"[1,7,5]","[-1,1,1]","[3,5]","[[0,1],[0,2]]",1,[2],[-1],0,True
10,3,4,1,3,31235,3011244,301101637,2,2,4,"[1,7,5]","[-1,1,1]","[3,5]","[[0,1],[0,2]]",3,"[4,5,9]","[-1,-1,-1]",0,True
10,3,4,1,4,31235,3011244,301101638,3,1,3,"[1,7,5]","[-1,1,1]","[3,5]","[[0,1],[0,2]]",2,"[0,2]","[-1,-1]",0,True
10,3,4,1,5,31235,3011244,301101639,1,3,3,"[1,7,5]","[-1,1,1]","[3,5]","[[0,1],[0,2]]",1,[2],[-1],0,True
10,3,8,1,1,31235,3011244,301102035,7,1,7,"[1,7,5]","[-1,1,1]","[3,5]","[[0,1],[0,2]]",2,"[2,8]","[1,1]",0,True
10,3,8,1,2,31235,3011244,301102036,5,3,15,"[1,7,5]","[-1,1,1]","[3,5]","[[0,1],[0,2]]",1,[1],[-1],0,True
10,3,8,1,3,31235,3011244,301102037,6,2,12,"[1,7,5]","[-1,1,1]","[3,5]","[[0,1],[0,2]]",2,"[2,9]","[1,-1]",0,True
10,3,8,1,4,31235,3011244,301102038,6,2,12,"[1,7,5]","[-1,1,1]","[3,5]","[[0,1],[0,2]]",3,"[4,5,9]","[1,1,1]",0,True
10,3,8,1,5,31235,3011244,301102039,6,2,12,"[1,7,5]","[-1,1,1]","[3,5]","[[0,1],[0,2]]",2,"[0,4]","[-1,1]",0,True
10,3,16,1,1,31235,3011244,301102835,15,1,15,"[1,7,5]","[-1,1,1]","[3,5]","[[0,1],[0,2]]",3,"[3,4,7]","[1,1,1]",0,True
10,3,16,1,2,31235,3011244,301102836,11,5,55,"[1,7,5]","[-1,1,1]","[3,5]","[[0,1],[0,2]]",2,"[1,5]","[-1,1]",0,True
10,3,16,1,3,31235,3011244,301102837,13,3,39,"[1,7,5]","[-1,1,1]","[3,5]","[[0,1],[0,2]]",3,"[1,6,9]","[-1,-1,-1]",0,True
10,3,16,1,4,31235,3011244,301102838,11,5,55,"[1,7,5]","[-1,1,1]","[3,5]","[[0,1],[0,2]]",1,[1],[-1],0,True
10,3,16,1,5,31235,3011244,301102839,8,8,64,"[1,7,5]","[-1,1,1]","[3,5]","[[0,1],[0,2]]",5,"[1,2,6,7,9]","[-1,-1,-1,1,1]",0,True
50,3,4,1,1,31235,3011284,301501635,2,2,4,"[17,39,41]","[-1,1,1]","[3,5]","[[0,1],[0,2]]",3,"[2,11,31]","[-1,-1,-1]",0,True
50,3,4,1,2,31235,3011284,301501636,2,2,4,"[17,39,41]","[-1,1,1]","[3,5]","[[0,1],[0,2]]",1,[19],[1],0,True
50,3,4,1,3,31235,3011284,301501637,2,2,4,"[17,39,41]","[-1,1,1]","[3,5]","[[0,1],[0,2]]",1,[45],[1],0,True
50,3,4,1,4,31235,3011284,301501638,3,1,3,"[17,39,41]","[-1,1,1]","[3,5]","[[0,1],[0,2]]",2,"[9,24]","[1,-1]",0,True
50,3,4,1,5,31235,3011284,301501639,2,2,4,"[17,39,41]","[-1,1,1]","[3,5]","[[0,1],[0,2]]",2,"[11,32]","[1,-1]",0,True
50,3,8,1,1,31235,3011284,301502035,6,2,12,"[17,39,41]","[-1,1,1]","[3,5]","[[0,1],[0,2]]",3,"[22,23,41]","[-1,1,-1]",0,True
50,3,8,1,2,31235,3011284,301502036,7,1,7,"[17,39,41]","[-1,1,1]","[3,5]","[[0,1],[0,2]]",3,"[11,22,44]","[1,-1,1]",0,True
50,3,8,1,3,31235,3011284,301502037,5,3,15,"[17,39,41]","[-1,1,1]","[3,5]","[[0,1],[0,2]]",2,"[24,26]","[-1,1]",0,True
50,3,8,1,4,31235,3011284,301502038,7,1,7,"[17,39,41]","[-1,1,1]","[3,5]","[[0,1],[0,2]]",3,"[10,30,41]","[1,1,-1]",0,True
50,3,8,1,5,31235,3011284,301502039,7,1,7,"[17,39,41]","[-1,1,1]","[3,5]","[[0,1],[0,2]]",2,"[10,11]","[1,1]",0,True
50,3,16,1,1,31235,3011284,301502835,12,4,48,"[17,39,41]","[-1,1,1]","[3,5]","[[0,1],[0,2]]",4,"[14,28,29,46]","[-1,1,-1,-1]",0,True
50,3,16,1,2,31235,3011284,301502836,11,5,55,"[17,39,41]","[-1,1,1]","[3,5]","[[0,1],[0,2]]",2,"[1,17]","[1,-1]",0,True
50,3,16,1,3,31235,3011284,301502837,12,4,48,"[17,39,41]","[-1,1,1]","[3,5]","[[0,1],[0,2]]",6,"[5,11,28,29,42,49]","[-1,1,-1,1,1,1]",0,True
50,3,16,1,4,31235,3011284,301502838,10,6,60,"[17,39,41]","[-1,1,1]","[3,5]","[[0,1],[0,2]]",6,"[13,18,26,33,34,40]","[-1,-1,1,-1,-1,-1]",0,True
50,3,16,1,5,31235,3011284,301502839,10,6,60,"[17,39,41]","[-1,1,1]","[3,5]","[[0,1],[0,2]]",6,"[16,19,21,34,42,47]","[1,-1,-1,1,-1,-1]",0,True
100,3,4,1,1,31235,3011334,302001635,2,2,4,"[58,45,86]","[-1,1,1]","[3,5]","[[0,1],[0,2]]",1,[30],[1],0,True
100,3,4,1,2,31235,3011334,302001636,1,3,3,"[58,45,86]","[-1,1,1]","[3,5]","[[0,1],[0,2]]",1,[35],[-1],0,True
100,3,4,1,3,31235,3011334,302001637,3,1,3,"[58,45,86]","[-1,1,1]","[3,5]","[[0,1],[0,2]]",2,"[22,45]","[1,1]",0,True
100,3,4,1,4,31235,3011334,302001638,3,1,3,"[58,45,86]","[-1,1,1]","[3,5]","[[0,1],[0,2]]",2,"[37,81]","[1,1]",0,True
100,3,4,1,5,31235,3011334,302001639,2,2,4,"[58,45,86]","[-1,1,1]","[3,5]","[[0,1],[0,2]]",1,[98],[-1],0,True
100,3,8,1,1,31235,3011334,302002035,2,6,12,"[58,45,86]","[-1,1,1]","[3,5]","[[0,1],[0,2]]",1,[58],[-1],0,True
100,3,8,1,2,31235,3011334,302002036,5,3,15,"[58,45,86]","[-1,1,1]","[3,5]","[[0,1],[0,2]]",4,"[9,15,56,85]","[1,-1,-1,-1]",0,True
100,3,8,1,3,31235,3011334,302002037,4,4,16,"[58,45,86]","[-1,1,1]","[3,5]","[[0,1],[0,2]]",3,"[22,39,59]","[-1,-1,1]",0,True
100,3,8,1,4,31235,3011334,302002038,3,5,15,"[58,45,86]","[-1,1,1]","[3,5]","[[0,1],[0,2]]",1,[58],[-1],0,True
100,3,8,1,5,31235,3011334,302002039,4,4,16,"[58,45,86]","[-1,1,1]","[3,5]","[[0,1],[0,2]]",3,"[41,49,78]","[-1,-1,-1]",0,True
100,3,16,1,1,31235,3011334,302002835,11,5,55,"[58,45,86]","[-1,1,1]","[3,5]","[[0,1],[0,2]]",4,"[25,28,42,53]","[-1,1,-1,1]",0,True
100,3,16,1,2,31235,3011334,302002836,10,6,60,"[58,45,86]","[-1,1,1]","[3,5]","[[0,1],[0,2]]",3,"[64,81,92]","[-1,1,-1]",0,True
100,3,16,1,3,31235,3011334,302002837,14,2,28,"[58,45,86]","[-1,1,1]","[3,5]","[[0,1],[0,2]]",2,"[49,73]","[-1,-1]",0,True
100,3,16,1,4,31235,3011334,302002838,12,4,48,"[58,45,86]","[-1,1,1]","[3,5]","[[0,1],[0,2]]",5,"[12,15,63,83,88]","[1,1,1,-1,1]",0,True
100,3,16,1,5,31235,3011334,302002839,14,2,28,"[58,45,86]","[-1,1,1]","[3,5]","[[0,1],[0,2]]",5,"[4,18,40,46,52]","[1,1,1,-1,1]",0,True
10,3,4,2,1,31236,3021244,302101635,1,3,3,"[2,9,4]","[1,-1,1]","[1,2,4]","[[0],[1],[2]]",1,[5],[-1],0,True
10,3,4,2,2,31236,3021244,302101636,1,3,3,"[2,9,4]","[1,-1,1]","[1,2,4]","[[0],[1],[2]]",2,"[0,4]","[1,1]",0,True
10,3,4,2,3,31236,3021244,302101637,1,3,3,"[2,9,4]","[1,-1,1]","[1,2,4]","[[0],[1],[2]]",1,[5],[1],0,True
10,3,4,2,4,31236,3021244,302101638,1,3,3,"[2,9,4]","[1,-1,1]","[1,2,4]","[[0],[1],[2]]",2,"[4,7]","[1,-1]",0,True
10,3,4,2,5,31236,3021244,302101639,1,3,3,"[2,9,4]","[1,-1,1]","[1,2,4]","[[0],[1],[2]]",1,[2],[1],0,True
10,3,8,2,1,31236,3021244,302102035,1,7,7,"[2,9,4]","[1,-1,1]","[1,2,4]","[[0],[1],[2]]",3,"[2,5,8]","[1,1,1]",0,True
10,3,8,2,2,31236,3021244,302102036,2,6,12,"[2,9,4]","[1,-1,1]","[1,2,4]","[[0],[1],[2]]",3,"[1,7,8]","[-1,1,1]",0,True
10,3,8,2,3,31236,3021244,302102037,2,6,12,"[2,9,4]","[1,-1,1]","[1,2,4]","[[0],[1],[2]]",1,[9],[-1],0,True
10,3,8,2,4,31236,3021244,302102038,3,5,15,"[2,9,4]","[1,-1,1]","[1,2,4]","[[0],[1],[2]]",4,"[1,2,3,7]","[1,1,-1,-1]",0,True
10,3,8,2,5,31236,3021244,302102039,2,6,12,"[2,9,4]","[1,-1,1]","[1,2,4]","[[0],[1],[2]]",3,"[3,7,9]","[-1,-1,-1]",0,True
10,3,16,2,1,31236,3021244,302102835,1,15,15,"[2,9,4]","[1,-1,1]","[1,2,4]","[[0],[1],[2]]",3,"[4,5,9]","[1,-1,-1]",0,True
10,3,16,2,2,31236,3021244,302102836,1,15,15,"[2,9,4]","[1,-1,1]","[1,2,4]","[[0],[1],[2]]",2,"[4,8]","[1,-1]",0,True
10,3,16,2,3,31236,3021244,302102837,1,15,15,"[2,9,4]","[1,-1,1]","[1,2,4]","[[0],[1],[2]]",3,"[2,7,9]","[1,-1,-1]",0,True
10,3,16,2,4,31236,3021244,302102838,2,14,28,"[2,9,4]","[1,-1,1]","[1,2,4]","[[0],[1],[2]]",2,"[4,9]","[1,-1]",0,True
10,3,16,2,5,31236,3021244,302102839,3,13,39,"[2,9,4]","[1,-1,1]","[1,2,4]","[[0],[1],[2]]",4,"[2,5,6,9]","[1,1,1,-1]",0,True
50,3,4,2,1,31236,3021284,302501635,1,3,3,"[46,37,26]","[1,-1,1]","[1,2,4]","[[0],[1],[2]]",1,[19],[1],0,True
50,3,4,2,2,31236,3021284,302501636,2,2,4,"[46,37,26]","[1,-1,1]","[1,2,4]","[[0],[1],[2]]",1,[44],[1],0,True
50,3,4,2,3,31236,3021284,302501637,1,3,3,"[46,37,26]","[1,-1,1]","[1,2,4]","[[0],[1],[2]]",2,"[16,38]","[1,-1]",0,True
50,3,4,2,4,31236,3021284,302501638,1,3,3,"[46,37,26]","[1,-1,1]","[1,2,4]","[[0],[1],[2]]",2,"[26,30]","[1,1]",0,True
50,3,4,2,5,31236,3021284,302501639,2,2,4,"[46,37,26]","[1,-1,1]","[1,2,4]","[[0],[1],[2]]",2,"[19,42]","[-1,-1]",0,True
50,3,8,2,1,31236,3021284,302502035,2,6,12,"[46,37,26]","[1,-1,1]","[1,2,4]","[[0],[1],[2]]",2,"[6,21]","[1,1]",0,True
50,3,8,2,2,31236,3021284,302502036,2,6,12,"[46,37,26]","[1,-1,1]","[1,2,4]","[[0],[1],[2]]",3,"[8,22,40]","[-1,-1,1]",0,True
50,3,8,2,3,31236,3021284,302502037,1,7,7,"[46,37,26]","[1,-1,1]","[1,2,4]","[[0],[1],[2]]",3,"[24,25,26]","[-1,1,1]",0,True
50,3,8,2,4,31236,3021284,302502038,1,7,7,"[46,37,26]","[1,-1,1]","[1,2,4]","[[0],[1],[2]]",2,"[37,43]","[-1,1]",0,True
50,3,8,2,5,31236,3021284,302502039,1,7,7,"[46,37,26]","[1,-1,1]","[1,2,4]","[[0],[1],[2]]",2,"[3,20]","[-1,-1]",0,True
50,3,16,2,1,31236,3021284,302502835,3,13,39,"[46,37,26]","[1,-1,1]","[1,2,4]","[[0],[1],[2]]",5,"[1,10,23,24,25]","[-1,-1,1,1,-1]",0,True
50,3,16,2,2,31236,3021284,302502836,3,13,39,"[46,37,26]","[1,-1,1]","[1,2,4]","[[0],[1],[2]]",4,"[18,23,26,33]","[-1,1,1,1]",0,True
50,3,16,2,3,31236,3021284,302502837,4,12,48,"[46,37,26]","[1,-1,1]","[1,2,4]","[[0],[1],[2]]",6,"[7,13,15,40,46,48]","[1,1,-1,-1,1,1]",0,True
50,3,16,2,4,31236,3021284,302502838,1,15,15,"[46,37,26]","[1,-1,1]","[1,2,4]","[[0],[1],[2]]",3,"[18,26,45]","[-1,1,-1]",0,True
50,3,16,2,5,31236,3021284,302502839,3,13,39,"[46,37,26]","[1,-1,1]","[1,2,4]","[[0],[1],[2]]",3,"[37,42,47]","[-1,-1,-1]",0,True
100,3,4,2,1,31236,3021334,303001635,1,3,3,"[84,26,53]","[1,-1,1]","[1,2,4]","[[0],[1],[2]]",1,[43],[1],0,True
100,3,4,2,2,31236,3021334,303001636,1,3,3,"[84,26,53]","[1,-1,1]","[1,2,4]","[[0],[1],[2]]",2,"[11,99]","[1,1]",0,True
100,3,4,2,3,31236,3021334,303001637,1,3,3,"[84,26,53]","[1,-1,1]","[1,2,4]","[[0],[1],[2]]",1,[46],[1],0,True
100,3,4,2,4,31236,3021334,303001638,1,3,3,"[84,26,53]","[1,-1,1]","[1,2,4]","[[0],[1],[2]]",1,[70],[-1],0,True
100,3,4,2,5,31236,3021334,303001639,1,3,3,"[84,26,53]","[1,-1,1]","[1,2,4]","[[0],[1],[2]]",1,[92],[-1],0,True
100,3,8,2,1,31236,3021334,303002035,1,7,7,"[84,26,53]","[1,-1,1]","[1,2,4]","[[0],[1],[2]]",2,"[31,90]","[-1,1]",0,True
100,3,8,2,2,31236,3021334,303002036,1,7,7,"[84,26,53]","[1,-1,1]","[1,2,4]","[[0],[1],[2]]",2,"[7,31]","[1,1]",0,True
100,3,8,2,3,31236,3021334,303002037,1,7,7,"[84,26,53]","[1,-1,1]","[1,2,4]","[[0],[1],[2]]",3,"[18,44,50]","[1,1,-1]",0,True
100,3,8,2,4,31236,3021334,303002038,1,7,7,"[84,26,53]","[1,-1,1]","[1,2,4]","[[0],[1],[2]]",3,"[12,69,89]","[1,1,1]",0,True
100,3,8,2,5,31236,3021334,303002039,3,5,15,"[84,26,53]","[1,-1,1]","[1,2,4]","[[0],[1],[2]]",4,"[1,48,68,90]","[1,1,1,1]",0,True
100,3,16,2,1,31236,3021334,303002835,4,12,48,"[84,26,53]","[1,-1,1]","[1,2,4]","[[0],[1],[2]]",6,"[39,51,57,59,69,75]","[-1,1,-1,1,1,1]",0,True
100,3,16,2,2,31236,3021334,303002836,2,14,28,"[84,26,53]","[1,-1,1]","[1,2,4]","[[0],[1],[2]]",2,"[37,65]","[1,-1]",0,True
100,3,16,2,3,31236,3021334,303002837,2,14,28,"[84,26,53]","[1,-1,1]","[1,2,4]","[[0],[1],[2]]",3,"[65,66,76]","[1,-1,1]",0,True
100,3,16,2,4,31236,3021334,303002838,1,15,15,"[84,26,53]","[1,-1,1]","[1,2,4]","[[0],[1],[2]]",3,"[85,86,88]","[-1,-1,1]",0,True
100,3,16,2,5,31236,3021334,303002839,3,13,39,"[84,26,53]","[1,-1,1]","[1,2,4]","[[0],[1],[2]]",3,"[42,56,65]","[-1,1,-1]",0,True
10,3,4,3,1,31237,3031244,303101635,2,2,4,"[7,3,8]","[1,1,1]","[3,6]","[[0,1],[1,2]]",1,[3],[1],0,True
10,3,4,3,2,31237,3031244,303101636,3,1,3,"[7,3,8]","[1,1,1]","[3,6]","[[0,1],[1,2]]",1,[5],[-1],0,True
10,3,4,3,3,31237,3031244,303101637,3,1,3,"[7,3,8]","[1,1,1]","[3,6]","[[0,1],[1,2]]",1,[5],[-1],0,True
10,3,4,3,4,31237,3031244,303101638,2,2,4,"[7,3,8]","[1,1,1]","[3,6]","[[0,1],[1,2]]",2,"[2,6]","[-1,1]",0,True
10,3,4,3,5,31237,3031244,303101639,1,3,3,"[7,3,8]","[1,1,1]","[3,6]","[[0,1],[1,2]]",2,"[1,7]","[1,1]",0,True
10,3,8,3,1,31237,3031244,303102035,5,3,15,"[7,3,8]","[1,1,1]","[3,6]","[[0,1],[1,2]]",2,"[3,8]","[1,1]",0,True
10,3,8,3,2,31237,3031244,303102036,5,3,15,"[7,3,8]","[1,1,1]","[3,6]","[[0,1],[1,2]]",2,"[1,8]","[1,1]",0,True
10,3,8,3,3,31237,3031244,303102037,4,4,16,"[7,3,8]","[1,1,1]","[3,6]","[[0,1],[1,2]]",3,"[3,5,8]","[1,-1,1]",0,True
10,3,8,3,4,31237,3031244,303102038,5,3,15,"[7,3,8]","[1,1,1]","[3,6]","[[0,1],[1,2]]",1,[3],[1],0,True
10,3,8,3,5,31237,3031244,303102039,3,5,15,"[7,3,8]","[1,1,1]","[3,6]","[[0,1],[1,2]]",4,"[2,4,5,8]","[1,-1,-1,-1]",0,True
10,3,16,3,1,31237,3031244,303102835,13,3,39,"[7,3,8]","[1,1,1]","[3,6]","[[0,1],[1,2]]",3,"[3,4,8]","[1,1,1]",0,True
10,3,16,3,2,31237,3031244,303102836,10,6,60,"[7,3,8]","[1,1,1]","[3,6]","[[0,1],[1,2]]",4,"[1,3,4,8]","[1,1,1,1]",0,True
10,3,16,3,3,31237,3031244,303102837,11,5,55,"[7,3,8]","[1,1,1]","[3,6]","[[0,1],[1,2]]",2,"[3,7]","[1,1]",0,True
10,3,16,3,4,31237,3031244,303102838,12,4,48,"[7,3,8]","[1,1,1]","[3,6]","[[0,1],[1,2]]",2,"[3,7]","[1,1]",0,True
10,3,16,3,5,31237,3031244,303102839,11,5,55,"[7,3,8]","[1,1,1]","[3,6]","[[0,1],[1,2]]",1,[3],[1],0,True
50,3,4,3,1,31237,3031284,303501635,3,1,3,"[9,26,10]","[1,1,1]","[3,6]","[[0,1],[1,2]]",1,[26],[1],0,True
50,3,4,3,2,31237,3031284,303501636,2,2,4,"[9,26,10]","[1,1,1]","[3,6]","[[0,1],[1,2]]",1,[11],[1],0,True
50,3,4,3,3,31237,3031284,303501637,1,3,3,"[9,26,10]","[1,1,1]","[3,6]","[[0,1],[1,2]]",1,[24],[1],0,True
50,3,4,3,4,31237,3031284,303501638,2,2,4,"[9,26,10]","[1,1,1]","[3,6]","[[0,1],[1,2]]",1,[9],[1],0,True
50,3,4,3,5,31237,3031284,303501639,1,3,3,"[9,26,10]","[1,1,1]","[3,6]","[[0,1],[1,2]]",1,[26],[1],0,True
50,3,8,3,1,31237,3031284,303502035,4,4,16,"[9,26,10]","[1,1,1]","[3,6]","[[0,1],[1,2]]",4,"[9,20,38,47]","[1,1,1,1]",0,True
50,3,8,3,2,31237,3031284,303502036,7,1,7,"[9,26,10]","[1,1,1]","[3,6]","[[0,1],[1,2]]",2,"[5,31]","[-1,-1]",0,True
50,3,8,3,3,31237,3031284,303502037,4,4,16,"[9,26,10]","[1,1,1]","[3,6]","[[0,1],[1,2]]",3,"[12,13,26]","[1,-1,1]",0,True
50,3,8,3,4,31237,3031284,303502038,6,2,12,"[9,26,10]","[1,1,1]","[3,6]","[[0,1],[1,2]]",2,"[18,44]","[-1,1]",0,True
50,3,8,3,5,31237,3031284,303502039,3,5,15,"[9,26,10]","[1,1,1]","[3,6]","[[0,1],[1,2]]",4,"[3,22,33,47]","[1,1,1,1]",0,True
50,3,16,3,1,31237,3031284,303502835,10,6,60,"[9,26,10]","[1,1,1]","[3,6]","[[0,1],[1,2]]",6,"[9,25,27,32,37,39]","[-1,-1,1,1,1,-1]",0,True
50,3,16,3,2,31237,3031284,303502836,5,11,55,"[9,26,10]","[1,1,1]","[3,6]","[[0,1],[1,2]]",4,"[5,11,26,45]","[-1,-1,1,1]",0,True
50,3,16,3,3,31237,3031284,303502837,4,12,48,"[9,26,10]","[1,1,1]","[3,6]","[[0,1],[1,2]]",5,"[6,19,25,36,45]","[1,-1,1,1,1]",0,True
50,3,16,3,4,31237,3031284,303502838,6,10,60,"[9,26,10]","[1,1,1]","[3,6]","[[0,1],[1,2]]",4,"[2,21,27,35]","[1,-1,1,1]",0,True
50,3,16,3,5,31237,3031284,303502839,6,10,60,"[9,26,10]","[1,1,1]","[3,6]","[[0,1],[1,2]]",5,"[36,40,42,44,47]","[1,1,-1,-1,1]",0,True
100,3,4,3,1,31237,3031334,304001635,3,1,3,"[98,31,27]","[1,1,1]","[3,6]","[[0,1],[1,2]]",2,"[1,52]","[1,-1]",0,True
100,3,4,3,2,31237,3031334,304001636,3,1,3,"[98,31,27]","[1,1,1]","[3,6]","[[0,1],[1,2]]",1,[54],[1],0,True
100,3,4,3,3,31237,3031334,304001637,3,1,3,"[98,31,27]","[1,1,1]","[3,6]","[[0,1],[1,2]]",2,"[48,49]","[-1,1]",0,True
100,3,4,3,4,31237,3031334,304001638,3,1,3,"[98,31,27]","[1,1,1]","[3,6]","[[0,1],[1,2]]",3,"[18,20,41]","[1,-1,1]",0,True
100,3,4,3,5,31237,3031334,304001639,3,1,3,"[98,31,27]","[1,1,1]","[3,6]","[[0,1],[1,2]]",1,[49],[-1],0,True
100,3,8,3,1,31237,3031334,304002035,4,4,16,"[98,31,27]","[1,1,1]","[3,6]","[[0,1],[1,2]]",5,"[6,11,18,54,78]","[-1,1,1,1,-1]",0,True
100,3,8,3,2,31237,3031334,304002036,5,3,15,"[98,31,27]","[1,1,1]","[3,6]","[[0,1],[1,2]]",4,"[22,30,57,71]","[-1,1,1,-1]",0,True
100,3,8,3,3,31237,3031334,304002037,5,3,15,"[98,31,27]","[1,1,1]","[3,6]","[[0,1],[1,2]]",4,"[30,36,47,50]","[-1,1,-1,1]",0,True
100,3,8,3,4,31237,3031334,304002038,4,4,16,"[98,31,27]","[1,1,1]","[3,6]","[[0,1],[1,2]]",2,"[91,99]","[-1,1]",0,True
100,3,8,3,5,31237,3031334,304002039,3,5,15,"[98,31,27]","[1,1,1]","[3,6]","[[0,1],[1,2]]",3,"[26,34,51]","[-1,1,1]",0,True
100,3,16,3,1,31237,3031334,304002835,9,7,63,"[98,31,27]","[1,1,1]","[3,6]","[[0,1],[1,2]]",5,"[26,57,66,84,96]","[1,1,1,-1,-1]",0,True
100,3,16,3,2,31237,3031334,304002836,14,2,28,"[98,31,27]","[1,1,1]","[3,6]","[[0,1],[1,2]]",3,"[15,18,39]","[-1,-1,1]",0,True
100,3,16,3,3,31237,3031334,304002837,10,6,60,"[98,31,27]","[1,1,1]","[3,6]","[[0,1],[1,2]]",5,"[1,16,25,73,89]","[-1,-1,1,1,1]",0,True
100,3,16,3,4,31237,3031334,304002838,10,6,60,"[98,31,27]","[1,1,1]","[3,6]","[[0,1],[1,2]]",6,"[7,26,35,47,65,98]","[1,1,1,1,1,1]",0,True
100,3,16,3,5,31237,3031334,304002839,10,6,60,"[98,31,27]","[1,1,1]","[3,6]","[[0,1],[1,2]]",5,"[43,55,56,83,99]","[1,1,-1,1,-1]",0,True
10,3,4,4,1,31238,3041244,304101635,2,2,4,"[3,4,2]","[1,1,1]","[3,5]","[[0,1],[0,2]]",1,[1],[1],0,True
10,3,4,4,2,31238,3041244,304101636,1,3,3,"[3,4,2]","[1,1,1]","[3,5]","[[0,1],[0,2]]",2,"[5,8]","[-1,1]",0,True
10,3,4,4,3,31238,3041244,304101637,3,1,3,"[3,4,2]","[1,1,1]","[3,5]","[[0,1],[0,2]]",2,"[2,3]","[1,1]",0,True
10,3,4,4,4,31238,3041244,304101638,2,2,4,"[3,4,2]","[1,1,1]","[3,5]","[[0,1],[0,2]]",1,[3],[1],0,True
10,3,4,4,5,31238,3041244,304101639,2,2,4,"[3,4,2]","[1,1,1]","[3,5]","[[0,1],[0,2]]",1,[1],[-1],0,True
10,3,8,4,1,31238,3041244,304102035,4,4,16,"[3,4,2]","[1,1,1]","[3,5]","[[0,1],[0,2]]",1,[3],[1],0,True
10,3,8,4,2,31238,3041244,304102036,5,3,15,"[3,4,2]","[1,1,1]","[3,5]","[[0,1],[0,2]]",1,[3],[1],0,True
10,3,8,4,3,31238,3041244,304102037,6,2,12,"[3,4,2]","[1,1,1]","[3,5]","[[0,1],[0,2]]",2,"[2,9]","[1,1]",0,True
10,3,8,4,4,31238,3041244,304102038,2,6,12,"[3,4,2]","[1,1,1]","[3,5]","[[0,1],[0,2]]",2,"[4,6]","[1,-1]",0,True
10,3,8,4,5,31238,3041244,304102039,6,2,12,"[3,4,2]","[1,1,1]","[3,5]","[[0,1],[0,2]]",2,"[3,4]","[1,1]",0,True
10,3,16,4,1,31238,3041244,304102835,9,7,63,"[3,4,2]","[1,1,1]","[3,5]","[[0,1],[0,2]]",3,"[2,3,4]","[1,1,1]",0,True
10,3,16,4,2,31238,3041244,304102836,9,7,63,"[3,4,2]","[1,1,1]","[3,5]","[[0,1],[0,2]]",3,"[3,4,5]","[1,1,1]",0,True
10,3,16,4,3,31238,3041244,304102837,11,5,55,"[3,4,2]","[1,1,1]","[3,5]","[[0,1],[0,2]]",3,"[2,3,7]","[1,1,-1]",0,True
10,3,16,4,4,31238,3041244,304102838,6,10,60,"[3,4,2]","[1,1,1]","[3,5]","[[0,1],[0,2]]",3,"[3,7,9]","[1,1,-1]",0,True
10,3,16,4,5,31238,3041244,304102839,9,7,63,"[3,4,2]","[1,1,1]","[3,5]","[[0,1],[0,2]]",3,"[2,3,4]","[1,1,1]",0,True
50,3,4,4,1,31238,3041284,304501635,3,1,3,"[26,10,46]","[1,1,1]","[3,5]","[[0,1],[0,2]]",2,"[14,47]","[1,-1]",0,True
50,3,4,4,2,31238,3041284,304501636,3,1,3,"[26,10,46]","[1,1,1]","[3,5]","[[0,1],[0,2]]",1,[1],[1],0,True
50,3,4,4,3,31238,3041284,304501637,2,2,4,"[26,10,46]","[1,1,1]","[3,5]","[[0,1],[0,2]]",2,"[14,32]","[1,-1]",0,True
50,3,4,4,4,31238,3041284,304501638,1,3,3,"[26,10,46]","[1,1,1]","[3,5]","[[0,1],[0,2]]",2,"[5,14]","[1,1]",0,True
50,3,4,4,5,31238,3041284,304501639,3,1,3,"[26,10,46]","[1,1,1]","[3,5]","[[0,1],[0,2]]",2,"[0,38]","[-1,1]",0,True
50,3,8,4,1,31238,3041284,304502035,6,2,12,"[26,10,46]","[1,1,1]","[3,5]","[[0,1],[0,2]]",4,"[12,21,37,49]","[1,1,-1,-1]",0,True
50,3,8,4,2,31238,3041284,304502036,3,5,15,"[26,10,46]","[1,1,1]","[3,5]","[[0,1],[0,2]]",4,"[7,33,37,44]","[-1,1,1,1]",0,True
50,3,8,4,3,31238,3041284,304502037,4,4,16,"[26,10,46]","[1,1,1]","[3,5]","[[0,1],[0,2]]",3,"[1,3,19]","[-1,-1,-1]",0,True
50,3,8,4,4,31238,3041284,304502038,6,2,12,"[26,10,46]","[1,1,1]","[3,5]","[[0,1],[0,2]]",2,"[26,46]","[1,1]",0,True
50,3,8,4,5,31238,3041284,304502039,6,2,12,"[26,10,46]","[1,1,1]","[3,5]","[[0,1],[0,2]]",3,"[7,19,47]","[-1,1,-1]",0,True
50,3,16,4,1,31238,3041284,304502835,10,6,60,"[26,10,46]","[1,1,1]","[3,5]","[[0,1],[0,2]]",4,"[10,33,46,49]","[1,-1,1,-1]",0,True
50,3,16,4,2,31238,3041284,304502836,13,3,39,"[26,10,46]","[1,1,1]","[3,5]","[[0,1],[0,2]]",4,"[3,21,39,40]","[-1,1,1,1]",0,True
50,3,16,4,3,31238,3041284,304502837,9,7,63,"[26,10,46]","[1,1,1]","[3,5]","[[0,1],[0,2]]",6,"[10,16,30,39,41,44]","[-1,-1,-1,-1,1,1]",0,True
50,3,16,4,4,31238,3041284,304502838,10,6,60,"[26,10,46]","[1,1,1]","[3,5]","[[0,1],[0,2]]",5,"[5,7,8,28,29]","[-1,-1,1,-1,1]",0,True
50,3,16,4,5,31238,3041284,304502839,14,2,28,"[26,10,46]","[1,1,1]","[3,5]","[[0,1],[0,2]]",4,"[23,31,40,44]","[1,-1,-1,1]",0,True
100,3,4,4,1,31238,3041334,305001635,3,1,3,"[23,24,89]","[1,1,1]","[3,5]","[[0,1],[0,2]]",1,[96],[1],0,True
100,3,4,4,2,31238,3041334,305001636,2,2,4,"[23,24,89]","[1,1,1]","[3,5]","[[0,1],[0,2]]",1,[62],[-1],0,True
100,3,4,4,3,31238,3041334,305001637,2,2,4,"[23,24,89]","[1,1,1]","[3,5]","[[0,1],[0,2]]",1,[13],[1],0,True
100,3,4,4,4,31238,3041334,305001638,2,2,4,"[23,24,89]","[1,1,1]","[3,5]","[[0,1],[0,2]]",2,"[8,61]","[-1,-1]",0,True
100,3,4,4,5,31238,3041334,305001639,1,3,3,"[23,24,89]","[1,1,1]","[3,5]","[[0,1],[0,2]]",1,[83],[-1],0,True
100,3,8,4,1,31238,3041334,305002035,5,3,15,"[23,24,89]","[1,1,1]","[3,5]","[[0,1],[0,2]]",2,"[24,27]","[1,1]",0,True
100,3,8,4,2,31238,3041334,305002036,6,2,12,"[23,24,89]","[1,1,1]","[3,5]","[[0,1],[0,2]]",3,"[46,79,94]","[1,1,-1]",0,True
100,3,8,4,3,31238,3041334,305002037,7,1,7,"[23,24,89]","[1,1,1]","[3,5]","[[0,1],[0,2]]",1,[23],[1],0,True
100,3,8,4,4,31238,3041334,305002038,4,4,16,"[23,24,89]","[1,1,1]","[3,5]","[[0,1],[0,2]]",3,"[2,50,52]","[-1,-1,1]",0,True
100,3,8,4,5,31238,3041334,305002039,4,4,16,"[23,24,89]","[1,1,1]","[3,5]","[[0,1],[0,2]]",4,"[6,22,45,86]","[1,-1,1,1]",0,True
100,3,16,4,1,31238,3041334,305002835,10,6,60,"[23,24,89]","[1,1,1]","[3,5]","[[0,1],[0,2]]",6,"[3,23,44,58,65,86]","[-1,1,1,-1,-1,-1]",0,True
100,3,16,4,2,31238,3041334,305002836,14,2,28,"[23,24,89]","[1,1,1]","[3,5]","[[0,1],[0,2]]",4,"[45,62,78,92]","[1,-1,1,-1]",0,True
100,3,16,4,3,31238,3041334,305002837,8,8,64,"[23,24,89]","[1,1,1]","[3,5]","[[0,1],[0,2]]",5,"[29,31,36,50,76]","[-1,-1,-1,-1,1]",0,True
100,3,16,4,4,31238,3041334,305002838,11,5,55,"[23,24,89]","[1,1,1]","[3,5]","[[0,1],[0,2]]",6,"[34,45,48,56,79,86]","[1,-1,1,1,-1,-1]",0,True
100,3,16,4,5,31238,3041334,305002839,9,7,63,"[23,24,89]","[1,1,1]","[3,5]","[[0,1],[0,2]]",4,"[23,69,70,75]","[1,-1,1,-1]",0,True
10,3,4,5,1,31239,3051244,305101635,2,2,4,"[4,3,9]","[1,-1,1]","[2,5]","[[1],[0,2]]",1,[8],[-1],0,True
10,3,4,5,2,31239,3051244,305101636,2,2,4,"[4,3,9]","[1,-1,1]","[2,5]","[[1],[0,2]]",2,"[0,5]","[1,1]",0,True
10,3,4,5,3,31239,3051244,305101637,1,3,3,"[4,3,9]","[1,-1,1]","[2,5]","[[1],[0,2]]",2,"[2,5]","[-1,-1]",0,True
10,3,4,5,4,31239,3051244,305101638,2,2,4,"[4,3,9]","[1,-1,1]","[2,5]","[[1],[0,2]]",3,"[1,6,9]","[1,1,1]",0,True
10,3,4,5,5,31239,3051244,305101639,1,3,3,"[4,3,9]","[1,-1,1]","[2,5]","[[1],[0,2]]",1,[6],[1],0,True
10,3,8,5,1,31239,3051244,305102035,2,6,12,"[4,3,9]","[1,-1,1]","[2,5]","[[1],[0,2]]",2,"[3,9]","[-1,1]",0,True
10,3,8,5,2,31239,3051244,305102036,3,5,15,"[4,3,9]","[1,-1,1]","[2,5]","[[1],[0,2]]",3,"[1,3,5]","[-1,-1,1]",0,True
10,3,8,5,3,31239,3051244,305102037,1,7,7,"[4,3,9]","[1,-1,1]","[2,5]","[[1],[0,2]]",2,"[0,7]","[-1,-1]",0,True
10,3,8,5,4,31239,3051244,305102038,5,3,15,"[4,3,9]","[1,-1,1]","[2,5]","[[1],[0,2]]",2,"[1,2]","[-1,1]",0,True
10,3,8,5,5,31239,3051244,305102039,2,6,12,"[4,3,9]","[1,-1,1]","[2,5]","[[1],[0,2]]",2,"[4,7]","[1,1]",0,True
10,3,16,5,1,31239,3051244,305102835,10,6,60,"[4,3,9]","[1,-1,1]","[2,5]","[[1],[0,2]]",1,[3],[-1],0,True
10,3,16,5,2,31239,3051244,305102836,2,14,28,"[4,3,9]","[1,-1,1]","[2,5]","[[1],[0,2]]",2,"[3,9]","[-1,1]",0,True
10,3,16,5,3,31239,3051244,305102837,4,12,48,"[4,3,9]","[1,-1,1]","[2,5]","[[1],[0,2]]",2,"[0,4]","[-1,1]",0,True
10,3,16,5,4,31239,3051244,305102838,4,12,48,"[4,3,9]","[1,-1,1]","[2,5]","[[1],[0,2]]",3,"[3,6,9]","[-1,-1,1]",0,True
10,3,16,5,5,31239,3051244,305102839,9,7,63,"[4,3,9]","[1,-1,1]","[2,5]","[[1],[0,2]]",1,[3],[-1],0,True
50,3,4,5,1,31239,3051284,305501635,2,2,4,"[7,9,16]","[1,-1,1]","[2,5]","[[1],[0,2]]",1,[37],[1],0,True
50,3,4,5,2,31239,3051284,305501636,2,2,4,"[7,9,16]","[1,-1,1]","[2,5]","[[1],[0,2]]",3,"[34,35,39]","[-1,-1,1]",0,True
50,3,4,5,3,31239,3051284,305501637,2,2,4,"[7,9,16]","[1,-1,1]","[2,5]","[[1],[0,2]]",2,"[21,47]","[-1,1]",0,True
50,3,4,5,4,31239,3051284,305501638,1,3,3,"[7,9,16]","[1,-1,1]","[2,5]","[[1],[0,2]]",1,[45],[-1],0,True
50,3,4,5,5,31239,3051284,305501639,1,3,3,"[7,9,16]","[1,-1,1]","[2,5]","[[1],[0,2]]",2,"[11,20]","[-1,-1]",0,True
50,3,8,5,1,31239,3051284,305502035,1,7,7,"[7,9,16]","[1,-1,1]","[2,5]","[[1],[0,2]]",2,"[0,43]","[-1,-1]",0,True
50,3,8,5,2,31239,3051284,305502036,2,6,12,"[7,9,16]","[1,-1,1]","[2,5]","[[1],[0,2]]",2,"[9,24]","[-1,-1]",0,True
50,3,8,5,3,31239,3051284,305502037,2,6,12,"[7,9,16]","[1,-1,1]","[2,5]","[[1],[0,2]]",1,[9],[-1],0,True
50,3,8,5,4,31239,3051284,305502038,4,4,16,"[7,9,16]","[1,-1,1]","[2,5]","[[1],[0,2]]",4,"[3,13,16,40]","[-1,1,1,-1]",0,True
50,3,8,5,5,31239,3051284,305502039,3,5,15,"[7,9,16]","[1,-1,1]","[2,5]","[[1],[0,2]]",3,"[29,41,42]","[-1,-1,1]",0,True
50,3,16,5,1,31239,3051284,305502835,8,8,64,"[7,9,16]","[1,-1,1]","[2,5]","[[1],[0,2]]",6,"[7,13,19,33,38,47]","[1,1,-1,-1,1,-1]",0,True
50,3,16,5,2,31239,3051284,305502836,2,14,28,"[7,9,16]","[1,-1,1]","[2,5]","[[1],[0,2]]",3,"[4,21,46]","[-1,1,-1]",0,True
50,3,16,5,3,31239,3051284,305502837,7,9,63,"[7,9,16]","[1,-1,1]","[2,5]","[[1],[0,2]]",5,"[8,9,11,25,46]","[1,-1,1,-1,1]",0,True
50,3,16,5,4,31239,3051284,305502838,8,8,64,"[7,9,16]","[1,-1,1]","[2,5]","[[1],[0,2]]",7,"[1,2,4,18,32,44,48]","[-1,-1,1,-1,-1,1,-1]",0,True
50,3,16,5,5,31239,3051284,305502839,5,11,55,"[7,9,16]","[1,-1,1]","[2,5]","[[1],[0,2]]",6,"[1,5,13,17,47,49]","[-1,1,-1,1,1,-1]",0,True
100,3,4,5,1,31239,3051334,306001635,1,3,3,"[33,80,13]","[1,-1,1]","[2,5]","[[1],[0,2]]",3,"[37,74,95]","[1,1,1]",0,True
100,3,4,5,2,31239,3051334,306001636,3,1,3,"[33,80,13]","[1,-1,1]","[2,5]","[[1],[0,2]]",1,[88],[1],0,True
100,3,4,5,3,31239,3051334,306001637,1,3,3,"[33,80,13]","[1,-1,1]","[2,5]","[[1],[0,2]]",1,[73],[-1],0,True
100,3,4,5,4,31239,3051334,306001638,3,1,3,"[33,80,13]","[1,-1,1]","[2,5]","[[1],[0,2]]",2,"[63,73]","[-1,1]",0,True
100,3,4,5,5,31239,3051334,306001639,3,1,3,"[33,80,13]","[1,-1,1]","[2,5]","[[1],[0,2]]",2,"[0,75]","[-1,-1]",0,True
100,3,8,5,1,31239,3051334,306002035,4,4,16,"[33,80,13]","[1,-1,1]","[2,5]","[[1],[0,2]]",2,"[55,80]","[1,-1]",0,True
100,3,8,5,2,31239,3051334,306002036,4,4,16,"[33,80,13]","[1,-1,1]","[2,5]","[[1],[0,2]]",3,"[60,67,75]","[1,-1,1]",0,True
100,3,8,5,3,31239,3051334,306002037,3,5,15,"[33,80,13]","[1,-1,1]","[2,5]","[[1],[0,2]]",4,"[13,19,21,58]","[1,-1,-1,1]",0,True
100,3,8,5,4,31239,3051334,306002038,3,5,15,"[33,80,13]","[1,-1,1]","[2,5]","[[1],[0,2]]",2,"[49,80]","[-1,-1]",0,True
100,3,8,5,5,31239,3051334,306002039,2,6,12,"[33,80,13]","[1,-1,1]","[2,5]","[[1],[0,2]]",1,[96],[-1],0,True
100,3,16,5,1,31239,3051334,306002835,8,8,64,"[33,80,13]","[1,-1,1]","[2,5]","[[1],[0,2]]",8,"[20,46,55,60,64,68,70,87]","[1,-1,1,1,1,1,-1,-1]",0,True
100,3,16,5,2,31239,3051334,306002836,4,12,48,"[33,80,13]","[1,-1,1]","[2,5]","[[1],[0,2]]",6,"[4,5,9,36,74,96]","[1,1,-1,1,-1,-1]",0,True
100,3,16,5,3,31239,3051334,306002837,3,13,39,"[33,80,13]","[1,-1,1]","[2,5]","[[1],[0,2]]",2,"[4,80]","[-1,-1]",0,True
100,3,16,5,4,31239,3051334,306002838,6,10,60,"[33,80,13]","[1,-1,1]","[2,5]","[[1],[0,2]]",4,"[33,43,58,99]","[1,-1,1,-1]",0,True
100,3,16,5,5,31239,3051334,306002839,8,8,64,"[33,80,13]","[1,-1,1]","[2,5]","[[1],[0,2]]",6,"[22,23,32,76,85,93]","[-1,-1,-1,1,1,1]",0,True
10,3,4,6,1,31240,3061244,306101635,1,3,3,"[0,4,2]","[-1,-1,-1]","[3,6]","[[0,1],[1,2]]",2,"[1,7]","[1,1]",0,True
10,3,4,6,2,31240,3061244,306101636,2,2,4,"[0,4,2]","[-1,-1,-1]","[3,6]","[[0,1],[1,2]]",2,"[0,4]","[-1,-1]",0,True
10,3,4,6,3,31240,3061244,306101637,2,2,4,"[0,4,2]","[-1,-1,-1]","[3,6]","[[0,1],[1,2]]",1,[4],[-1],0,True
10,3,4,6,4,31240,3061244,306101638,3,1,3,"[0,4,2]","[-1,-1,-1]","[3,6]","[[0,1],[1,2]]",1,[6],[-1],0,True
10,3,4,6,5,31240,3061244,306101639,1,3,3,"[0,4,2]","[-1,-1,-1]","[3,6]","[[0,1],[1,2]]",1,[4],[-1],0,True
10,3,8,6,1,31240,3061244,306102035,6,2,12,"[0,4,2]","[-1,-1,-1]","[3,6]","[[0,1],[1,2]]",3,"[1,3,9]","[1,1,1]",0,True
10,3,8,6,2,31240,3061244,306102036,6,2,12,"[0,4,2]","[-1,-1,-1]","[3,6]","[[0,1],[1,2]]",3,"[0,4,5]","[-1,-1,1]",0,True
10,3,8,6,3,31240,3061244,306102037,2,6,12,"[0,4,2]","[-1,-1,-1]","[3,6]","[[0,1],[1,2]]",3,"[2,3,4]","[-1,-1,-1]",0,True
10,3,8,6,4,31240,3061244,306102038,3,5,15,"[0,4,2]","[-1,-1,-1]","[3,6]","[[0,1],[1,2]]",3,"[1,3,8]","[1,-1,-1]",0,True
10,3,8,6,5,31240,3061244,306102039,7,1,7,"[0,4,2]","[-1,-1,-1]","[3,6]","[[0,1],[1,2]]",2,"[2,7]","[-1,1]",0,True
10,3,16,6,1,31240,3061244,306102835,8,8,64,"[0,4,2]","[-1,-1,-1]","[3,6]","[[0,1],[1,2]]",3,"[0,3,4]","[-1,1,-1]",0,True
10,3,16,6,2,31240,3061244,306102836,6,10,60,"[0,4,2]","[-1,-1,-1]","[3,6]","[[0,1],[1,2]]",4,"[0,2,7,8]","[-1,-1,1,1]",0,True
10,3,16,6,3,31240,3061244,306102837,5,11,55,"[0,4,2]","[-1,-1,-1]","[3,6]","[[0,1],[1,2]]",1,[4],[-1],0,True
10,3,16,6,4,31240,3061244,306102838,6,10,60,"[0,4,2]","[-1,-1,-1]","[3,6]","[[0,1],[1,2]]",1,[4],[-1],0,True
10,3,16,6,5,31240,3061244,306102839,9,7,63,"[0,4,2]","[-1,-1,-1]","[3,6]","[[0,1],[1,2]]",3,"[0,4,5]","[-1,-1,-1]",0,True
50,3,4,6,1,31240,3061284,306501635,3,1,3,"[23,16,22]","[-1,-1,-1]","[3,6]","[[0,1],[1,2]]",2,"[2,46]","[-1,1]",0,True
50,3,4,6,2,31240,3061284,306501636,3,1,3,"[23,16,22]","[-1,-1,-1]","[3,6]","[[0,1],[1,2]]",1,[19],[1],0,True
50,3,4,6,3,31240,3061284,306501637,2,2,4,"[23,16,22]","[-1,-1,-1]","[3,6]","[[0,1],[1,2]]",1,[14],[-1],0,True
50,3,4,6,4,31240,3061284,306501638,2,2,4,"[23,16,22]","[-1,-1,-1]","[3,6]","[[0,1],[1,2]]",2,"[43,48]","[1,-1]",0,True
50,3,4,6,5,31240,3061284,306501639,2,2,4,"[23,16,22]","[-1,-1,-1]","[3,6]","[[0,1],[1,2]]",2,"[36,40]","[1,-1]",0,True
50,3,8,6,1,31240,3061284,306502035,5,3,15,"[23,16,22]","[-1,-1,-1]","[3,6]","[[0,1],[1,2]]",4,"[3,11,28,46]","[1,-1,-1,-1]",0,True
50,3,8,6,2,31240,3061284,306502036,6,2,12,"[23,16,22]","[-1,-1,-1]","[3,6]","[[0,1],[1,2]]",4,"[27,36,45,49]","[-1,1,1,-1]",0,True
50,3,8,6,3,31240,3061284,306502037,5,3,15,"[23,16,22]","[-1,-1,-1]","[3,6]","[[0,1],[1,2]]",1,[23],[-1],0,True
50,3,8,6,4,31240,3061284,306502038,4,4,16,"[23,16,22]","[-1,-1,-1]","[3,6]","[[0,1],[1,2]]",3,"[1,11,38]","[1,1,-1]",0,True
50,3,8,6,5,31240,3061284,306502039,5,3,15,"[23,16,22]","[-1,-1,-1]","[3,6]","[[0,1],[1,2]]",1,[16],[-1],0,True
50,3,16,6,1,31240,3061284,306502835,10,6,60,"[23,16,22]","[-1,-1,-1]","[3,6]","[[0,1],[1,2]]",5,"[9,16,23,29,34]","[1,-1,-1,-1,-1]",0,True
50,3,16,6,2,31240,3061284,306502836,6,10,60,"[23,16,22]","[-1,-1,-1]","[3,6]","[[0,1],[1,2]]",3,"[14,16,31]","[-1,-1,-1]",0,True
50,3,16,6,3,31240,3061284,306502837,10,6,60,"[23,16,22]","[-1,-1,-1]","[3,6]","[[0,1],[1,2]]",6,"[7,8,9,18,26,42]","[1,-1,-1,-1,1,1]",0,True
50,3,16,6,4,31240,3061284,306502838,13,3,39,"[23,16,22]","[-1,-1,-1]","[3,6]","[[0,1],[1,2]]",2,"[13,16]","[-1,-1]",0,True
50,3,16,6,5,31240,3061284,306502839,7,9,63,"[23,16,22]","[-1,-1,-1]","[3,6]","[[0,1],[1,2]]",5,"[4,6,11,12,27]","[-1,1,-1,1,-1]",0,True
100,3,4,6,1,31240,3061334,307001635,2,2,4,"[85,24,77]","[-1,-1,-1]","[3,6]","[[0,1],[1,2]]",1,[64],[1],0,True
100,3,4,6,2,31240,3061334,307001636,2,2,4,"[85,24,77]","[-1,-1,-1]","[3,6]","[[0,1],[1,2]]",1,[53],[-1],0,True
100,3,4,6,3,31240,3061334,307001637,2,2,4,"[85,24,77]","[-1,-1,-1]","[3,6]","[[0,1],[1,2]]",2,"[27,94]","[-1,1]",0,True
100,3,4,6,4,31240,3061334,307001638,1,3,3,"[85,24,77]","[-1,-1,-1]","[3,6]","[[0,1],[1,2]]",2,"[27,33]","[-1,-1]",0,True
100,3,4,6,5,31240,3061334,307001639,3,1,3,"[85,24,77]","[-1,-1,-1]","[3,6]","[[0,1],[1,2]]",1,[7],[1],0,True
100,3,8,6,1,31240,3061334,307002035,4,4,16,"[85,24,77]","[-1,-1,-1]","[3,6]","[[0,1],[1,2]]",4,"[3,9,16,19]","[1,-1,1,1]",0,True
100,3,8,6,2,31240,3061334,307002036,4,4,16,"[85,24,77]","[-1,-1,-1]","[3,6]","[[0,1],[1,2]]",3,"[25,47,87]","[-1,-1,1]",0,True
100,3,8,6,3,31240,3061334,307002037,6,2,12,"[85,24,77]","[-1,-1,-1]","[3,6]","[[0,1],[1,2]]",4,"[48,73,93,95]","[-1,1,1,-1]",0,True
100,3,8,6,4,31240,3061334,307002038,5,3,15,"[85,24,77]","[-1,-1,-1]","[3,6]","[[0,1],[1,2]]",4,"[37,82,87,94]","[-1,1,-1,1]",0,True
100,3,8,6,5,31240,3061334,307002039,5,3,15,"[85,24,77]","[-1,-1,-1]","[3,6]","[[0,1],[1,2]]",4,"[8,85,90,97]","[-1,-1,-1,-1]",0,True
100,3,16,6,1,31240,3061334,307002835,9,7,63,"[85,24,77]","[-1,-1,-1]","[3,6]","[[0,1],[1,2]]",7,"[1,28,48,68,71,82,87]","[1,-1,-1,-1,-1,-1,1]",0,True
100,3,16,6,2,31240,3061334,307002836,5,11,55,"[85,24,77]","[-1,-1,-1]","[3,6]","[[0,1],[1,2]]",4,"[1,3,72,80]","[-1,-1,-1,1]",0,True
100,3,16,6,3,31240,3061334,307002837,8,8,64,"[85,24,77]","[-1,-1,-1]","[3,6]","[[0,1],[1,2]]",5,"[9,29,33,47,67]","[-1,-1,-1,1,-1]",0,True
100,3,16,6,4,31240,3061334,307002838,10,6,60,"[85,24,77]","[-1,-1,-1]","[3,6]","[[0,1],[1,2]]",5,"[2,12,51,53,99]","[1,-1,-1,-1,1]",0,True
100,3,16,6,5,31240,3061334,307002839,10,6,60,"[85,24,77]","[-1,-1,-1]","[3,6]","[[0,1],[1,2]]",3,"[6,24,74]","[-1,-1,-1]",0,True
10,3,4,7,1,31241,3071244,307101635,3,1,3,"[1,6,4]","[-1,1,-1]","[3,5,6]","[[0,1],[0,2],[1,2]]",2,"[7,9]","[1,1]",0,True
10,3,4,7,2,31241,3071244,307101636,3,1,3,"[1,6,4]","[-1,1,-1]","[3,5,6]","[[0,1],[0,2],[1,2]]",2,"[1,6]","[-1,1]",0,True
10,3,4,7,3,31241,3071244,307101637,3,1,3,"[1,6,4]","[-1,1,-1]","[3,5,6]","[[0,1],[0,2],[1,2]]",2,"[2,9]","[-1,1]",0,True
10,3,4,7,4,31241,3071244,307101638,2,2,4,"[1,6,4]","[-1,1,-1]","[3,5,6]","[[0,1],[0,2],[1,2]]",2,"[2,3]","[-1,1]",0,True
10,3,4,7,5,31241,3071244,307101639,3,1,3,"[1,6,4]","[-1,1,-1]","[3,5,6]","[[0,1],[0,2],[1,2]]",2,"[0,9]","[-1,-1]",0,True
10,3,8,7,1,31241,3071244,307102035,4,4,16,"[1,6,4]","[-1,1,-1]","[3,5,6]","[[0,1],[0,2],[1,2]]",4,"[1,6,7,9]","[-1,1,1,-1]",0,True
10,3,8,7,2,31241,3071244,307102036,5,3,15,"[1,6,4]","[-1,1,-1]","[3,5,6]","[[0,1],[0,2],[1,2]]",2,"[1,6]","[-1,1]",0,True
10,3,8,7,3,31241,3071244,307102037,5,3,15,"[1,6,4]","[-1,1,-1]","[3,5,6]","[[0,1],[0,2],[1,2]]",2,"[4,8]","[-1,-1]",0,True
10,3,8,7,4,31241,3071244,307102038,2,6,12,"[1,6,4]","[-1,1,-1]","[3,5,6]","[[0,1],[0,2],[1,2]]",2,"[4,5]","[-1,-1]",0,True
10,3,8,7,5,31241,3071244,307102039,5,3,15,"[1,6,4]","[-1,1,-1]","[3,5,6]","[[0,1],[0,2],[1,2]]",3,"[0,1,6]","[1,-1,1]",0,True
10,3,16,7,1,31241,3071244,307102835,7,9,63,"[1,6,4]","[-1,1,-1]","[3,5,6]","[[0,1],[0,2],[1,2]]",4,"[2,4,6,8]","[1,-1,1,1]",0,True
10,3,16,7,2,31241,3071244,307102836,7,9,63,"[1,6,4]","[-1,1,-1]","[3,5,6]","[[0,1],[0,2],[1,2]]",3,"[1,4,6]","[-1,-1,1]",0,True
10,3,16,7,3,31241,3071244,307102837,9,7,63,"[1,6,4]","[-1,1,-1]","[3,5,6]","[[0,1],[0,2],[1,2]]",3,"[1,6,9]","[-1,1,1]",0,True
10,3,16,7,4,31241,3071244,307102838,10,6,60,"[1,6,4]","[-1,1,-1]","[3,5,6]","[[0,1],[0,2],[1,2]]",1,[6],[1],0,True
10,3,16,7,5,31241,3071244,307102839,4,12,48,"[1,6,4]","[-1,1,-1]","[3,5,6]","[[0,1],[0,2],[1,2]]",3,"[4,6,8]","[-1,1,-1]",0,True
50,3,4,7,1,31241,3071284,307501635,2,2,4,"[37,14,2]","[-1,1,-1]","[3,5,6]","[[0,1],[0,2],[1,2]]",1,[9],[1],0,True
50,3,4,7,2,31241,3071284,307501636,2,2,4,"[37,14,2]","[-1,1,-1]","[3,5,6]","[[0,1],[0,2],[1,2]]",1,[28],[1],0,True
50,3,4,7,3,31241,3071284,307501637,1,3,3,"[37,14,2]","[-1,1,-1]","[3,5,6]","[[0,1],[0,2],[1,2]]",2,"[1,47]","[-1,-1]",0,True
50,3,4,7,4,31241,3071284,307501638,2,2,4,"[37,14,2]","[-1,1,-1]","[3,5,6]","[[0,1],[0,2],[1,2]]",1,[41],[-1],0,True
50,3,4,7,5,31241,3071284,307501639,1,3,3,"[37,14,2]","[-1,1,-1]","[3,5,6]","[[0,1],[0,2],[1,2]]",1,[25],[-1],0,True
50,3,8,7,1,31241,3071284,307502035,5,3,15,"[37,14,2]","[-1,1,-1]","[3,5,6]","[[0,1],[0,2],[1,2]]",2,"[1,31]","[1,1]",0,True
50,3,8,7,2,31241,3071284,307502036,5,3,15,"[37,14,2]","[-1,1,-1]","[3,5,6]","[[0,1],[0,2],[1,2]]",1,[23],[1],0,True
50,3,8,7,3,31241,3071284,307502037,2,6,12,"[37,14,2]","[-1,1,-1]","[3,5,6]","[[0,1],[0,2],[1,2]]",3,"[13,44,45]","[1,-1,1]",0,True
50,3,8,7,4,31241,3071284,307502038,3,5,15,"[37,14,2]","[-1,1,-1]","[3,5,6]","[[0,1],[0,2],[1,2]]",2,"[14,27]","[1,-1]",0,True
50,3,8,7,5,31241,3071284,307502039,3,5,15,"[37,14,2]","[-1,1,-1]","[3,5,6]","[[0,1],[0,2],[1,2]]",3,"[3,14,25]","[1,1,1]",0,True
50,3,16,7,1,31241,3071284,307502835,8,8,64,"[37,14,2]","[-1,1,-1]","[3,5,6]","[[0,1],[0,2],[1,2]]",4,"[4,15,25,48]","[-1,1,1,-1]",0,True
50,3,16,7,2,31241,3071284,307502836,9,7,63,"[37,14,2]","[-1,1,-1]","[3,5,6]","[[0,1],[0,2],[1,2]]",5,"[14,15,18,21,42]","[1,-1,-1,-1,-1]",0,True
50,3,16,7,3,31241,3071284,307502837,9,7,63,"[37,14,2]","[-1,1,-1]","[3,5,6]","[[0,1],[0,2],[1,2]]",4,"[2,3,8,40]","[-1,1,1,1]",0,True
50,3,16,7,4,31241,3071284,307502838,7,9,63,"[37,14,2]","[-1,1,-1]","[3,5,6]","[[0,1],[0,2],[1,2]]",3,"[1,22,31]","[1,-1,-1]",0,True
50,3,16,7,5,31241,3071284,307502839,11,5,55,"[37,14,2]","[-1,1,-1]","[3,5,6]","[[0,1],[0,2],[1,2]]",5,"[2,6,22,36,47]","[-1,1,-1,-1,1]",0,True
100,3,4,7,1,31241,3071334,308001635,3,1,3,"[65,30,74]","[-1,1,-1]","[3,5,6]","[[0,1],[0,2],[1,2]]",2,"[24,98]","[1,-1]",0,True
100,3,4,7,2,31241,3071334,308001636,3,1,3,"[65,30,74]","[-1,1,-1]","[3,5,6]","[[0,1],[0,2],[1,2]]",1,[88],[1],0,True
100,3,4,7,3,31241,3071334,308001637,2,2,4,"[65,30,74]","[-1,1,-1]","[3,5,6]","[[0,1],[0,2],[1,2]]",1,[14],[1],0,True
100,3,4,7,4,31241,3071334,308001638,2,2,4,"[65,30,74]","[-1,1,-1]","[3,5,6]","[[0,1],[0,2],[1,2]]",3,"[44,82,95]","[1,1,1]",0,True
100,3,4,7,5,31241,3071334,308001639,3,1,3,"[65,30,74]","[-1,1,-1]","[3,5,6]","[[0,1],[0,2],[1,2]]",1,[5],[1],0,True
100,3,8,7,1,31241,3071334,308002035,5,3,15,"[65,30,74]","[-1,1,-1]","[3,5,6]","[[0,1],[0,2],[1,2]]",2,"[53,79]","[1,1]",0,True
100,3,8,7,2,31241,3071334,308002036,6,2,12,"[65,30,74]","[-1,1,-1]","[3,5,6]","[[0,1],[0,2],[1,2]]",4,"[11,78,80,91]","[1,-1,1,-1]",0,True
100,3,8,7,3,31241,3071334,308002037,6,2,12,"[65,30,74]","[-1,1,-1]","[3,5,6]","[[0,1],[0,2],[1,2]]",3,"[5,29,91]","[1,1,-1]",0,True
100,3,8,7,4,31241,3071334,308002038,6,2,12,"[65,30,74]","[-1,1,-1]","[3,5,6]","[[0,1],[0,2],[1,2]]",2,"[65,77]","[-1,1]",0,True
100,3,8,7,5,31241,3071334,308002039,4,4,16,"[65,30,74]","[-1,1,-1]","[3,5,6]","[[0,1],[0,2],[1,2]]",3,"[9,24,47]","[-1,-1,1]",0,True
100,3,16,7,1,31241,3071334,308002835,9,7,63,"[65,30,74]","[-1,1,-1]","[3,5,6]","[[0,1],[0,2],[1,2]]",6,"[3,45,48,60,63,85]","[-1,-1,1,-1,1,1]",0,True
100,3,16,7,2,31241,3071334,308002836,7,9,63,"[65,30,74]","[-1,1,-1]","[3,5,6]","[[0,1],[0,2],[1,2]]",5,"[20,22,73,80,97]","[-1,-1,1,-1,-1]",0,True
100,3,16,7,3,31241,3071334,308002837,6,10,60,"[65,30,74]","[-1,1,-1]","[3,5,6]","[[0,1],[0,2],[1,2]]",5,"[9,20,47,52,57]","[-1,1,-1,-1,-1]",0,True
100,3,16,7,4,31241,3071334,308002838,7,9,63,"[65,30,74]","[-1,1,-1]","[3,5,6]","[[0,1],[0,2],[1,2]]",5,"[20,62,72,80,92]","[1,-1,-1,-1,-1]",0,True
100,3,16,7,5,31241,3071334,308002839,10,6,60,"[65,30,74]","[-1,1,-1]","[3,5,6]","[[0,1],[0,2],[1,2]]",7,"[4,5,15,22,40,46,74]","[1,-1,-1,-1,-1,-1,-1]",0,True
10,3,4,8,1,31242,3081244,308101635,1,3,3,"[6,8,2]","[-1,-1,-1]","[4,3]","[[2],[0,1]]",2,"[7,9]","[1,1]",0,True
10,3,4,8,2,31242,3081244,308101636,1,3,3,"[6,8,2]","[-1,-1,-1]","[4,3]","[[2],[0,1]]",1,[3],[-1],0,True
10,3,4,8,3,31242,3081244,308101637,1,3,3,"[6,8,2]","[-1,-1,-1]","[4,3]","[[2],[0,1]]",1,[9],[1],0,True
10,3,4,8,4,31242,3081244,308101638,1,3,3,"[6,8,2]","[-1,-1,-1]","[4,3]","[[2],[0,1]]",2,"[0,6]","[1,-1]",0,True
10,3,4,8,5,31242,3081244,308101639,2,2,4,"[6,8,2]","[-1,-1,-1]","[4,3]","[[2],[0,1]]",1,[4],[-1],0,True
10,3,8,8,1,31242,3081244,308102035,4,4,16,"[6,8,2]","[-1,-1,-1]","[4,3]","[[2],[0,1]]",1,[2],[-1],0,True
10,3,8,8,2,31242,3081244,308102036,4,4,16,"[6,8,2]","[-1,-1,-1]","[4,3]","[[2],[0,1]]",3,"[2,7,9]","[-1,-1,1]",0,True
10,3,8,8,3,31242,3081244,308102037,4,4,16,"[6,8,2]","[-1,-1,-1]","[4,3]","[[2],[0,1]]",1,[2],[-1],0,True
10,3,8,8,4,31242,3081244,308102038,5,3,15,"[6,8,2]","[-1,-1,-1]","[4,3]","[[2],[0,1]]",3,"[0,5,8]","[-1,-1,-1]",0,True
10,3,8,8,5,31242,3081244,308102039,2,6,12,"[6,8,2]","[-1,-1,-1]","[4,3]","[[2],[0,1]]",2,"[0,8]","[1,-1]",0,True
10,3,16,8,1,31242,3081244,308102835,5,11,55,"[6,8,2]","[-1,-1,-1]","[4,3]","[[2],[0,1]]",1,[2],[-1],0,True
10,3,16,8,2,31242,3081244,308102836,6,10,60,"[6,8,2]","[-1,-1,-1]","[4,3]","[[2],[0,1]]",2,"[2,8]","[-1,-1]",0,True
10,3,16,8,3,31242,3081244,308102837,6,10,60,"[6,8,2]","[-1,-1,-1]","[4,3]","[[2],[0,1]]",3,"[2,6,7]","[-1,-1,1]",0,True
10,3,16,8,4,31242,3081244,308102838,4,12,48,"[6,8,2]","[-1,-1,-1]","[4,3]","[[2],[0,1]]",5,"[3,4,6,7,8]","[1,-1,-1,1,-1]",0,True
10,3,16,8,5,31242,3081244,308102839,8,8,64,"[6,8,2]","[-1,-1,-1]","[4,3]","[[2],[0,1]]",3,"[1,2,8]","[-1,-1,-1]",0,True
50,3,4,8,1,31242,3081284,308501635,2,2,4,"[38,48,37]","[-1,-1,-1]","[4,3]","[[2],[0,1]]",1,[11],[-1],0,True
50,3,4,8,2,31242,3081284,308501636,3,1,3,"[38,48,37]","[-1,-1,-1]","[4,3]","[[2],[0,1]]",2,"[28,39]","[-1,-1]",0,True
50,3,4,8,3,31242,3081284,308501637,2,2,4,"[38,48,37]","[-1,-1,-1]","[4,3]","[[2],[0,1]]",3,"[4,8,46]","[1,-1,1]",0,True
50,3,4,8,4,31242,3081284,308501638,2,2,4,"[38,48,37]","[-1,-1,-1]","[4,3]","[[2],[0,1]]",1,[36],[-1],0,True
50,3,4,8,5,31242,3081284,308501639,2,2,4,"[38,48,37]","[-1,-1,-1]","[4,3]","[[2],[0,1]]",2,"[25,27]","[-1,1]",0,True
50,3,8,8,1,31242,3081284,308502035,3,5,15,"[38,48,37]","[-1,-1,-1]","[4,3]","[[2],[0,1]]",4,"[0,19,26,47]","[-1,1,1,-1]",0,True
50,3,8,8,2,31242,3081284,308502036,3,5,15,"[38,48,37]","[-1,-1,-1]","[4,3]","[[2],[0,1]]",1,[37],[-1],0,True
50,3,8,8,3,31242,3081284,308502037,3,5,15,"[38,48,37]","[-1,-1,-1]","[4,3]","[[2],[0,1]]",3,"[21,31,34]","[-1,-1,-1]",0,True
50,3,8,8,4,31242,3081284,308502038,2,6,12,"[38,48,37]","[-1,-1,-1]","[4,3]","[[2],[0,1]]",2,"[2,33]","[-1,-1]",0,True
50,3,8,8,5,31242,3081284,308502039,5,3,15,"[38,48,37]","[-1,-1,-1]","[4,3]","[[2],[0,1]]",1,[37],[-1],0,True
50,3,16,8,1,31242,3081284,308502835,4,12,48,"[38,48,37]","[-1,-1,-1]","[4,3]","[[2],[0,1]]",2,"[2,12]","[1,-1]",0,True
50,3,16,8,2,31242,3081284,308502836,7,9,63,"[38,48,37]","[-1,-1,-1]","[4,3]","[[2],[0,1]]",5,"[17,39,43,46,49]","[1,-1,1,1,-1]",0,True
50,3,16,8,3,31242,3081284,308502837,4,12,48,"[38,48,37]","[-1,-1,-1]","[4,3]","[[2],[0,1]]",3,"[12,17,37]","[-1,-1,-1]",0,True
50,3,16,8,4,31242,3081284,308502838,3,13,39,"[38,48,37]","[-1,-1,-1]","[4,3]","[[2],[0,1]]",3,"[0,11,48]","[-1,1,-1]",0,True
50,3,16,8,5,31242,3081284,308502839,5,11,55,"[38,48,37]","[-1,-1,-1]","[4,3]","[[2],[0,1]]",4,"[6,25,44,45]","[-1,-1,1,-1]",0,True
100,3,4,8,1,31242,3081334,309001635,1,3,3,"[67,38,58]","[-1,-1,-1]","[4,3]","[[2],[0,1]]",2,"[60,93]","[-1,1]",0,True
100,3,4,8,2,31242,3081334,309001636,1,3,3,"[67,38,58]","[-1,-1,-1]","[4,3]","[[2],[0,1]]",2,"[42,75]","[-1,1]",0,True
100,3,4,8,3,31242,3081334,309001637,1,3,3,"[67,38,58]","[-1,-1,-1]","[4,3]","[[2],[0,1]]",2,"[38,69]","[-1,1]",0,True
100,3,4,8,4,31242,3081334,309001638,2,2,4,"[67,38,58]","[-1,-1,-1]","[4,3]","[[2],[0,1]]",1,[34],[-1],0,True
100,3,4,8,5,31242,3081334,309001639,1,3,3,"[67,38,58]","[-1,-1,-1]","[4,3]","[[2],[0,1]]",1,[58],[-1],0,True
100,3,8,8,1,31242,3081334,309002035,3,5,15,"[67,38,58]","[-1,-1,-1]","[4,3]","[[2],[0,1]]",1,[49],[1],0,True
100,3,8,8,2,31242,3081334,309002036,3,5,15,"[67,38,58]","[-1,-1,-1]","[4,3]","[[2],[0,1]]",3,"[57,75,99]","[1,1,1]",0,True
100,3,8,8,3,31242,3081334,309002037,2,6,12,"[67,38,58]","[-1,-1,-1]","[4,3]","[[2],[0,1]]",2,"[49,67]","[1,-1]",0,True
100,3,8,8,4,31242,3081334,309002038,3,5,15,"[67,38,58]","[-1,-1,-1]","[4,3]","[[2],[0,1]]",2,"[12,34]","[1,1]",0,True
100,3,8,8,5,31242,3081334,309002039,1,7,7,"[67,38,58]","[-1,-1,-1]","[4,3]","[[2],[0,1]]",2,"[14,24]","[-1,-1]",0,True
100,3,16,8,1,31242,3081334,309002835,7,9,63,"[67,38,58]","[-1,-1,-1]","[4,3]","[[2],[0,1]]",7,"[6,40,51,54,71,78,88]","[1,-1,-1,-1,-1,-1,1]",0,True
100,3,16,8,2,31242,3081334,309002836,4,12,48,"[67,38,58]","[-1,-1,-1]","[4,3]","[[2],[0,1]]",5,"[9,25,41,54,71]","[1,-1,1,1,1]",0,True
100,3,16,8,3,31242,3081334,309002837,4,12,48,"[67,38,58]","[-1,-1,-1]","[4,3]","[[2],[0,1]]",7,"[2,28,34,37,47,57,60]","[-1,-1,-1,-1,1,1,1]",0,True
100,3,16,8,4,31242,3081334,309002838,5,11,55,"[67,38,58]","[-1,-1,-1]","[4,3]","[[2],[0,1]]",5,"[36,38,63,64,98]","[-1,-1,-1,1,-1]",0,True
100,3,16,8,5,31242,3081334,309002839,7,9,63,"[67,38,58]","[-1,-1,-1]","[4,3]","[[2],[0,1]]",4,"[17,67,91,96]","[1,-1,1,1]",0,True
10,3,4,9,1,31243,3091244,309101635,2,2,4,"[9,8,0]","[-1,-1,1]","[4,3]","[[2],[0,1]]",1,[6],[1],0,True
10,3,4,9,2,31243,3091244,309101636,1,3,3,"[9,8,0]","[-1,-1,1]","[4,3]","[[2],[0,1]]",2,"[6,7]","[1,-1]",0,True
10,3,4,9,3,31243,3091244,309101637,1,3,3,"[9,8,0]","[-1,-1,1]","[4,3]","[[2],[0,1]]",2,"[3,8]","[-1,-1]",0,True
10,3,4,9,4,31243,3091244,309101638,1,3,3,"[9,8,0]","[-1,-1,1]","[4,3]","[[2],[0,1]]",1,[2],[1],0,True
10,3,4,9,5,31243,3091244,309101639,2,2,4,"[9,8,0]","[-1,-1,1]","[4,3]","[[2],[0,1]]",2,"[1,6]","[-1,1]",0,True
10,3,8,9,1,31243,3091244,309102035,2,6,12,"[9,8,0]","[-1,-1,1]","[4,3]","[[2],[0,1]]",2,"[0,4]","[1,1]",0,True
10,3,8,9,2,31243,3091244,309102036,1,7,7,"[9,8,0]","[-1,-1,1]","[4,3]","[[2],[0,1]]",2,"[0,8]","[1,-1]",0,True
10,3,8,9,3,31243,3091244,309102037,2,6,12,"[9,8,0]","[-1,-1,1]","[4,3]","[[2],[0,1]]",2,"[0,2]","[1,-1]",0,True
10,3,8,9,4,31243,3091244,309102038,6,2,12,"[9,8,0]","[-1,-1,1]","[4,3]","[[2],[0,1]]",1,[0],[1],0,True
10,3,8,9,5,31243,3091244,309102039,3,5,15,"[9,8,0]","[-1,-1,1]","[4,3]","[[2],[0,1]]",1,[0],[1],0,True
10,3,16,9,1,31243,3091244,309102835,6,10,60,"[9,8,0]","[-1,-1,1]","[4,3]","[[2],[0,1]]",2,"[0,5]","[1,1]",0,True
10,3,16,9,2,31243,3091244,309102836,4,12,48,"[9,8,0]","[-1,-1,1]","[4,3]","[[2],[0,1]]",4,"[0,6,7,9]","[1,-1,-1,-1]",0,True
10,3,16,9,3,31243,3091244,309102837,4,12,48,"[9,8,0]","[-1,-1,1]","[4,3]","[[2],[0,1]]",3,"[0,1,6]","[1,1,1]",0,True
10,3,16,9,4,31243,3091244,309102838,4,12,48,"[9,8,0]","[-1,-1,1]","[4,3]","[[2],[0,1]]",4,"[0,1,2,3]","[1,-1,-1,-1]",0,True
10,3,16,9,5,31243,3091244,309102839,10,6,60,"[9,8,0]","[-1,-1,1]","[4,3]","[[2],[0,1]]",3,"[0,8,9]","[1,-1,-1]",0,True
50,3,4,9,1,31243,3091284,309501635,1,3,3,"[37,15,16]","[-1,-1,1]","[4,3]","[[2],[0,1]]",1,[16],[1],0,True
50,3,4,9,2,31243,3091284,309501636,2,2,4,"[37,15,16]","[-1,-1,1]","[4,3]","[[2],[0,1]]",1,[8],[1],0,True
50,3,4,9,3,31243,3091284,309501637,1,3,3,"[37,15,16]","[-1,-1,1]","[4,3]","[[2],[0,1]]",1,[38],[1],0,True
50,3,4,9,4,31243,3091284,309501638,1,3,3,"[37,15,16]","[-1,-1,1]","[4,3]","[[2],[0,1]]",1,[7],[1],0,True
50,3,4,9,5,31243,3091284,309501639,2,2,4,"[37,15,16]","[-1,-1,1]","[4,3]","[[2],[0,1]]",1,[19],[1],0,True
50,3,8,9,1,31243,3091284,309502035,2,6,12,"[37,15,16]","[-1,-1,1]","[4,3]","[[2],[0,1]]",2,"[3,6]","[1,1]",0,True
50,3,8,9,2,31243,3091284,309502036,1,7,7,"[37,15,16]","[-1,-1,1]","[4,3]","[[2],[0,1]]",2,"[32,39]","[-1,-1]",0,True
50,3,8,9,3,31243,3091284,309502037,5,3,15,"[37,15,16]","[-1,-1,1]","[4,3]","[[2],[0,1]]",4,"[11,17,33,38]","[1,1,1,-1]",0,True
50,3,8,9,4,31243,3091284,309502038,3,5,15,"[37,15,16]","[-1,-1,1]","[4,3]","[[2],[0,1]]",3,"[11,19,43]","[-1,1,1]",0,True
50,3,8,9,5,31243,3091284,309502039,1,7,7,"[37,15,16]","[-1,-1,1]","[4,3]","[[2],[0,1]]",2,"[0,18]","[1,1]",0,True
50,3,16,9,1,31243,3091284,309502835,5,11,55,"[37,15,16]","[-1,-1,1]","[4,3]","[[2],[0,1]]",1,[16],[1],0,True
50,3,16,9,2,31243,3091284,309502836,5,11,55,"[37,15,16]","[-1,-1,1]","[4,3]","[[2],[0,1]]",6,"[17,21,24,27,28,41]","[-1,-1,-1,-1,-1,1]",0,True
50,3,16,9,3,31243,3091284,309502837,5,11,55,"[37,15,16]","[-1,-1,1]","[4,3]","[[2],[0,1]]",4,"[1,7,16,25]","[1,1,1,1]",0,True
50,3,16,9,4,31243,3091284,309502838,7,9,63,"[37,15,16]","[-1,-1,1]","[4,3]","[[2],[0,1]]",3,"[16,35,37]","[1,-1,-1]",0,True
50,3,16,9,5,31243,3091284,309502839,5,11,55,"[37,15,16]","[-1,-1,1]","[4,3]","[[2],[0,1]]",7,"[9,10,11,18,21,43,49]","[-1,-1,-1,1,-1,1,1]",0,True
100,3,4,9,1,31243,3091334,310001635,2,2,4,"[55,70,46]","[-1,-1,1]","[4,3]","[[2],[0,1]]",3,"[8,11,96]","[1,-1,-1]",0,True
100,3,4,9,2,31243,3091334,310001636,3,1,3,"[55,70,46]","[-1,-1,1]","[4,3]","[[2],[0,1]]",1,[44],[-1],0,True
100,3,4,9,3,31243,3091334,310001637,3,1,3,"[55,70,46]","[-1,-1,1]","[4,3]","[[2],[0,1]]",2,"[51,85]","[-1,-1]",0,True
100,3,4,9,4,31243,3091334,310001638,3,1,3,"[55,70,46]","[-1,-1,1]","[4,3]","[[2],[0,1]]",1,[5],[1],0,True
100,3,4,9,5,31243,3091334,310001639,2,2,4,"[55,70,46]","[-1,-1,1]","[4,3]","[[2],[0,1]]",3,"[10,32,48]","[-1,-1,1]",0,True
100,3,8,9,1,31243,3091334,310002035,3,5,15,"[55,70,46]","[-1,-1,1]","[4,3]","[[2],[0,1]]",4,"[59,71,76,83]","[-1,-1,-1,-1]",0,True
100,3,8,9,2,31243,3091334,310002036,4,4,16,"[55,70,46]","[-1,-1,1]","[4,3]","[[2],[0,1]]",4,"[27,41,71,73]","[-1,-1,1,-1]",0,True
100,3,8,9,3,31243,3091334,310002037,3,5,15,"[55,70,46]","[-1,-1,1]","[4,3]","[[2],[0,1]]",1,[49],[1],0,True
100,3,8,9,4,31243,3091334,310002038,4,4,16,"[55,70,46]","[-1,-1,1]","[4,3]","[[2],[0,1]]",4,"[4,8,20,97]","[1,-1,1,-1]",0,True
100,3,8,9,5,31243,3091334,310002039,2,6,12,"[55,70,46]","[-1,-1,1]","[4,3]","[[2],[0,1]]",4,"[11,17,33,92]","[-1,-1,-1,1]",0,True
100,3,16,9,1,31243,3091334,310002835,7,9,63,"[55,70,46]","[-1,-1,1]","[4,3]","[[2],[0,1]]",4,"[5,56,71,79]","[-1,1,1,-1]",0,True
100,3,16,9,2,31243,3091334,310002836,6,10,60,"[55,70,46]","[-1,-1,1]","[4,3]","[[2],[0,1]]",6,"[22,29,36,45,69,84]","[-1,1,1,1,-1,1]",0,True
100,3,16,9,3,31243,3091334,310002837,9,7,63,"[55,70,46]","[-1,-1,1]","[4,3]","[[2],[0,1]]",6,"[6,7,25,53,80,94]","[1,1,-1,1,-1,-1]",0,True
100,3,16,9,4,31243,3091334,310002838,6,10,60,"[55,70,46]","[-1,-1,1]","[4,3]","[[2],[0,1]]",6,"[18,26,52,71,75,89]","[-1,1,1,-1,1,1]",0,True
100,3,16,9,5,31243,3091334,310002839,6,10,60,"[55,70,46]","[-1,-1,1]","[4,3]","[[2],[0,1]]",7,"[19,26,54,61,82,98,99]","[1,1,-1,1,1,1,1]",0,True
10,3,4,10,1,31244,3101244,310101635,1,3,3,"[5,8,2]","[-1,1,-1]","[2,5]","[[1],[0,2]]",1,[3],[1],0,True
10,3,4,10,2,31244,3101244,310101636,2,2,4,"[5,8,2]","[-1,1,-1]","[2,5]","[[1],[0,2]]",1,[0],[1],0,True
10,3,4,10,3,31244,3101244,310101637,3,1,3,"[5,8,2]","[-1,1,-1]","[2,5]","[[1],[0,2]]",1,[2],[-1],0,True
10,3,4,10,4,31244,3101244,310101638,2,2,4,"[5,8,2]","[-1,1,-1]","[2,5]","[[1],[0,2]]",1,[7],[-1],0,True
10,3,4,10,5,31244,3101244,310101639,2,2,4,"[5,8,2]","[-1,1,-1]","[2,5]","[[1],[0,2]]",1,[9],[-1],0,True
10,3,8,10,1,31244,3101244,310102035,5,3,15,"[5,8,2]","[-1,1,-1]","[2,5]","[[1],[0,2]]",1,[8],[1],0,True
10,3,8,10,2,31244,3101244,310102036,4,4,16,"[5,8,2]","[-1,1,-1]","[2,5]","[[1],[0,2]]",3,"[0,2,9]","[-1,-1,1]",0,True
10,3,8,10,3,31244,3101244,310102037,3,5,15,"[5,8,2]","[-1,1,-1]","[2,5]","[[1],[0,2]]",3,"[4,5,8]","[1,-1,1]",0,True
10,3,8,10,4,31244,3101244,310102038,2,6,12,"[5,8,2]","[-1,1,-1]","[2,5]","[[1],[0,2]]",4,"[0,4,8,9]","[-1,-1,1,1]",0,True
10,3,8,10,5,31244,3101244,310102039,4,4,16,"[5,8,2]","[-1,1,-1]","[2,5]","[[1],[0,2]]",4,"[2,5,6,9]","[1,-1,-1,1]",0,True
10,3,16,10,1,31244,3101244,310102835,7,9,63,"[5,8,2]","[-1,1,-1]","[2,5]","[[1],[0,2]]",3,"[2,5,8]","[-1,-1,1]",0,True
10,3,16,10,2,31244,3101244,310102836,4,12,48,"[5,8,2]","[-1,1,-1]","[2,5]","[[1],[0,2]]",4,"[3,5,6,7]","[1,-1,1,1]",0,True
10,3,16,10,3,31244,3101244,310102837,9,7,63,"[5,8,2]","[-1,1,-1]","[2,5]","[[1],[0,2]]",4,"[3,7,8,9]","[1,1,1,-1]",0,True
10,3,16,10,4,31244,3101244,310102838,2,14,28,"[5,8,2]","[-1,1,-1]","[2,5]","[[1],[0,2]]",2,"[5,8]","[-1,1]",0,True
10,3,16,10,5,31244,3101244,310102839,6,10,60,"[5,8,2]","[-1,1,-1]","[2,5]","[[1],[0,2]]",3,"[2,7,8]","[-1,1,1]",0,True
50,3,4,10,1,31244,3101284,310501635,3,1,3,"[19,18,39]","[-1,1,-1]","[2,5]","[[1],[0,2]]",2,"[30,38]","[-1,1]",0,True
50,3,4,10,2,31244,3101284,310501636,1,3,3,"[19,18,39]","[-1,1,-1]","[2,5]","[[1],[0,2]]",2,"[31,44]","[1,-1]",0,True
50,3,4,10,3,31244,3101284,310501637,1,3,3,"[19,18,39]","[-1,1,-1]","[2,5]","[[1],[0,2]]",2,"[19,35]","[-1,1]",0,True
50,3,4,10,4,31244,3101284,310501638,1,3,3,"[19,18,39]","[-1,1,-1]","[2,5]","[[1],[0,2]]",1,[49],[1],0,True
50,3,4,10,5,31244,3101284,310501639,2,2,4,"[19,18,39]","[-1,1,-1]","[2,5]","[[1],[0,2]]",3,"[10,38,41]","[-1,-1,-1]",0,True
50,3,8,10,1,31244,3101284,310502035,6,2,12,"[19,18,39]","[-1,1,-1]","[2,5]","[[1],[0,2]]",2,"[29,48]","[1,-1]",0,True
50,3,8,10,2,31244,3101284,310502036,4,4,16,"[19,18,39]","[-1,1,-1]","[2,5]","[[1],[0,2]]",3,"[18,30,46]","[1,-1,-1]",0,True
50,3,8,10,3,31244,3101284,310502037,3,5,15,"[19,18,39]","[-1,1,-1]","[2,5]","[[1],[0,2]]",3,"[18,29,41]","[1,-1,-1]",0,True
50,3,8,10,4,31244,3101284,310502038,3,5,15,"[19,18,39]","[-1,1,-1]","[2,5]","[[1],[0,2]]",4,"[16,17,20,40]","[1,1,1,1]",0,True
50,3,8,10,5,31244,3101284,310502039,5,3,15,"[19,18,39]","[-1,1,-1]","[2,5]","[[1],[0,2]]",2,"[9,24]","[-1,-1]",0,True
50,3,16,10,1,31244,3101284,310502835,6,10,60,"[19,18,39]","[-1,1,-1]","[2,5]","[[1],[0,2]]",4,"[18,20,22,27]","[1,1,-1,-1]",0,True
50,3,16,10,2,31244,3101284,310502836,5,11,55,"[19,18,39]","[-1,1,-1]","[2,5]","[[1],[0,2]]",7,"[0,5,7,30,34,41,49]","[1,-1,-1,1,-1,-1,-1]",0,True
50,3,16,10,3,31244,3101284,310502837,6,10,60,"[19,18,39]","[-1,1,-1]","[2,5]","[[1],[0,2]]",6,"[6,16,20,26,32,47]","[1,1,1,1,1,1]",0,True
50,3,16,10,4,31244,3101284,310502838,6,10,60,"[19,18,39]","[-1,1,-1]","[2,5]","[[1],[0,2]]",5,"[6,16,23,33,35]","[1,-1,-1,-1,1]",0,True
50,3,16,10,5,31244,3101284,310502839,11,5,55,"[19,18,39]","[-1,1,-1]","[2,5]","[[1],[0,2]]",7,"[2,6,24,26,32,38,44]","[-1,-1,-1,-1,-1,-1,-1]",0,True
100,3,4,10,1,31244,3101334,311001635,2,2,4,"[43,54,8]","[-1,1,-1]","[2,5]","[[1],[0,2]]",1,[52],[-1],0,True
100,3,4,10,2,31244,3101334,311001636,2,2,4,"[43,54,8]","[-1,1,-1]","[2,5]","[[1],[0,2]]",2,"[14,81]","[-1,1]",0,True
100,3,4,10,3,31244,3101334,311001637,2,2,4,"[43,54,8]","[-1,1,-1]","[2,5]","[[1],[0,2]]",1,[5],[1],0,True
100,3,4,10,4,31244,3101334,311001638,1,3,3,"[43,54,8]","[-1,1,-1]","[2,5]","[[1],[0,2]]",1,[14],[-1],0,True
100,3,4,10,5,31244,3101334,311001639,1,3,3,"[43,54,8]","[-1,1,-1]","[2,5]","[[1],[0,2]]",1,[67],[1],0,True
100,3,8,10,1,31244,3101334,311002035,3,5,15,"[43,54,8]","[-1,1,-1]","[2,5]","[[1],[0,2]]",4,"[0,1,38,42]","[1,1,1,1]",0,True
100,3,8,10,2,31244,3101334,311002036,3,5,15,"[43,54,8]","[-1,1,-1]","[2,5]","[[1],[0,2]]",3,"[22,28,79]","[-1,-1,1]",0,True
100,3,8,10,3,31244,3101334,311002037,2,6,12,"[43,54,8]","[-1,1,-1]","[2,5]","[[1],[0,2]]",2,"[6,43]","[1,-1]",0,True
100,3,8,10,4,31244,3101334,311002038,4,4,16,"[43,54,8]","[-1,1,-1]","[2,5]","[[1],[0,2]]",3,"[24,30,59]","[-1,1,1]",0,True
100,3,8,10,5,31244,3101334,311002039,3,5,15,"[43,54,8]","[-1,1,-1]","[2,5]","[[1],[0,2]]",3,"[49,61,91]","[-1,-1,1]",0,True
100,3,16,10,1,31244,3101334,311002835,5,11,55,"[43,54,8]","[-1,1,-1]","[2,5]","[[1],[0,2]]",4,"[1,4,35,48]","[1,-1,1,-1]",0,True
100,3,16,10,2,31244,3101334,311002836,4,12,48,"[43,54,8]","[-1,1,-1]","[2,5]","[[1],[0,2]]",5,"[42,64,81,89,96]","[1,-1,-1,1,1]",0,True
100,3,16,10,3,31244,3101334,311002837,6,10,60,"[43,54,8]","[-1,1,-1]","[2,5]","[[1],[0,2]]",6,"[3,11,48,81,94,95]","[-1,-1,-1,1,-1,-1]",0,True
100,3,16,10,4,31244,3101334,311002838,11,5,55,"[43,54,8]","[-1,1,-1]","[2,5]","[[1],[0,2]]",7,"[24,34,62,64,68,72,77]","[1,1,1,1,-1,-1,-1]",0,True
100,3,16,10,5,31244,3101334,311002839,4,12,48,"[43,54,8]","[-1,1,-1]","[2,5]","[[1],[0,2]]",5,"[2,22,30,67,92]","[1,1,-1,-1,-1]",0,True
10,3,4,11,1,31245,3111244,311101635,3,1,3,"[4,7,6]","[-1,1,1]","[3,5,6]","[[0,1],[0,2],[1,2]]",1,[5],[1],0,True
10,3,4,11,2,31245,3111244,311101636,2,2,4,"[4,7,6]","[-1,1,1]","[3,5,6]","[[0,1],[0,2],[1,2]]",1,[4],[-1],0,True
10,3,4,11,3,31245,3111244,311101637,1,3,3,"[4,7,6]","[-1,1,1]","[3,5,6]","[[0,1],[0,2],[1,2]]",1,[4],[-1],0,True
10,3,4,11,4,31245,3111244,311101638,2,2,4,"[4,7,6]","[-1,1,1]","[3,5,6]","[[0,1],[0,2],[1,2]]",1,[4],[-1],0,True
10,3,4,11,5,31245,3111244,311101639,3,1,3,"[4,7,6]","[-1,1,1]","[3,5,6]","[[0,1],[0,2],[1,2]]",1,[2],[1],0,True
10,3,8,11,1,31245,3111244,311102035,3,5,15,"[4,7,6]","[-1,1,1]","[3,5,6]","[[0,1],[0,2],[1,2]]",1,[6],[1],0,True
10,3,8,11,2,31245,3111244,311102036,4,4,16,"[4,7,6]","[-1,1,1]","[3,5,6]","[[0,1],[0,2],[1,2]]",3,"[0,7,9]","[-1,1,1]",0,True
10,3,8,11,3,31245,3111244,311102037,4,4,16,"[4,7,6]","[-1,1,1]","[3,5,6]","[[0,1],[0,2],[1,2]]",1,[9],[-1],0,True
10,3,8,11,4,31245,3111244,311102038,5,3,15,"[4,7,6]","[-1,1,1]","[3,5,6]","[[0,1],[0,2],[1,2]]",1,[0],[1],0,True
10,3,8,11,5,31245,3111244,311102039,6,2,12,"[4,7,6]","[-1,1,1]","[3,5,6]","[[0,1],[0,2],[1,2]]",2,"[4,8]","[-1,1]",0,True
10,3,16,11,1,31245,3111244,311102835,9,7,63,"[4,7,6]","[-1,1,1]","[3,5,6]","[[0,1],[0,2],[1,2]]",3,"[4,6,7]","[-1,1,1]",0,True
10,3,16,11,2,31245,3111244,311102836,7,9,63,"[4,7,6]","[-1,1,1]","[3,5,6]","[[0,1],[0,2],[1,2]]",3,"[4,6,7]","[-1,1,1]",0,True
10,3,16,11,3,31245,3111244,311102837,7,9,63,"[4,7,6]","[-1,1,1]","[3,5,6]","[[0,1],[0,2],[1,2]]",5,"[0,2,3,6,7]","[-1,-1,-1,1,1]",0,True
10,3,16,11,4,31245,3111244,311102838,8,8,64,"[4,7,6]","[-1,1,1]","[3,5,6]","[[0,1],[0,2],[1,2]]",3,"[4,7,9]","[-1,1,-1]",0,True
10,3,16,11,5,31245,3111244,311102839,7,9,63,"[4,7,6]","[-1,1,1]","[3,5,6]","[[0,1],[0,2],[1,2]]",4,"[4,5,7,8]","[-1,-1,1,1]",0,True
50,3,4,11,1,31245,3111284,311501635,3,1,3,"[49,34,3]","[-1,1,1]","[3,5,6]","[[0,1],[0,2],[1,2]]",1,[45],[1],0,True
50,3,4,11,2,31245,3111284,311501636,1,3,3,"[49,34,3]","[-1,1,1]","[3,5,6]","[[0,1],[0,2],[1,2]]",1,[3],[1],0,True
50,3,4,11,3,31245,3111284,311501637,1,3,3,"[49,34,3]","[-1,1,1]","[3,5,6]","[[0,1],[0,2],[1,2]]",2,"[18,43]","[1,1]",0,True
50,3,4,11,4,31245,3111284,311501638,2,2,4,"[49,34,3]","[-1,1,1]","[3,5,6]","[[0,1],[0,2],[1,2]]",1,[25],[1],0,True
50,3,4,11,5,31245,3111284,311501639,3,1,3,"[49,34,3]","[-1,1,1]","[3,5,6]","[[0,1],[0,2],[1,2]]",1,[34],[1],0,True
50,3,8,11,1,31245,3111284,311502035,5,3,15,"[49,34,3]","[-1,1,1]","[3,5,6]","[[0,1],[0,2],[1,2]]",1,[49],[-1],0,True
50,3,8,11,2,31245,3111284,311502036,1,7,7,"[49,34,3]","[-1,1,1]","[3,5,6]","[[0,1],[0,2],[1,2]]",2,"[3,19]","[1,-1]",0,True
50,3,8,11,3,31245,3111284,311502037,4,4,16,"[49,34,3]","[-1,1,1]","[3,5,6]","[[0,1],[0,2],[1,2]]",3,"[1,35,48]","[1,-1,1]",0,True
50,3,8,11,4,31245,3111284,311502038,5,3,15,"[49,34,3]","[-1,1,1]","[3,5,6]","[[0,1],[0,2],[1,2]]",4,"[12,13,17,47]","[1,-1,-1,-1]",0,True
50,3,8,11,5,31245,3111284,311502039,2,6,12,"[49,34,3]","[-1,1,1]","[3,5,6]","[[0,1],[0,2],[1,2]]",3,"[16,45,48]","[1,1,1]",0,True
50,3,16,11,1,31245,3111284,311502835,9,7,63,"[49,34,3]","[-1,1,1]","[3,5,6]","[[0,1],[0,2],[1,2]]",5,"[3,4,9,15,35]","[1,-1,-1,1,-1]",0,True
50,3,16,11,2,31245,3111284,311502836,8,8,64,"[49,34,3]","[-1,1,1]","[3,5,6]","[[0,1],[0,2],[1,2]]",5,"[20,23,39,41,43]","[1,1,-1,-1,-1]",0,True
50,3,16,11,3,31245,3111284,311502837,5,11,55,"[49,34,3]","[-1,1,1]","[3,5,6]","[[0,1],[0,2],[1,2]]",5,"[5,7,10,32,39]","[1,1,-1,-1,1]",0,True
50,3,16,11,4,31245,3111284,311502838,9,7,63,"[49,34,3]","[-1,1,1]","[3,5,6]","[[0,1],[0,2],[1,2]]",4,"[13,14,18,43]","[-1,-1,1,-1]",0,True
50,3,16,11,5,31245,3111284,311502839,12,4,48,"[49,34,3]","[-1,1,1]","[3,5,6]","[[0,1],[0,2],[1,2]]",4,"[20,28,37,39]","[1,1,-1,-1]",0,True
100,3,4,11,1,31245,3111334,312001635,2,2,4,"[85,75,10]","[-1,1,1]","[3,5,6]","[[0,1],[0,2],[1,2]]",1,[95],[-1],0,True
100,3,4,11,2,31245,3111334,312001636,3,1,3,"[85,75,10]","[-1,1,1]","[3,5,6]","[[0,1],[0,2],[1,2]]",1,[89],[1],0,True
100,3,4,11,3,31245,3111334,312001637,1,3,3,"[85,75,10]","[-1,1,1]","[3,5,6]","[[0,1],[0,2],[1,2]]",2,"[51,77]","[1,1]",0,True
100,3,4,11,4,31245,3111334,312001638,2,2,4,"[85,75,10]","[-1,1,1]","[3,5,6]","[[0,1],[0,2],[1,2]]",1,[12],[1],0,True
100,3,4,11,5,31245,3111334,312001639,2,2,4,"[85,75,10]","[-1,1,1]","[3,5,6]","[[0,1],[0,2],[1,2]]",1,[50],[-1],0,True
100,3,8,11,1,31245,3111334,312002035,4,4,16,"[85,75,10]","[-1,1,1]","[3,5,6]","[[0,1],[0,2],[1,2]]",1,[24],[-1],0,True
100,3,8,11,2,31245,3111334,312002036,4,4,16,"[85,75,10]","[-1,1,1]","[3,5,6]","[[0,1],[0,2],[1,2]]",1,[30],[1],0,True
100,3,8,11,3,31245,3111334,312002037,4,4,16,"[85,75,10]","[-1,1,1]","[3,5,6]","[[0,1],[0,2],[1,2]]",3,"[12,52,69]","[1,1,-1]",0,True
100,3,8,11,4,31245,3111334,312002038,4,4,16,"[85,75,10]","[-1,1,1]","[3,5,6]","[[0,1],[0,2],[1,2]]",3,"[68,83,93]","[1,-1,1]",0,True
100,3,8,11,5,31245,3111334,312002039,3,5,15,"[85,75,10]","[-1,1,1]","[3,5,6]","[[0,1],[0,2],[1,2]]",2,"[7,27]","[1,1]",0,True
100,3,16,11,1,31245,3111334,312002835,6,10,60,"[85,75,10]","[-1,1,1]","[3,5,6]","[[0,1],[0,2],[1,2]]",5,"[11,19,42,90,94]","[1,1,-1,1,1]",0,True
100,3,16,11,2,31245,3111334,312002836,6,10,60,"[85,75,10]","[-1,1,1]","[3,5,6]","[[0,1],[0,2],[1,2]]",5,"[3,10,15,57,67]","[1,1,-1,1,-1]",0,True
100,3,16,11,3,31245,3111334,312002837,6,10,60,"[85,75,10]","[-1,1,1]","[3,5,6]","[[0,1],[0,2],[1,2]]",5,"[14,57,71,75,83]","[-1,-1,-1,1,-1]",0,True
100,3,16,11,4,31245,3111334,312002838,8,8,64,"[85,75,10]","[-1,1,1]","[3,5,6]","[[0,1],[0,2],[1,2]]",4,"[18,38,56,76]","[1,1,-1,1]",0,True
100,3,16,11,5,31245,3111334,312002839,8,8,64,"[85,75,10]","[-1,1,1]","[3,5,6]","[[0,1],[0,2],[1,2]]",5,"[3,48,63,80,88]","[1,-1,-1,-1,1]",0,True
10,3,4,12,1,31246,3121244,312101635,2,2,4,"[0,6,1]","[1,-1,-1]",[7],"[[0,1,2]]",2,"[4,7]","[-1,1]",0,True
10,3,4,12,2,31246,3121244,312101636,3,1,3,"[0,6,1]","[1,-1,-1]",[7],"[[0,1,2]]",1,[4],[-1],0,True
10,3,4,12,3,31246,3121244,312101637,3,1,3,"[0,6,1]","[1,-1,-1]",[7],"[[0,1,2]]",2,"[4,9]","[1,1]",0,True
10,3,4,12,4,31246,3121244,312101638,3,1,3,"[0,6,1]","[1,-1,-1]",[7],"[[0,1,2]]",2,"[0,3]","[1,-1]",0,True
10,3,4,12,5,31246,3121244,312101639,3,1,3,"[0,6,1]","[1,-1,-1]",[7],"[[0,1,2]]",1,[0],[1],0,True
10,3,8,12,1,31246,3121244,312102035,7,1,7,"[0,6,1]","[1,-1,-1]",[7],"[[0,1,2]]",2,"[2,3]","[-1,1]",0,True
10,3,8,12,2,31246,3121244,312102036,7,1,7,"[0,6,1]","[1,-1,-1]",[7],"[[0,1,2]]",3,"[1,6,7]","[-1,-1,-1]",0,True
10,3,8,12,3,31246,3121244,312102037,7,1,7,"[0,6,1]","[1,-1,-1]",[7],"[[0,1,2]]",3,"[2,5,7]","[-1,1,1]",0,True
10,3,8,12,4,31246,3121244,312102038,7,1,7,"[0,6,1]","[1,-1,-1]",[7],"[[0,1,2]]",2,"[2,9]","[1,1]",0,True
10,3,8,12,5,31246,3121244,312102039,7,1,7,"[0,6,1]","[1,-1,-1]",[7],"[[0,1,2]]",2,"[1,8]","[-1,1]",0,True
10,3,16,12,1,31246,3121244,312102835,13,3,39,"[0,6,1]","[1,-1,-1]",[7],"[[0,1,2]]",3,"[0,1,6]","[1,-1,-1]",0,True
10,3,16,12,2,31246,3121244,312102836,13,3,39,"[0,6,1]","[1,-1,-1]",[7],"[[0,1,2]]",4,"[1,2,6,9]","[-1,-1,-1,1]",0,True
10,3,16,12,3,31246,3121244,312102837,15,1,15,"[0,6,1]","[1,-1,-1]",[7],"[[0,1,2]]",4,"[0,5,7,9]","[1,1,1,1]",0,True
10,3,16,12,4,31246,3121244,312102838,14,2,28,"[0,6,1]","[1,-1,-1]",[7],"[[0,1,2]]",3,"[0,3,6]","[1,1,-1]",0,True
10,3,16,12,5,31246,3121244,312102839,14,2,28,"[0,6,1]","[1,-1,-1]",[7],"[[0,1,2]]",2,"[1,6]","[-1,-1]",0,True
50,3,4,12,1,31246,3121284,312501635,2,2,4,"[27,29,21]","[1,-1,-1]",[7],"[[0,1,2]]",1,[4],[1],0,True
50,3,4,12,2,31246,3121284,312501636,3,1,3,"[27,29,21]","[1,-1,-1]",[7],"[[0,1,2]]",1,[18],[-1],0,True
50,3,4,12,3,31246,3121284,312501637,3,1,3,"[27,29,21]","[1,-1,-1]",[7],"[[0,1,2]]",1,[25],[-1],0,True
50,3,4,12,4,31246,3121284,312501638,3,1,3,"[27,29,21]","[1,-1,-1]",[7],"[[0,1,2]]",2,"[10,33]","[-1,1]",0,True
50,3,4,12,5,31246,3121284,312501639,1,3,3,"[27,29,21]","[1,-1,-1]",[7],"[[0,1,2]]",1,[16],[1],0,True
50,3,8,12,1,31246,3121284,312502035,6,2,12,"[27,29,21]","[1,-1,-1]",[7],"[[0,1,2]]",2,"[28,37]","[-1,-1]",0,True
50,3,8,12,2,31246,3121284,312502036,6,2,12,"[27,29,21]","[1,-1,-1]",[7],"[[0,1,2]]",4,"[18,20,33,37]","[1,-1,-1,1]",0,True
50,3,8,12,3,31246,3121284,312502037,6,2,12,"[27,29,21]","[1,-1,-1]",[7],"[[0,1,2]]",2,"[29,42]","[-1,-1]",0,True
50,3,8,12,4,31246,3121284,312502038,7,1,7,"[27,29,21]","[1,-1,-1]",[7],"[[0,1,2]]",2,"[16,45]","[1,1]",0,True
50,3,8,12,5,31246,3121284,312502039,7,1,7,"[27,29,21]","[1,-1,-1]",[7],"[[0,1,2]]",2,"[8,15]","[-1,-1]",0,True
50,3,16,12,1,31246,3121284,312502835,10,6,60,"[27,29,21]","[1,-1,-1]",[7],"[[0,1,2]]",4,"[24,29,36,42]","[1,-1,1,1]",0,True
50,3,16,12,2,31246,3121284,312502836,13,3,39,"[27,29,21]","[1,-1,-1]",[7],"[[0,1,2]]",4,"[4,26,37,39]","[1,-1,1,1]",0,True
50,3,16,12,3,31246,3121284,312502837,14,2,28,"[27,29,21]","[1,-1,-1]",[7],"[[0,1,2]]",4,"[11,21,23,35]","[1,-1,1,1]",0,True
50,3,16,12,4,31246,3121284,312502838,15,1,15,"[27,29,21]","[1,-1,-1]",[7],"[[0,1,2]]",3,"[6,19,38]","[-1,1,1]",0,True
50,3,16,12,5,31246,3121284,312502839,15,1,15,"[27,29,21]","[1,-1,-1]",[7],"[[0,1,2]]",3,"[0,16,34]","[-1,-1,-1]",0,True
100,3,4,12,1,31246,3121334,313001635,3,1,3,"[12,81,4]","[1,-1,-1]",[7],"[[0,1,2]]",2,"[16,55]","[-1,-1]",0,True
100,3,4,12,2,31246,3121334,313001636,3,1,3,"[12,81,4]","[1,-1,-1]",[7],"[[0,1,2]]",2,"[30,32]","[1,1]",0,True
100,3,4,12,3,31246,3121334,313001637,3,1,3,"[12,81,4]","[1,-1,-1]",[7],"[[0,1,2]]",1,[52],[1],0,True
100,3,4,12,4,31246,3121334,313001638,2,2,4,"[12,81,4]","[1,-1,-1]",[7],"[[0,1,2]]",3,"[76,87,97]","[-1,1,1]",0,True
100,3,4,12,5,31246,3121334,313001639,3,1,3,"[12,81,4]","[1,-1,-1]",[7],"[[0,1,2]]",1,[63],[-1],0,True
100,3,8,12,1,31246,3121334,313002035,7,1,7,"[12,81,4]","[1,-1,-1]",[7],"[[0,1,2]]",2,"[50,52]","[1,-1]",0,True
100,3,8,12,2,31246,3121334,313002036,6,2,12,"[12,81,4]","[1,-1,-1]",[7],"[[0,1,2]]",4,"[9,18,33,86]","[-1,1,-1,1]",0,True
100,3,8,12,3,31246,3121334,313002037,6,2,12,"[12,81,4]","[1,-1,-1]",[7],"[[0,1,2]]",4,"[22,41,65,80]","[-1,1,-1,1]",0,True
100,3,8,12,4,31246,3121334,313002038,4,4,16,"[12,81,4]","[1,-1,-1]",[7],"[[0,1,2]]",3,"[34,59,74]","[1,-1,-1]",0,True
100,3,8,12,5,31246,3121334,313002039,7,1,7,"[12,81,4]","[1,-1,-1]",[7],"[[0,1,2]]",2,"[26,63]","[1,1]",0,True
100,3,16,12,1,31246,3121334,313002835,13,3,39,"[12,81,4]","[1,-1,-1]",[7],"[[0,1,2]]",4,"[5,29,36,60]","[1,1,1,-1]",0,True
100,3,16,12,2,31246,3121334,313002836,14,2,28,"[12,81,4]","[1,-1,-1]",[7],"[[0,1,2]]",5,"[2,30,47,73,99]","[-1,1,1,1,1]",0,True
100,3,16,12,3,31246,3121334,313002837,13,3,39,"[12,81,4]","[1,-1,-1]",[7],"[[0,1,2]]",4,"[42,62,88,96]","[-1,-1,-1,1]",0,True
100,3,16,12,4,31246,3121334,313002838,13,3,39,"[12,81,4]","[1,-1,-1]",[7],"[[0,1,2]]",4,"[6,13,43,60]","[1,1,-1,-1]",0,True
100,3,16,12,5,31246,3121334,313002839,15,1,15,"[12,81,4]","[1,-1,-1]",[7],"[[0,1,2]]",3,"[38,85,98]","[1,-1,1]",0,True
10,3,4,13,1,31247,3131244,313101635,2,2,4,"[5,7,3]","[1,1,1]","[5,6]","[[0,2],[1,2]]",2,"[1,2]","[-1,1]",0,True
10,3,4,13,2,31247,3131244,313101636,3,1,3,"[5,7,3]","[1,1,1]","[5,6]","[[0,2],[1,2]]",1,[4],[-1],0,True
10,3,4,13,3,31247,3131244,313101637,3,1,3,"[5,7,3]","[1,1,1]","[5,6]","[[0,2],[1,2]]",1,[6],[1],0,True
10,3,4,13,4,31247,3131244,313101638,3,1,3,"[5,7,3]","[1,1,1]","[5,6]","[[0,2],[1,2]]",1,[1],[-1],0,True
10,3,4,13,5,31247,3131244,313101639,3,1,3,"[5,7,3]","[1,1,1]","[5,6]","[[0,2],[1,2]]",1,[8],[1],0,True
10,3,8,13,1,31247,3131244,313102035,3,5,15,"[5,7,3]","[1,1,1]","[5,6]","[[0,2],[1,2]]",3,"[5,8,9]","[1,1,-1]",0,True
10,3,8,13,2,31247,3131244,313102036,5,3,15,"[5,7,3]","[1,1,1]","[5,6]","[[0,2],[1,2]]",3,"[2,3,8]","[1,1,-1]",0,True
10,3,8,13,3,31247,3131244,313102037,6,2,12,"[5,7,3]","[1,1,1]","[5,6]","[[0,2],[1,2]]",3,"[4,5,7]","[-1,1,1]",0,True
10,3,8,13,4,31247,3131244,313102038,5,3,15,"[5,7,3]","[1,1,1]","[5,6]","[[0,2],[1,2]]",2,"[1,3]","[1,1]",0,True
10,3,8,13,5,31247,3131244,313102039,6,2,12,"[5,7,3]","[1,1,1]","[5,6]","[[0,2],[1,2]]",1,[5],[1],0,True
10,3,16,13,1,31247,3131244,313102835,13,3,39,"[5,7,3]","[1,1,1]","[5,6]","[[0,2],[1,2]]",2,"[3,5]","[1,1]",0,True
10,3,16,13,2,31247,3131244,313102836,9,7,63,"[5,7,3]","[1,1,1]","[5,6]","[[0,2],[1,2]]",3,"[3,5,9]","[1,1,1]",0,True
10,3,16,13,3,31247,3131244,313102837,8,8,64,"[5,7,3]","[1,1,1]","[5,6]","[[0,2],[1,2]]",1,[3],[1],0,True
10,3,16,13,4,31247,3131244,313102838,13,3,39,"[5,7,3]","[1,1,1]","[5,6]","[[0,2],[1,2]]",3,"[0,3,4]","[-1,1,1]",0,True
10,3,16,13,5,31247,3131244,313102839,9,7,63,"[5,7,3]","[1,1,1]","[5,6]","[[0,2],[1,2]]",3,"[3,5,7]","[1,1,1]",0,True
50,3,4,13,1,31247,3131284,313501635,3,1,3,"[7,24,33]","[1,1,1]","[5,6]","[[0,2],[1,2]]",2,"[23,29]","[-1,-1]",0,True
50,3,4,13,2,31247,3131284,313501636,3,1,3,"[7,24,33]","[1,1,1]","[5,6]","[[0,2],[1,2]]",1,[18],[1],0,True
50,3,4,13,3,31247,3131284,313501637,2,2,4,"[7,24,33]","[1,1,1]","[5,6]","[[0,2],[1,2]]",2,"[39,43]","[-1,-1]",0,True
50,3,4,13,4,31247,3131284,313501638,3,1,3,"[7,24,33]","[1,1,1]","[5,6]","[[0,2],[1,2]]",1,[33],[1],0,True
50,3,4,13,5,31247,3131284,313501639,3,1,3,"[7,24,33]","[1,1,1]","[5,6]","[[0,2],[1,2]]",2,"[9,36]","[1,-1]",0,True
50,3,8,13,1,31247,3131284,313502035,5,3,15,"[7,24,33]","[1,1,1]","[5,6]","[[0,2],[1,2]]",3,"[7,41,43]","[1,-1,1]",0,True
50,3,8,13,2,31247,3131284,313502036,4,4,16,"[7,24,33]","[1,1,1]","[5,6]","[[0,2],[1,2]]",3,"[14,20,33]","[-1,-1,1]",0,True
50,3,8,13,3,31247,3131284,313502037,4,4,16,"[7,24,33]","[1,1,1]","[5,6]","[[0,2],[1,2]]",4,"[13,17,25,26]","[-1,-1,-1,-1]",0,True
50,3,8,13,4,31247,3131284,313502038,4,4,16,"[7,24,33]","[1,1,1]","[5,6]","[[0,2],[1,2]]",3,"[26,30,41]","[-1,-1,1]",0,True
50,3,8,13,5,31247,3131284,313502039,5,3,15,"[7,24,33]","[1,1,1]","[5,6]","[[0,2],[1,2]]",2,"[25,38]","[1,-1]",0,True
50,3,16,13,1,31247,3131284,313502835,11,5,55,"[7,24,33]","[1,1,1]","[5,6]","[[0,2],[1,2]]",4,"[7,21,25,30]","[1,1,1,-1]",0,True
50,3,16,13,2,31247,3131284,313502836,11,5,55,"[7,24,33]","[1,1,1]","[5,6]","[[0,2],[1,2]]",4,"[12,16,31,43]","[-1,1,-1,1]",0,True
50,3,16,13,3,31247,3131284,313502837,11,5,55,"[7,24,33]","[1,1,1]","[5,6]","[[0,2],[1,2]]",5,"[8,17,31,34,35]","[1,1,-1,-1,1]",0,True
50,3,16,13,4,31247,3131284,313502838,10,6,60,"[7,24,33]","[1,1,1]","[5,6]","[[0,2],[1,2]]",5,"[1,8,14,36,43]","[1,-1,-1,1,-1]",0,True
50,3,16,13,5,31247,3131284,313502839,6,10,60,"[7,24,33]","[1,1,1]","[5,6]","[[0,2],[1,2]]",1,[33],[1],0,True
100,3,4,13,1,31247,3131334,314001635,2,2,4,"[87,32,43]","[1,1,1]","[5,6]","[[0,2],[1,2]]",2,"[46,71]","[-1,-1]",0,True
100,3,4,13,2,31247,3131334,314001636,2,2,4,"[87,32,43]","[1,1,1]","[5,6]","[[0,2],[1,2]]",1,[42],[-1],0,True
100,3,4,13,3,31247,3131334,314001637,3,1,3,"[87,32,43]","[1,1,1]","[5,6]","[[0,2],[1,2]]",2,"[19,65]","[-1,-1]",0,True
100,3,4,13,4,31247,3131334,314001638,2,2,4,"[87,32,43]","[1,1,1]","[5,6]","[[0,2],[1,2]]",2,"[10,56]","[-1,1]",0,True
100,3,4,13,5,31247,3131334,314001639,2,2,4,"[87,32,43]","[1,1,1]","[5,6]","[[0,2],[1,2]]",1,[43],[1],0,True
100,3,8,13,1,31247,3131334,314002035,4,4,16,"[87,32,43]","[1,1,1]","[5,6]","[[0,2],[1,2]]",3,"[30,78,98]","[1,-1,1]",0,True
100,3,8,13,2,31247,3131334,314002036,4,4,16,"[87,32,43]","[1,1,1]","[5,6]","[[0,2],[1,2]]",3,"[3,31,79]","[1,1,-1]",0,True
100,3,8,13,3,31247,3131334,314002037,4,4,16,"[87,32,43]","[1,1,1]","[5,6]","[[0,2],[1,2]]",5,"[22,29,73,81,82]","[-1,-1,-1,1,1]",0,True
100,3,8,13,4,31247,3131334,314002038,5,3,15,"[87,32,43]","[1,1,1]","[5,6]","[[0,2],[1,2]]",4,"[26,40,42,82]","[-1,-1,-1,-1]",0,True
100,3,8,13,5,31247,3131334,314002039,3,5,15,"[87,32,43]","[1,1,1]","[5,6]","[[0,2],[1,2]]",3,"[32,76,93]","[1,-1,-1]",0,True
100,3,16,13,1,31247,3131334,314002835,10,6,60,"[87,32,43]","[1,1,1]","[5,6]","[[0,2],[1,2]]",7,"[7,22,55,61,73,75,96]","[-1,1,-1,-1,-1,1,-1]",0,True
100,3,16,13,2,31247,3131334,314002836,8,8,64,"[87,32,43]","[1,1,1]","[5,6]","[[0,2],[1,2]]",7,"[7,24,41,59,67,83,93]","[1,1,1,1,-1,1,1]",0,True
100,3,16,13,3,31247,3131334,314002837,9,7,63,"[87,32,43]","[1,1,1]","[5,6]","[[0,2],[1,2]]",4,"[14,43,46,98]","[1,1,-1,1]",0,True
100,3,16,13,4,31247,3131334,314002838,12,4,48,"[87,32,43]","[1,1,1]","[5,6]","[[0,2],[1,2]]",7,"[2,7,13,25,48,55,71]","[-1,-1,1,1,1,1,1]",0,True
100,3,16,13,5,31247,3131334,314002839,7,9,63,"[87,32,43]","[1,1,1]","[5,6]","[[0,2],[1,2]]",5,"[0,30,35,54,65]","[-1,-1,1,-1,1]",0,True
10,3,4,14,1,31248,3141244,314101635,1,3,3,"[8,1,4]","[-1,1,-1]","[3,5,6]","[[0,1],[0,2],[1,2]]",1,[3],[-1],0,True
10,3,4,14,2,31248,3141244,314101636,2,2,4,"[8,1,4]","[-1,1,-1]","[3,5,6]","[[0,1],[0,2],[1,2]]",2,"[5,7]","[-1,1]",0,True
10,3,4,14,3,31248,3141244,314101637,3,1,3,"[8,1,4]","[-1,1,-1]","[3,5,6]","[[0,1],[0,2],[1,2]]",1,[8],[-1],0,True
10,3,4,14,4,31248,3141244,314101638,2,2,4,"[8,1,4]","[-1,1,-1]","[3,5,6]","[[0,1],[0,2],[1,2]]",1,[1],[1],0,True
10,3,4,14,5,31248,3141244,314101639,1,3,3,"[8,1,4]","[-1,1,-1]","[3,5,6]","[[0,1],[0,2],[1,2]]",1,[8],[-1],0,True
10,3,8,14,1,31248,3141244,314102035,7,1,7,"[8,1,4]","[-1,1,-1]","[3,5,6]","[[0,1],[0,2],[1,2]]",1,[1],[1],0,True
10,3,8,14,2,31248,3141244,314102036,4,4,16,"[8,1,4]","[-1,1,-1]","[3,5,6]","[[0,1],[0,2],[1,2]]",3,"[1,4,8]","[1,-1,-1]",0,True
10,3,8,14,3,31248,3141244,314102037,2,6,12,"[8,1,4]","[-1,1,-1]","[3,5,6]","[[0,1],[0,2],[1,2]]",3,"[1,3,9]","[1,1,1]",0,True
10,3,8,14,4,31248,3141244,314102038,5,3,15,"[8,1,4]","[-1,1,-1]","[3,5,6]","[[0,1],[0,2],[1,2]]",3,"[3,4,8]","[-1,-1,-1]",0,True
10,3,8,14,5,31248,3141244,314102039,3,5,15,"[8,1,4]","[-1,1,-1]","[3,5,6]","[[0,1],[0,2],[1,2]]",1,[4],[-1],0,True
10,3,16,14,1,31248,3141244,314102835,9,7,63,"[8,1,4]","[-1,1,-1]","[3,5,6]","[[0,1],[0,2],[1,2]]",3,"[1,4,8]","[1,-1,-1]",0,True
10,3,16,14,2,31248,3141244,314102836,8,8,64,"[8,1,4]","[-1,1,-1]","[3,5,6]","[[0,1],[0,2],[1,2]]",3,"[1,4,8]","[1,-1,-1]",0,True
10,3,16,14,3,31248,3141244,314102837,5,11,55,"[8,1,4]","[-1,1,-1]","[3,5,6]","[[0,1],[0,2],[1,2]]",3,"[1,4,8]","[1,-1,-1]",0,True
10,3,16,14,4,31248,3141244,314102838,7,9,63,"[8,1,4]","[-1,1,-1]","[3,5,6]","[[0,1],[0,2],[1,2]]",4,"[2,4,8,9]","[1,-1,-1,-1]",0,True
10,3,16,14,5,31248,3141244,314102839,11,5,55,"[8,1,4]","[-1,1,-1]","[3,5,6]","[[0,1],[0,2],[1,2]]",3,"[0,1,8]","[1,1,-1]",0,True
50,3,4,14,1,31248,3141284,314501635,1,3,3,"[34,32,16]","[-1,1,-1]","[3,5,6]","[[0,1],[0,2],[1,2]]",1,[49],[-1],0,True
50,3,4,14,2,31248,3141284,314501636,1,3,3,"[34,32,16]","[-1,1,-1]","[3,5,6]","[[0,1],[0,2],[1,2]]",2,"[2,18]","[1,-1]",0,True
50,3,4,14,3,31248,3141284,314501637,2,2,4,"[34,32,16]","[-1,1,-1]","[3,5,6]","[[0,1],[0,2],[1,2]]",3,"[18,30,49]","[1,1,1]",0,True
50,3,4,14,4,31248,3141284,314501638,2,2,4,"[34,32,16]","[-1,1,-1]","[3,5,6]","[[0,1],[0,2],[1,2]]",2,"[22,30]","[-1,1]",0,True
50,3,4,14,5,31248,3141284,314501639,2,2,4,"[34,32,16]","[-1,1,-1]","[3,5,6]","[[0,1],[0,2],[1,2]]",2,"[21,41]","[1,1]",0,True
50,3,8,14,1,31248,3141284,314502035,3,5,15,"[34,32,16]","[-1,1,-1]","[3,5,6]","[[0,1],[0,2],[1,2]]",2,"[4,49]","[-1,-1]",0,True
50,3,8,14,2,31248,3141284,314502036,4,4,16,"[34,32,16]","[-1,1,-1]","[3,5,6]","[[0,1],[0,2],[1,2]]",6,"[0,12,14,16,35,37]","[1,-1,1,-1,-1,-1]",0,True
50,3,8,14,3,31248,3141284,314502037,3,5,15,"[34,32,16]","[-1,1,-1]","[3,5,6]","[[0,1],[0,2],[1,2]]",3,"[6,10,29]","[1,-1,1]",0,True
50,3,8,14,4,31248,3141284,314502038,3,5,15,"[34,32,16]","[-1,1,-1]","[3,5,6]","[[0,1],[0,2],[1,2]]",3,"[18,32,35]","[-1,1,1]",0,True
50,3,8,14,5,31248,3141284,314502039,6,2,12,"[34,32,16]","[-1,1,-1]","[3,5,6]","[[0,1],[0,2],[1,2]]",2,"[13,16]","[-1,-1]",0,True
50,3,16,14,1,31248,3141284,314502835,7,9,63,"[34,32,16]","[-1,1,-1]","[3,5,6]","[[0,1],[0,2],[1,2]]",1,[34],[-1],0,True
50,3,16,14,2,31248,3141284,314502836,7,9,63,"[34,32,16]","[-1,1,-1]","[3,5,6]","[[0,1],[0,2],[1,2]]",6,"[5,14,25,43,46,47]","[1,1,-1,1,1,-1]",0,True
50,3,16,14,3,31248,3141284,314502837,7,9,63,"[34,32,16]","[-1,1,-1]","[3,5,6]","[[0,1],[0,2],[1,2]]",6,"[4,9,12,26,31,35]","[1,-1,-1,-1,-1,-1]",0,True
50,3,16,14,4,31248,3141284,314502838,7,9,63,"[34,32,16]","[-1,1,-1]","[3,5,6]","[[0,1],[0,2],[1,2]]",5,"[3,19,32,34,42]","[-1,-1,1,-1,-1]",0,True
50,3,16,14,5,31248,3141284,314502839,8,8,64,"[34,32,16]","[-1,1,-1]","[3,5,6]","[[0,1],[0,2],[1,2]]",6,"[1,6,9,42,43,47]","[-1,1,-1,-1,-1,1]",0,True
100,3,4,14,1,31248,3141334,315001635,2,2,4,"[44,85,48]","[-1,1,-1]","[3,5,6]","[[0,1],[0,2],[1,2]]",3,"[16,21,47]","[-1,-1,-1]",0,True
100,3,4,14,2,31248,3141334,315001636,2,2,4,"[44,85,48]","[-1,1,-1]","[3,5,6]","[[0,1],[0,2],[1,2]]",1,[73],[1],0,True
100,3,4,14,3,31248,3141334,315001637,1,3,3,"[44,85,48]","[-1,1,-1]","[3,5,6]","[[0,1],[0,2],[1,2]]",1,[28],[1],0,True
100,3,4,14,4,31248,3141334,315001638,3,1,3,"[44,85,48]","[-1,1,-1]","[3,5,6]","[[0,1],[0,2],[1,2]]",2,"[1,65]","[-1,-1]",0,True
100,3,4,14,5,31248,3141334,315001639,1,3,3,"[44,85,48]","[-1,1,-1]","[3,5,6]","[[0,1],[0,2],[1,2]]",2,"[42,72]","[-1,1]",0,True
100,3,8,14,1,31248,3141334,315002035,3,5,15,"[44,85,48]","[-1,1,-1]","[3,5,6]","[[0,1],[0,2],[1,2]]",4,"[7,32,53,68]","[-1,-1,1,-1]",0,True
100,3,8,14,2,31248,3141334,315002036,3,5,15,"[44,85,48]","[-1,1,-1]","[3,5,6]","[[0,1],[0,2],[1,2]]",3,"[7,42,99]","[-1,1,-1]",0,True
100,3,8,14,3,31248,3141334,315002037,6,2,12,"[44,85,48]","[-1,1,-1]","[3,5,6]","[[0,1],[0,2],[1,2]]",4,"[5,31,54,67]","[-1,1,1,-1]",0,True
100,3,8,14,4,31248,3141334,315002038,5,3,15,"[44,85,48]","[-1,1,-1]","[3,5,6]","[[0,1],[0,2],[1,2]]",2,"[67,69]","[1,1]",0,True
100,3,8,14,5,31248,3141334,315002039,3,5,15,"[44,85,48]","[-1,1,-1]","[3,5,6]","[[0,1],[0,2],[1,2]]",2,"[32,60]","[1,-1]",0,True
100,3,16,14,1,31248,3141334,315002835,9,7,63,"[44,85,48]","[-1,1,-1]","[3,5,6]","[[0,1],[0,2],[1,2]]",7,"[7,40,50,59,67,80,84]","[1,1,-1,1,1,-1,1]",0,True
100,3,16,14,2,31248,3141334,315002836,8,8,64,"[44,85,48]","[-1,1,-1]","[3,5,6]","[[0,1],[0,2],[1,2]]",3,"[62,85,97]","[1,1,1]",0,True
100,3,16,14,3,31248,3141334,315002837,11,5,55,"[44,85,48]","[-1,1,-1]","[3,5,6]","[[0,1],[0,2],[1,2]]",5,"[0,28,38,69,95]","[-1,-1,1,1,-1]",0,True
100,3,16,14,4,31248,3141334,315002838,7,9,63,"[44,85,48]","[-1,1,-1]","[3,5,6]","[[0,1],[0,2],[1,2]]",7,"[1,6,35,38,47,57,94]","[-1,1,-1,-1,1,1,1]",0,True
100,3,16,14,5,31248,3141334,315002839,7,9,63,"[44,85,48]","[-1,1,-1]","[3,5,6]","[[0,1],[0,2],[1,2]]",4,"[8,29,38,39]","[1,1,-1,1]",0,True
10,3,4,15,1,31249,3151244,315101635,2,2,4,"[0,2,7]","[1,-1,-1]","[5,6]","[[0,2],[1,2]]",3,"[2,8,9]","[-1,1,1]",0,True
10,3,4,15,2,31249,3151244,315101636,1,3,3,"[0,2,7]","[1,-1,-1]","[5,6]","[[0,2],[1,2]]",1,[7],[-1],0,True
10,3,4,15,3,31249,3151244,315101637,2,2,4,"[0,2,7]","[1,-1,-1]","[5,6]","[[0,2],[1,2]]",1,[4],[-1],0,True
10,3,4,15,4,31249,3151244,315101638,1,3,3,"[0,2,7]","[1,-1,-1]","[5,6]","[[0,2],[1,2]]",2,"[6,9]","[1,-1]",0,True
10,3,4,15,5,31249,3151244,315101639,1,3,3,"[0,2,7]","[1,-1,-1]","[5,6]","[[0,2],[1,2]]",2,"[2,8]","[1,-1]",0,True
10,3,8,15,1,31249,3151244,315102035,4,4,16,"[0,2,7]","[1,-1,-1]","[5,6]","[[0,2],[1,2]]",2,"[0,9]","[-1,1]",0,True
10,3,8,15,2,31249,3151244,315102036,4,4,16,"[0,2,7]","[1,-1,-1]","[5,6]","[[0,2],[1,2]]",1,[7],[-1],0,True
10,3,8,15,3,31249,3151244,315102037,4,4,16,"[0,2,7]","[1,-1,-1]","[5,6]","[[0,2],[1,2]]",2,"[0,7]","[1,-1]",0,True
10,3,8,15,4,31249,3151244,315102038,3,5,15,"[0,2,7]","[1,-1,-1]","[5,6]","[[0,2],[1,2]]",3,"[0,6,7]","[1,1,-1]",0,True
10,3,8,15,5,31249,3151244,315102039,3,5,15,"[0,2,7]","[1,-1,-1]","[5,6]","[[0,2],[1,2]]",2,"[1,3]","[-1,1]",0,True
10,3,16,15,1,31249,3151244,315102835,10,6,60,"[0,2,7]","[1,-1,-1]","[5,6]","[[0,2],[1,2]]",3,"[6,7,8]","[1,-1,1]",0,True
10,3,16,15,2,31249,3151244,315102836,7,9,63,"[0,2,7]","[1,-1,-1]","[5,6]","[[0,2],[1,2]]",3,"[2,7,9]","[-1,-1,-1]",0,True
10,3,16,15,3,31249,3151244,315102837,11,5,55,"[0,2,7]","[1,-1,-1]","[5,6]","[[0,2],[1,2]]",2,"[0,7]","[1,-1]",0,True
10,3,16,15,4,31249,3151244,315102838,8,8,64,"[0,2,7]","[1,-1,-1]","[5,6]","[[0,2],[1,2]]",1,[7],[-1],0,True
10,3,16,15,5,31249,3151244,315102839,9,7,63,"[0,2,7]","[1,-1,-1]","[5,6]","[[0,2],[1,2]]",3,"[2,7,9]","[-1,-1,1]",0,True
50,3,4,15,1,31249,3151284,315501635,3,1,3,"[11,21,41]","[1,-1,-1]","[5,6]","[[0,2],[1,2]]",2,"[11,28]","[1,1]",0,True
50,3,4,15,2,31249,3151284,315501636,1,3,3,"[11,21,41]","[1,-1,-1]","[5,6]","[[0,2],[1,2]]",2,"[19,39]","[-1,1]",0,True
50,3,4,15,3,31249,3151284,315501637,3,1,3,"[11,21,41]","[1,-1,-1]","[5,6]","[[0,2],[1,2]]",1,[36],[-1],0,True
50,3,4,15,4,31249,3151284,315501638,3,1,3,"[11,21,41]","[1,-1,-1]","[5,6]","[[0,2],[1,2]]",2,"[8,33]","[1,-1]",0,True
50,3,4,15,5,31249,3151284,315501639,2,2,4,"[11,21,41]","[1,-1,-1]","[5,6]","[[0,2],[1,2]]",1,[2],[-1],0,True
50,3,8,15,1,31249,3151284,315502035,5,3,15,"[11,21,41]","[1,-1,-1]","[5,6]","[[0,2],[1,2]]",3,"[29,35,49]","[1,-1,-1]",0,True
50,3,8,15,2,31249,3151284,315502036,3,5,15,"[11,21,41]","[1,-1,-1]","[5,6]","[[0,2],[1,2]]",4,"[15,18,24,45]","[1,-1,-1,1]",0,True
50,3,8,15,3,31249,3151284,315502037,5,3,15,"[11,21,41]","[1,-1,-1]","[5,6]","[[0,2],[1,2]]",4,"[1,15,28,44]","[-1,-1,-1,-1]",0,True
50,3,8,15,4,31249,3151284,315502038,7,1,7,"[11,21,41]","[1,-1,-1]","[5,6]","[[0,2],[1,2]]",2,"[21,32]","[-1,1]",0,True
50,3,8,15,5,31249,3151284,315502039,2,6,12,"[11,21,41]","[1,-1,-1]","[5,6]","[[0,2],[1,2]]",3,"[3,27,46]","[-1,-1,-1]",0,True
50,3,16,15,1,31249,3151284,315502835,10,6,60,"[11,21,41]","[1,-1,-1]","[5,6]","[[0,2],[1,2]]",5,"[4,6,11,25,27]","[-1,-1,1,1,-1]",0,True
50,3,16,15,2,31249,3151284,315502836,12,4,48,"[11,21,41]","[1,-1,-1]","[5,6]","[[0,2],[1,2]]",4,"[11,41,45,46]","[1,-1,1,1]",0,True
50,3,16,15,3,31249,3151284,315502837,9,7,63,"[11,21,41]","[1,-1,-1]","[5,6]","[[0,2],[1,2]]",5,"[8,12,20,22,38]","[1,1,-1,-1,1]",0,True
50,3,16,15,4,31249,3151284,315502838,10,6,60,"[11,21,41]","[1,-1,-1]","[5,6]","[[0,2],[1,2]]",5,"[13,17,22,38,41]","[-1,1,-1,1,-1]",0,True
50,3,16,15,5,31249,3151284,315502839,12,4,48,"[11,21,41]","[1,-1,-1]","[5,6]","[[0,2],[1,2]]",5,"[25,32,35,43,46]","[-1,1,-1,1,1]",0,True
100,3,4,15,1,31249,3151334,316001635,1,3,3,"[27,97,16]","[1,-1,-1]","[5,6]","[[0,2],[1,2]]",2,"[30,85]","[1,-1]",0,True
100,3,4,15,2,31249,3151334,316001636,2,2,4,"[27,97,16]","[1,-1,-1]","[5,6]","[[0,2],[1,2]]",3,"[12,39,93]","[1,1,1]",0,True
100,3,4,15,3,31249,3151334,316001637,3,1,3,"[27,97,16]","[1,-1,-1]","[5,6]","[[0,2],[1,2]]",2,"[82,87]","[-1,1]",0,True
100,3,4,15,4,31249,3151334,316001638,3,1,3,"[27,97,16]","[1,-1,-1]","[5,6]","[[0,2],[1,2]]",1,[7],[1],0,True
100,3,4,15,5,31249,3151334,316001639,3,1,3,"[27,97,16]","[1,-1,-1]","[5,6]","[[0,2],[1,2]]",1,[76],[1],0,True
100,3,8,15,1,31249,3151334,316002035,4,4,16,"[27,97,16]","[1,-1,-1]","[5,6]","[[0,2],[1,2]]",4,"[11,63,80,90]","[-1,-1,-1,1]",0,True
100,3,8,15,2,31249,3151334,316002036,4,4,16,"[27,97,16]","[1,-1,-1]","[5,6]","[[0,2],[1,2]]",3,"[7,19,80]","[-1,1,-1]",0,True
100,3,8,15,3,31249,3151334,316002037,5,3,15,"[27,97,16]","[1,-1,-1]","[5,6]","[[0,2],[1,2]]",2,"[17,51]","[1,-1]",0,True
100,3,8,15,4,31249,3151334,316002038,6,2,12,"[27,97,16]","[1,-1,-1]","[5,6]","[[0,2],[1,2]]",2,"[27,79]","[1,1]",0,True
100,3,8,15,5,31249,3151334,316002039,4,4,16,"[27,97,16]","[1,-1,-1]","[5,6]","[[0,2],[1,2]]",3,"[1,21,54]","[1,-1,1]",0,True
100,3,16,15,1,31249,3151334,316002835,13,3,39,"[27,97,16]","[1,-1,-1]","[5,6]","[[0,2],[1,2]]",7,"[22,30,31,48,57,71,86]","[-1,-1,-1,-1,-1,1,1]",0,True
100,3,16,15,2,31249,3151334,316002836,11,5,55,"[27,97,16]","[1,-1,-1]","[5,6]","[[0,2],[1,2]]",2,"[9,42]","[1,1]",0,True
100,3,16,15,3,31249,3151334,316002837,10,6,60,"[27,97,16]","[1,-1,-1]","[5,6]","[[0,2],[1,2]]",6,"[19,32,34,71,72,78]","[-1,-1,1,-1,-1,-1]",0,True
100,3,16,15,4,31249,3151334,316002838,11,5,55,"[27,97,16]","[1,-1,-1]","[5,6]","[[0,2],[1,2]]",6,"[11,21,39,44,72,77]","[-1,-1,-1,1,-1,1]",0,True
100,3,16,15,5,31249,3151334,316002839,12,4,48,"[27,97,16]","[1,-1,-1]","[5,6]","[[0,2],[1,2]]",8,"[38,39,49,53,70,71,76,84]","[1,1,-1,1,1,-1,1,-1]",0,True
10,4,8,1,1,41235,4011244,401102035,3,5,15,"[7,5,0,9]","[-1,-1,-1,1]","[9,4,2]","[[0,3],[2],[1]]",2,"[3,4]","[1,-1]",0,True
10,4,8,1,2,41235,4011244,401102036,1,7,7,"[7,5,0,9]","[-1,-1,-1,1]","[9,4,2]","[[0,3],[2],[1]]",2,"[0,6]","[-1,-1]",0,True
10,4,8,1,3,41235,4011244,401102037,1,7,7,"[7,5,0,9]","[-1,-1,-1,1]","[9,4,2]","[[0,3],[2],[1]]",2,"[0,7]","[-1,-1]",0,True
10,4,8,1,4,41235,4011244,401102038,1,7,7,"[7,5,0,9]","[-1,-1,-1,1]","[9,4,2]","[[0,3],[2],[1]]",2,"[7,8]","[-1,1]",0,True
10,4,8,1,5,41235,4011244,401102039,1,7,7,"[7,5,0,9]","[-1,-1,-1,1]","[9,4,2]","[[0,3],[2],[1]]",2,"[0,1]","[-1,1]",0,True
10,4,16,1,1,41235,4011244,401102835,2,14,28,"[7,5,0,9]","[-1,-1,-1,1]","[9,4,2]","[[0,3],[2],[1]]",5,"[0,2,4,6,7]","[-1,1,1,1,-1]",0,True
10,4,16,1,2,41235,4011244,401102836,5,11,55,"[7,5,0,9]","[-1,-1,-1,1]","[9,4,2]","[[0,3],[2],[1]]",3,"[0,2,6]","[-1,1,-1]",0,True
10,4,16,1,3,41235,4011244,401102837,2,14,28,"[7,5,0,9]","[-1,-1,-1,1]","[9,4,2]","[[0,3],[2],[1]]",5,"[0,1,2,6,9]","[-1,-1,-1,-1,-1]",0,True
10,4,16,1,4,41235,4011244,401102838,3,13,39,"[7,5,0,9]","[-1,-1,-1,1]","[9,4,2]","[[0,3],[2],[1]]",2,"[0,3]","[-1,1]",0,True
10,4,16,1,5,41235,4011244,401102839,2,14,28,"[7,5,0,9]","[-1,-1,-1,1]","[9,4,2]","[[0,3],[2],[1]]",2,"[0,5]","[-1,-1]",0,True
10,4,32,1,1,41235,4011244,401104435,8,24,192,"[7,5,0,9]","[-1,-1,-1,1]","[9,4,2]","[[0,3],[2],[1]]",5,"[0,2,3,5,9]","[-1,-1,-1,-1,1]",0,True
10,4,32,1,2,41235,4011244,401104436,6,26,156,"[7,5,0,9]","[-1,-1,-1,1]","[9,4,2]","[[0,3],[2],[1]]",4,"[0,5,7,9]","[-1,-1,-1,1]",0,True
10,4,32,1,3,41235,4011244,401104437,10,22,220,"[7,5,0,9]","[-1,-1,-1,1]","[9,4,2]","[[0,3],[2],[1]]",2,"[0,5]","[-1,-1]",0,True
10,4,32,1,4,41235,4011244,401104438,7,25,175,"[7,5,0,9]","[-1,-1,-1,1]","[9,4,2]","[[0,3],[2],[1]]",5,"[0,2,7,8,9]","[-1,1,-1,-1,1]",0,True
10,4,32,1,5,41235,4011244,401104439,6,26,156,"[7,5,0,9]","[-1,-1,-1,1]","[9,4,2]","[[0,3],[2],[1]]",4,"[0,5,7,9]","[-1,-1,-1,1]",0,True
50,4,8,1,1,41235,4011284,401502035,3,5,15,"[19,8,9,47]","[-1,-1,-1,1]","[9,4,2]","[[0,3],[2],[1]]",2,"[9,28]","[-1,1]",0,True
50,4,8,1,2,41235,4011284,401502036,2,6,12,"[19,8,9,47]","[-1,-1,-1,1]","[9,4,2]","[[0,3],[2],[1]]",4,"[15,16,37,48]","[1,1,1,1]",0,True
50,4,8,1,3,41235,4011284,401502037,2,6,12,"[19,8,9,47]","[-1,-1,-1,1]","[9,4,2]","[[0,3],[2],[1]]",4,"[3,12,40,49]","[-1,1,-1,1]",0,True
50,4,8,1,4,41235,4011284,401502038,2,6,12,"[19,8,9,47]","[-1,-1,-1,1]","[9,4,2]","[[0,3],[2],[1]]",2,"[33,47]","[-1,1]",0,True
50,4,8,1,5,41235,4011284,401502039,1,7,7,"[19,8,9,47]","[-1,-1,-1,1]","[9,4,2]","[[0,3],[2],[1]]",2,"[22,46]","[-1,-1]",0,True
50,4,16,1,1,41235,4011284,401502835,5,11,55,"[19,8,9,47]","[-1,-1,-1,1]","[9,4,2]","[[0,3],[2],[1]]",5,"[20,25,30,39,43]","[1,1,1,-1,-1]",0,True
50,4,16,1,2,41235,4011284,401502836,4,12,48,"[19,8,9,47]","[-1,-1,-1,1]","[9,4,2]","[[0,3],[2],[1]]",6,"[5,13,24,33,36,48]","[-1,1,1,1,-1,1]",0,True
50,4,16,1,3,41235,4011284,401502837,3,13,39,"[19,8,9,47]","[-1,-1,-1,1]","[9,4,2]","[[0,3],[2],[1]]",5,"[1,9,24,30,31]","[1,-1,1,1,1]",0,True
50,4,16,1,4,41235,4011284,401502838,4,12,48,"[19,8,9,47]","[-1,-1,-1,1]","[9,4,2]","[[0,3],[2],[1]]",6,"[7,12,22,28,30,43]","[-1,-1,-1,-1,-1,-1]",0,True
50,4,16,1,5,41235,4011284,401502839,6,10,60,"[19,8,9,47]","[-1,-1,-1,1]","[9,4,2]","[[0,3],[2],[1]]",4,"[5,8,9,27]","[1,-1,-1,1]",0,True
50,4,32,1,1,41235,4011284,401504435,8,24,192,"[19,8,9,47]","[-1,-1,-1,1]","[9,4,2]","[[0,3],[2],[1]]",7,"[5,6,13,26,35,36,43]","[-1,-1,1,1,-1,-1,-1]",0,True
50,4,32,1,2,41235,4011284,401504436,8,24,192,"[19,8,9,47]","[-1,-1,-1,1]","[9,4,2]","[[0,3],[2],[1]]",8,"[4,8,14,16,22,30,40,48]","[-1,-1,-1,1,1,1,-1,-1]",0,True
50,4,32,1,3,41235,4011284,401504437,8,24,192,"[19,8,9,47]","[-1,-1,-1,1]","[9,4,2]","[[0,3],[2],[1]]",7,"[10,17,28,33,41,45,48]","[-1,1,-1,-1,1,1,-1]",0,True
50,4,32,1,4,41235,4011284,401504438,4,28,112,"[19,8,9,47]","[-1,-1,-1,1]","[9,4,2]","[[0,3],[2],[1]]",6,"[3,5,10,12,32,43]","[-1,-1,-1,1,-1,-1]",0,True
50,4,32,1,5,41235,4011284,401504439,8,24,192,"[19,8,9,47]","[-1,-1,-1,1]","[9,4,2]","[[0,3],[2],[1]]",9,"[3,7,8,17,21,29,38,40,42]","[1,1,-1,1,-1,-1,-1,-1,1]",0,True
100,4,8,1,1,41235,4011334,402002035,2,6,12,"[15,53,73,11]","[-1,-1,-1,1]","[9,4,2]","[[0,3],[2],[1]]",1,[70],[1],0,True
100,4,8,1,2,41235,4011334,402002036,4,4,16,"[15,53,73,11]","[-1,-1,-1,1]","[9,4,2]","[[0,3],[2],[1]]",4,"[2,10,54,85]","[1,-1,-1,-1]",0,True
100,4,8,1,3,41235,4011334,402002037,1,7,7,"[15,53,73,11]","[-1,-1,-1,1]","[9,4,2]","[[0,3],[2],[1]]",2,"[88,94]","[1,1]",0,True
100,4,8,1,4,41235,4011334,402002038,3,5,15,"[15,53,73,11]","[-1,-1,-1,1]","[9,4,2]","[[0,3],[2],[1]]",1,[53],[-1],0,True
100,4,8,1,5,41235,4011334,402002039,3,5,15,"[15,53,73,11]","[-1,-1,-1,1]","[9,4,2]","[[0,3],[2],[1]]",4,"[21,53,74,82]","[-1,-1,1,1]",0,True
100,4,16,1,1,41235,4011334,402002835,1,15,15,"[15,53,73,11]","[-1,-1,-1,1]","[9,4,2]","[[0,3],[2],[1]]",2,"[25,41]","[-1,-1]",0,True
100,4,16,1,2,41235,4011334,402002836,4,12,48,"[15,53,73,11]","[-1,-1,-1,1]","[9,4,2]","[[0,3],[2],[1]]",5,"[11,16,32,50,93]","[1,1,1,1,-1]",0,True
100,4,16,1,3,41235,4011334,402002837,1,15,15,"[15,53,73,11]","[-1,-1,-1,1]","[9,4,2]","[[0,3],[2],[1]]",3,"[16,19,83]","[-1,1,1]",0,True
100,4,16,1,4,41235,4011334,402002838,5,11,55,"[15,53,73,11]","[-1,-1,-1,1]","[9,4,2]","[[0,3],[2],[1]]",6,"[1,21,34,41,56,71]","[1,-1,1,-1,-1,-1]",0,True
100,4,16,1,5,41235,4011334,402002839,5,11,55,"[15,53,73,11]","[-1,-1,-1,1]","[9,4,2]","[[0,3],[2],[1]]",6,"[12,15,37,42,62,79]","[1,-1,-1,1,1,1]",0,True
100,4,32,1,1,41235,4011334,402004435,7,25,175,"[15,53,73,11]","[-1,-1,-1,1]","[9,4,2]","[[0,3],[2],[1]]",8,"[0,44,52,54,60,93,97,99]","[1,1,-1,1,-1,-1,1,1]",0,True
100,4,32,1,2,41235,4011334,402004436,6,26,156,"[15,53,73,11]","[-1,-1,-1,1]","[9,4,2]","[[0,3],[2],[1]]",6,"[19,34,46,64,73,87]","[-1,1,-1,1,-1,-1]",0,True
100,4,32,1,3,41235,4011334,402004437,6,26,156,"[15,53,73,11]","[-1,-1,-1,1]","[9,4,2]","[[0,3],[2],[1]]",6,"[36,52,53,54,73,79]","[-1,1,-1,1,-1,-1]",0,True
100,4,32,1,4,41235,4011334,402004438,5,27,135,"[15,53,73,11]","[-1,-1,-1,1]","[9,4,2]","[[0,3],[2],[1]]",7,"[7,32,47,48,63,77,88]","[1,1,1,1,1,1,-1]",0,True
100,4,32,1,5,41235,4011334,402004439,9,23,207,"[15,53,73,11]","[-1,-1,-1,1]","[9,4,2]","[[0,3],[2],[1]]",9,"[3,10,13,16,22,39,58,63,77]","[-1,1,1,1,1,-1,1,-1,1]",0,True
10,4,8,2,1,41236,4021244,402102035,3,5,15,"[7,8,2,3]","[1,1,-1,1]","[9,14]","[[0,3],[1,2,3]]",2,"[1,8]","[-1,1]",0,True
10,4,8,2,2,41236,4021244,402102036,5,3,15,"[7,8,2,3]","[1,1,-1,1]","[9,14]","[[0,3],[1,2,3]]",2,"[3,7]","[1,1]",0,True
10,4,8,2,3,41236,4021244,402102037,7,1,7,"[7,8,2,3]","[1,1,-1,1]","[9,14]","[[0,3],[1,2,3]]",2,"[3,7]","[1,1]",0,True
10,4,8,2,4,41236,4021244,402102038,5,3,15,"[7,8,2,3]","[1,1,-1,1]","[9,14]","[[0,3],[1,2,3]]",1,[3],[1],0,True
10,4,8,2,5,41236,4021244,402102039,6,2,12,"[7,8,2,3]","[1,1,-1,1]","[9,14]","[[0,3],[1,2,3]]",1,[3],[1],0,True
10,4,16,2,1,41236,4021244,402102835,12,4,48,"[7,8,2,3]","[1,1,-1,1]","[9,14]","[[0,3],[1,2,3]]",6,"[1,2,5,6,8,9]","[1,-1,1,1,-1,1]",0,True
10,4,16,2,2,41236,4021244,402102836,11,5,55,"[7,8,2,3]","[1,1,-1,1]","[9,14]","[[0,3],[1,2,3]]",2,"[3,7]","[1,1]",0,True
10,4,16,2,3,41236,4021244,402102837,8,8,64,"[7,8,2,3]","[1,1,-1,1]","[9,14]","[[0,3],[1,2,3]]",4,"[1,3,6,7]","[-1,1,-1,1]",0,True
10,4,16,2,4,41236,4021244,402102838,10,6,60,"[7,8,2,3]","[1,1,-1,1]","[9,14]","[[0,3],[1,2,3]]",3,"[3,7,8]","[1,1,1]",0,True
10,4,16,2,5,41236,4021244,402102839,13,3,39,"[7,8,2,3]","[1,1,-1,1]","[9,14]","[[0,3],[1,2,3]]",2,"[3,6]","[1,-1]",0,True
10,4,32,2,1,41236,4021244,402104435,25,7,175,"[7,8,2,3]","[1,1,-1,1]","[9,14]","[[0,3],[1,2,3]]",5,"[0,1,2,3,6]","[1,-1,-1,1,1]",0,True
10,4,32,2,2,41236,4021244,402104436,24,8,192,"[7,8,2,3]","[1,1,-1,1]","[9,14]","[[0,3],[1,2,3]]",4,"[2,3,7,8]","[-1,1,1,1]",0,True
10,4,32,2,3,41236,4021244,402104437,22,10,220,"[7,8,2,3]","[1,1,-1,1]","[9,14]","[[0,3],[1,2,3]]",5,"[3,5,6,8,9]","[1,1,-1,1,1]",0,True
10,4,32,2,4,41236,4021244,402104438,20,12,240,"[7,8,2,3]","[1,1,-1,1]","[9,14]","[[0,3],[1,2,3]]",4,"[3,4,7,8]","[1,-1,1,1]",0,True
10,4,32,2,5,41236,4021244,402104439,17,15,255,"[7,8,2,3]","[1,1,-1,1]","[9,14]","[[0,3],[1,2,3]]",4,"[2,3,7,8]","[-1,1,1,1]",0,True
50,4,8,2,1,41236,4021284,402502035,5,3,15,"[11,6,8,37]","[1,1,-1,1]","[9,14]","[[0,3],[1,2,3]]",3,"[19,33,37]","[1,-1,1]",0,True
50,4,8,2,2,41236,4021284,402502036,4,4,16,"[11,6,8,37]","[1,1,-1,1]","[9,14]","[[0,3],[1,2,3]]",1,[37],[1],0,True
50,4,8,2,3,41236,4021284,402502037,4,4,16,"[11,6,8,37]","[1,1,-1,1]","[9,14]","[[0,3],[1,2,3]]",1,[37],[1],0,True
50,4,8,2,4,41236,4021284,402502038,2,6,12,"[11,6,8,37]","[1,1,-1,1]","[9,14]","[[0,3],[1,2,3]]",3,"[20,28,41]","[1,1,-1]",0,True
50,4,8,2,5,41236,4021284,402502039,6,2,12,"[11,6,8,37]","[1,1,-1,1]","[9,14]","[[0,3],[1,2,3]]",4,"[5,6,25,44]","[1,-1,-1,1]",0,True
50,4,16,2,1,41236,4021284,402502835,13,3,39,"[11,6,8,37]","[1,1,-1,1]","[9,14]","[[0,3],[1,2,3]]",5,"[4,7,28,35,44]","[-1,-1,-1,1,1]",0,True
50,4,16,2,2,41236,4021284,402502836,11,5,55,"[11,6,8,37]","[1,1,-1,1]","[9,14]","[[0,3],[1,2,3]]",6,"[4,19,28,39,44,46]","[-1,-1,1,1,-1,-1]",0,True
50,4,16,2,3,41236,4021284,402502837,9,7,63,"[11,6,8,37]","[1,1,-1,1]","[9,14]","[[0,3],[1,2,3]]",6,"[10,12,21,22,34,35]","[-1,-1,1,1,-1,1]",0,True
50,4,16,2,4,41236,4021284,402502838,11,5,55,"[11,6,8,37]","[1,1,-1,1]","[9,14]","[[0,3],[1,2,3]]",6,"[11,15,22,24,38,44]","[1,1,-1,-1,-1,-1]",0,True
50,4,16,2,5,41236,4021284,402502839,13,3,39,"[11,6,8,37]","[1,1,-1,1]","[9,14]","[[0,3],[1,2,3]]",4,"[19,21,24,36]","[-1,1,-1,1]",0,True
50,4,32,2,1,41236,4021284,402504435,21,11,231,"[11,6,8,37]","[1,1,-1,1]","[9,14]","[[0,3],[1,2,3]]",9,"[1,3,9,15,17,20,21,31,39]","[1,1,1,-1,1,-1,1,1,1]",0,True
50,4,32,2,2,41236,4021284,402504436,20,12,240,"[11,6,8,37]","[1,1,-1,1]","[9,14]","[[0,3],[1,2,3]]",8,"[4,9,19,23,39,41,46,48]","[1,1,1,1,-1,-1,-1,1]",0,True
50,4,32,2,3,41236,4021284,402504437,21,11,231,"[11,6,8,37]","[1,1,-1,1]","[9,14]","[[0,3],[1,2,3]]",6,"[2,10,28,32,34,47]","[-1,-1,-1,1,-1,1]",0,True
50,4,32,2,4,41236,4021284,402504438,24,8,192,"[11,6,8,37]","[1,1,-1,1]","[9,14]","[[0,3],[1,2,3]]",7,"[5,7,24,36,38,40,43]","[1,-1,1,1,-1,-1,-1]",0,True
50,4,32,2,5,41236,4021284,402504439,23,9,207,"[11,6,8,37]","[1,1,-1,1]","[9,14]","[[0,3],[1,2,3]]",7,"[3,12,35,39,40,44,49]","[1,1,1,-1,-1,-1,1]",0,True
100,4,8,2,1,41236,4021334,403002035,5,3,15,"[6,68,80,67]","[1,1,-1,1]","[9,14]","[[0,3],[1,2,3]]",3,"[2,53,97]","[-1,1,-1]",0,True
100,4,8,2,2,41236,4021334,403002036,4,4,16,"[6,68,80,67]","[1,1,-1,1]","[9,14]","[[0,3],[1,2,3]]",1,[61],[1],0,True
100,4,8,2,3,41236,4021334,403002037,6,2,12,"[6,68,80,67]","[1,1,-1,1]","[9,14]","[[0,3],[1,2,3]]",3,"[38,45,87]","[-1,1,-1]",0,True
100,4,8,2,4,41236,4021334,403002038,5,3,15,"[6,68,80,67]","[1,1,-1,1]","[9,14]","[[0,3],[1,2,3]]",4,"[4,25,52,82]","[-1,-1,-1,-1]",0,True
100,4,8,2,5,41236,4021334,403002039,5,3,15,"[6,68,80,67]","[1,1,-1,1]","[9,14]","[[0,3],[1,2,3]]",5,"[24,49,58,64,90]","[1,1,-1,1,-1]",0,True
100,4,16,2,1,41236,4021334,403002835,11,5,55,"[6,68,80,67]","[1,1,-1,1]","[9,14]","[[0,3],[1,2,3]]",4,"[4,12,45,90]","[-1,1,-1,1]",0,True
100,4,16,2,2,41236,4021334,403002836,9,7,63,"[6,68,80,67]","[1,1,-1,1]","[9,14]","[[0,3],[1,2,3]]",5,"[3,57,60,67,76]","[1,1,-1,1,-1]",0,True
100,4,16,2,3,41236,4021334,403002837,11,5,55,"[6,68,80,67]","[1,1,-1,1]","[9,14]","[[0,3],[1,2,3]]",5,"[3,63,70,73,99]","[-1,-1,1,1,1]",0,True
100,4,16,2,4,41236,4021334,403002838,11,5,55,"[6,68,80,67]","[1,1,-1,1]","[9,14]","[[0,3],[1,2,3]]",5,"[44,86,92,93,97]","[1,-1,1,1,1]",0,True
100,4,16,2,5,41236,4021334,403002839,13,3,39,"[6,68,80,67]","[1,1,-1,1]","[9,14]","[[0,3],[1,2,3]]",5,"[4,23,37,72,77]","[1,1,-1,1,1]",0,True
100,4,32,2,1,41236,4021334,403004435,25,7,175,"[6,68,80,67]","[1,1,-1,1]","[9,14]","[[0,3],[1,2,3]]",8,"[23,29,30,48,51,52,75,85]","[-1,1,-1,-1,1,1,1,-1]",0,True
100,4,32,2,2,41236,4021334,403004436,20,12,240,"[6,68,80,67]","[1,1,-1,1]","[9,14]","[[0,3],[1,2,3]]",9,"[6,17,23,31,53,81,85,88,98]","[1,-1,-1,1,-1,1,1,-1,-1]",0,True
100,4,32,2,3,41236,4021334,403004437,23,9,207,"[6,68,80,67]","[1,1,-1,1]","[9,14]","[[0,3],[1,2,3]]",7,"[20,38,67,83,84,90,99]","[1,-1,1,-1,1,1,-1]",0,True
100,4,32,2,4,41236,4021334,403004438,23,9,207,"[6,68,80,67]","[1,1,-1,1]","[9,14]","[[0,3],[1,2,3]]",9,"[13,30,32,37,43,63,65,77,89]","[-1,1,1,1,1,1,-1,1,-1]",0,True
100,4,32,2,5,41236,4021334,403004439,19,13,247,"[6,68,80,67]","[1,1,-1,1]","[9,14]","[[0,3],[1,2,3]]",7,"[12,16,27,31,43,53,76]","[-1,-1,1,1,-1,-1,1]",0,True
10,4,8,3,1,41237,4031244,403102035,5,3,15,"[4,7,0,8]","[-1,-1,1,-1]","[5,12,11]","[[0,2],[2,3],[0,1,3]]",2,"[4,8]","[-1,-1]",0,True
10,4,8,3,2,41237,4031244,403102036,4,4,16,"[4,7,0,8]","[-1,-1,1,-1]","[5,12,11]","[[0,2],[2,3],[0,1,3]]",4,"[0,1,2,4]","[1,1,1,-1]",0,True
10,4,8,3,3,41237,4031244,403102037,5,3,15,"[4,7,0,8]","[-1,-1,1,-1]","[5,12,11]","[[0,2],[2,3],[0,1,3]]",1,[7],[-1],0,True
10,4,8,3,4,41237,4031244,403102038,6,2,12,"[4,7,0,8]","[-1,-1,1,-1]","[5,12,11]","[[0,2],[2,3],[0,1,3]]",2,"[0,8]","[1,-1]",0,True
10,4,8,3,5,41237,4031244,403102039,6,2,12,"[4,7,0,8]","[-1,-1,1,-1]","[5,12,11]","[[0,2],[2,3],[0,1,3]]",2,"[2,8]","[1,-1]",0,True
10,4,16,3,1,41237,4031244,403102835,6,10,60,"[4,7,0,8]","[-1,-1,1,-1]","[5,12,11]","[[0,2],[2,3],[0,1,3]]",3,"[0,4,8]","[1,-1,-1]",0,True
10,4,16,3,2,41237,4031244,403102836,10,6,60,"[4,7,0,8]","[-1,-1,1,-1]","[5,12,11]","[[0,2],[2,3],[0,1,3]]",4,"[0,4,5,6]","[1,-1,-1,-1]",0,True
10,4,16,3,3,41237,4031244,403102837,8,8,64,"[4,7,0,8]","[-1,-1,1,-1]","[5,12,11]","[[0,2],[2,3],[0,1,3]]",5,"[0,2,4,6,7]","[1,-1,-1,-1,-1]",0,True
10,4,16,3,4,41237,4031244,403102838,5,11,55,"[4,7,0,8]","[-1,-1,1,-1]","[5,12,11]","[[0,2],[2,3],[0,1,3]]",3,"[0,4,8]","[1,-1,-1]",0,True
10,4,16,3,5,41237,4031244,403102839,10,6,60,"[4,7,0,8]","[-1,-1,1,-1]","[5,12,11]","[[0,2],[2,3],[0,1,3]]",3,"[0,1,4]","[1,-1,-1]",0,True
10,4,32,3,1,41237,4031244,403104435,21,11,231,"[4,7,0,8]","[-1,-1,1,-1]","[5,12,11]","[[0,2],[2,3],[0,1,3]]",5,"[0,3,6,8,9]","[1,-1,1,-1,-1]",0,True
10,4,32,3,2,41237,4031244,403104436,18,14,252,"[4,7,0,8]","[-1,-1,1,-1]","[5,12,11]","[[0,2],[2,3],[0,1,3]]",4,"[0,4,7,8]","[1,-1,-1,-1]",0,True
10,4,32,3,3,41237,4031244,403104437,16,16,256,"[4,7,0,8]","[-1,-1,1,-1]","[5,12,11]","[[0,2],[2,3],[0,1,3]]",4,"[0,3,5,7]","[1,1,1,-1]",0,True
10,4,32,3,4,41237,4031244,403104438,18,14,252,"[4,7,0,8]","[-1,-1,1,-1]","[5,12,11]","[[0,2],[2,3],[0,1,3]]",4,"[0,4,7,8]","[1,-1,-1,-1]",0,True
10,4,32,3,5,41237,4031244,403104439,17,15,255,"[4,7,0,8]","[-1,-1,1,-1]","[5,12,11]","[[0,2],[2,3],[0,1,3]]",5,"[0,1,7,8,9]","[1,-1,-1,-1,1]",0,True
50,4,8,3,1,41237,4031284,403502035,4,4,16,"[40,10,1,3]","[-1,-1,1,-1]","[5,12,11]","[[0,2],[2,3],[0,1,3]]",3,"[5,6,24]","[-1,1,-1]",0,True
50,4,8,3,2,41237,4031284,403502036,6,2,12,"[40,10,1,3]","[-1,-1,1,-1]","[5,12,11]","[[0,2],[2,3],[0,1,3]]",3,"[8,22,27]","[1,1,-1]",0,True
50,4,8,3,3,41237,4031284,403502037,3,5,15,"[40,10,1,3]","[-1,-1,1,-1]","[5,12,11]","[[0,2],[2,3],[0,1,3]]",4,"[1,5,28,37]","[1,-1,-1,1]",0,True
50,4,8,3,4,41237,4031284,403502038,7,1,7,"[40,10,1,3]","[-1,-1,1,-1]","[5,12,11]","[[0,2],[2,3],[0,1,3]]",4,"[4,35,39,47]","[-1,-1,1,-1]",0,True
50,4,8,3,5,41237,4031284,403502039,2,6,12,"[40,10,1,3]","[-1,-1,1,-1]","[5,12,11]","[[0,2],[2,3],[0,1,3]]",2,"[27,30]","[1,-1]",0,True
50,4,16,3,1,41237,4031284,403502835,8,8,64,"[40,10,1,3]","[-1,-1,1,-1]","[5,12,11]","[[0,2],[2,3],[0,1,3]]",6,"[5,15,17,20,35,41]","[-1,1,-1,-1,1,-1]",0,True
50,4,16,3,2,41237,4031284,403502836,12,4,48,"[40,10,1,3]","[-1,-1,1,-1]","[5,12,11]","[[0,2],[2,3],[0,1,3]]",6,"[16,20,31,32,42,49]","[1,-1,1,1,-1,-1]",0,True
50,4,16,3,3,41237,4031284,403502837,10,6,60,"[40,10,1,3]","[-1,-1,1,-1]","[5,12,11]","[[0,2],[2,3],[0,1,3]]",4,"[1,10,13,25]","[1,-1,1,1]",0,True
50,4,16,3,4,41237,4031284,403502838,8,8,64,"[40,10,1,3]","[-1,-1,1,-1]","[5,12,11]","[[0,2],[2,3],[0,1,3]]",5,"[20,24,26,27,47]","[-1,1,-1,-1,-1]",0,True
50,4,16,3,5,41237,4031284,403502839,7,9,63,"[40,10,1,3]","[-1,-1,1,-1]","[5,12,11]","[[0,2],[2,3],[0,1,3]]",6,"[1,4,11,16,17,27]","[1,-1,1,-1,-1,1]",0,True
50,4,32,3,1,41237,4031284,403504435,16,16,256,"[40,10,1,3]","[-1,-1,1,-1]","[5,12,11]","[[0,2],[2,3],[0,1,3]]",8,"[1,5,14,18,26,32,38,41]","[1,1,-1,-1,1,-1,1,-1]",0,True
50,4,32,3,2,41237,4031284,403504436,21,11,231,"[40,10,1,3]","[-1,-1,1,-1]","[5,12,11]","[[0,2],[2,3],[0,1,3]]",6,"[1,16,17,32,34,45]","[1,-1,-1,-1,-1,1]",0,True
50,4,32,3,3,41237,4031284,403504437,17,15,255,"[40,10,1,3]","[-1,-1,1,-1]","[5,12,11]","[[0,2],[2,3],[0,1,3]]",8,"[8,9,26,30,31,42,46,47]","[1,1,1,1,-1,-1,1,-1]",0,True
50,4,32,3,4,41237,4031284,403504438,19,13,247,"[40,10,1,3]","[-1,-1,1,-1]","[5,12,11]","[[0,2],[2,3],[0,1,3]]",8,"[7,8,12,22,26,33,34,49]","[-1,-1,1,-1,-1,-1,-1,1]",0,True
50,4,32,3,5,41237,4031284,403504439,22,10,220,"[40,10,1,3]","[-1,-1,1,-1]","[5,12,11]","[[0,2],[2,3],[0,1,3]]",7,"[7,17,28,35,41,45,46]","[1,1,1,-1,1,1,1]",0,True
100,4,8,3,1,41237,4031334,404002035,3,5,15,"[59,50,77,86]","[-1,-1,1,-1]","[5,12,11]","[[0,2],[2,3],[0,1,3]]",3,"[27,29,98]","[1,-1,-1]",0,True
100,4,8,3,2,41237,4031334,404002036,4,4,16,"[59,50,77,86]","[-1,-1,1,-1]","[5,12,11]","[[0,2],[2,3],[0,1,3]]",4,"[10,62,67,82]","[-1,1,1,-1]",0,True
100,4,8,3,3,41237,4031334,404002037,5,3,15,"[59,50,77,86]","[-1,-1,1,-1]","[5,12,11]","[[0,2],[2,3],[0,1,3]]",4,"[26,55,81,82]","[1,1,1,1]",0,True
100,4,8,3,4,41237,4031334,404002038,7,1,7,"[59,50,77,86]","[-1,-1,1,-1]","[5,12,11]","[[0,2],[2,3],[0,1,3]]",2,"[53,54]","[1,-1]",0,True
100,4,8,3,5,41237,4031334,404002039,5,3,15,"[59,50,77,86]","[-1,-1,1,-1]","[5,12,11]","[[0,2],[2,3],[0,1,3]]",2,"[21,96]","[1,1]",0,True
100,4,16,3,1,41237,4031334,404002835,13,3,39,"[59,50,77,86]","[-1,-1,1,-1]","[5,12,11]","[[0,2],[2,3],[0,1,3]]",6,"[9,20,32,40,49,98]","[1,1,1,1,1,1]",0,True
100,4,16,3,2,41237,4031334,404002836,11,5,55,"[59,50,77,86]","[-1,-1,1,-1]","[5,12,11]","[[0,2],[2,3],[0,1,3]]",5,"[4,44,46,58,65]","[1,1,-1,-1,1]",0,True
100,4,16,3,3,41237,4031334,404002837,13,3,39,"[59,50,77,86]","[-1,-1,1,-1]","[5,12,11]","[[0,2],[2,3],[0,1,3]]",3,"[51,82,90]","[-1,-1,-1]",0,True
100,4,16,3,4,41237,4031334,404002838,10,6,60,"[59,50,77,86]","[-1,-1,1,-1]","[5,12,11]","[[0,2],[2,3],[0,1,3]]",4,"[33,84,86,89]","[-1,1,-1,1]",0,True
100,4,16,3,5,41237,4031334,404002839,9,7,63,"[59,50,77,86]","[-1,-1,1,-1]","[5,12,11]","[[0,2],[2,3],[0,1,3]]",6,"[1,5,14,36,47,59]","[-1,-1,-1,1,-1,-1]",0,True
100,4,32,3,1,41237,4031334,404004435,19,13,247,"[59,50,77,86]","[-1,-1,1,-1]","[5,12,11]","[[0,2],[2,3],[0,1,3]]",8,"[16,22,33,43,51,73,90,91]","[1,1,-1,-1,1,-1,-1,-1]",0,True
100,4,32,3,2,41237,4031334,404004436,17,15,255,"[59,50,77,86]","[-1,-1,1,-1]","[5,12,11]","[[0,2],[2,3],[0,1,3]]",9,"[6,12,15,19,23,42,71,88,91]","[-1,1,1,-1,1,-1,-1,-1,-1]",0,True
100,4,32,3,3,41237,4031334,404004437,19,13,247,"[59,50,77,86]","[-1,-1,1,-1]","[5,12,11]","[[0,2],[2,3],[0,1,3]]",9,"[23,48,50,57,63,80,85,89,93]","[-1,-1,-1,1,1,1,-1,1,1]",0,True
100,4,32,3,4,41237,4031334,404004438,20,12,240,"[59,50,77,86]","[-1,-1,1,-1]","[5,12,11]","[[0,2],[2,3],[0,1,3]]",7,"[20,33,43,86,87,90,99]","[1,1,1,-1,1,1,-1]",0,True
100,4,32,3,5,41237,4031334,404004439,12,20,240,"[59,50,77,86]","[-1,-1,1,-1]","[5,12,11]","[[0,2],[2,3],[0,1,3]]",9,"[4,8,11,38,67,70,72,85,87]","[-1,-1,1,1,1,-1,-1,1,1]",0,True
10,4,8,4,1,41238,4041244,404102035,4,4,16,"[9,2,1,8]","[-1,-1,-1,-1]","[13,2]","[[0,2,3],[1]]",1,[2],[-1],0,True
10,4,8,4,2,41238,4041244,404102036,2,6,12,"[9,2,1,8]","[-1,-1,-1,-1]","[13,2]","[[0,2,3],[1]]",2,"[2,3]","[-1,-1]",0,True
10,4,8,4,3,41238,4041244,404102037,4,4,16,"[9,2,1,8]","[-1,-1,-1,-1]","[13,2]","[[0,2,3],[1]]",1,[2],[-1],0,True
10,4,8,4,4,41238,4041244,404102038,3,5,15,"[9,2,1,8]","[-1,-1,-1,-1]","[13,2]","[[0,2,3],[1]]",3,"[1,3,9]","[-1,1,-1]",0,True
10,4,8,4,5,41238,4041244,404102039,2,6,12,"[9,2,1,8]","[-1,-1,-1,-1]","[13,2]","[[0,2,3],[1]]",3,"[0,5,8]","[1,-1,-1]",0,True
10,4,16,4,1,41238,4041244,404102835,5,11,55,"[9,2,1,8]","[-1,-1,-1,-1]","[13,2]","[[0,2,3],[1]]",3,"[2,4,6]","[-1,-1,-1]",0,True
10,4,16,4,2,41238,4041244,404102836,5,11,55,"[9,2,1,8]","[-1,-1,-1,-1]","[13,2]","[[0,2,3],[1]]",1,[2],[-1],0,True
10,4,16,4,3,41238,4041244,404102837,7,9,63,"[9,2,1,8]","[-1,-1,-1,-1]","[13,2]","[[0,2,3],[1]]",1,[2],[-1],0,True
10,4,16,4,4,41238,4041244,404102838,6,10,60,"[9,2,1,8]","[-1,-1,-1,-1]","[13,2]","[[0,2,3],[1]]",2,"[2,6]","[-1,-1]",0,True
10,4,16,4,5,41238,4041244,404102839,6,10,60,"[9,2,1,8]","[-1,-1,-1,-1]","[13,2]","[[0,2,3],[1]]",3,"[2,3,8]","[-1,1,-1]",0,True
10,4,32,4,1,41238,4041244,404104435,12,20,240,"[9,2,1,8]","[-1,-1,-1,-1]","[13,2]","[[0,2,3],[1]]",5,"[2,3,6,7,9]","[-1,-1,1,1,-1]",0,True
10,4,32,4,2,41238,4041244,404104436,14,18,252,"[9,2,1,8]","[-1,-1,-1,-1]","[13,2]","[[0,2,3],[1]]",3,"[1,2,8]","[-1,-1,-1]",0,True
10,4,32,4,3,41238,4041244,404104437,13,19,247,"[9,2,1,8]","[-1,-1,-1,-1]","[13,2]","[[0,2,3],[1]]",4,"[1,2,8,9]","[-1,-1,-1,-1]",0,True
10,4,32,4,4,41238,4041244,404104438,16,16,256,"[9,2,1,8]","[-1,-1,-1,-1]","[13,2]","[[0,2,3],[1]]",6,"[0,1,2,5,7,8]","[-1,-1,-1,-1,1,-1]",0,True
10,4,32,4,5,41238,4041244,404104439,15,17,255,"[9,2,1,8]","[-1,-1,-1,-1]","[13,2]","[[0,2,3],[1]]",4,"[1,2,8,9]","[-1,-1,-1,-1]",0,True
50,4,8,4,1,41238,4041284,404502035,1,7,7,"[29,27,10,35]","[-1,-1,-1,-1]","[13,2]","[[0,2,3],[1]]",2,"[22,48]","[1,1]",0,True
50,4,8,4,2,41238,4041284,404502036,4,4,16,"[29,27,10,35]","[-1,-1,-1,-1]","[13,2]","[[0,2,3],[1]]",3,"[7,13,44]","[-1,-1,-1]",0,True
50,4,8,4,3,41238,4041284,404502037,4,4,16,"[29,27,10,35]","[-1,-1,-1,-1]","[13,2]","[[0,2,3],[1]]",3,"[18,35,48]","[1,1,1]",0,True
50,4,8,4,4,41238,4041284,404502038,4,4,16,"[29,27,10,35]","[-1,-1,-1,-1]","[13,2]","[[0,2,3],[1]]",1,[12],[1],0,True
50,4,8,4,5,41238,4041284,404502039,1,7,7,"[29,27,10,35]","[-1,-1,-1,-1]","[13,2]","[[0,2,3],[1]]",2,"[11,44]","[1,-1]",0,True
50,4,16,4,1,41238,4041284,404502835,8,8,64,"[29,27,10,35]","[-1,-1,-1,-1]","[13,2]","[[0,2,3],[1]]",2,"[27,35]","[-1,-1]",0,True
50,4,16,4,2,41238,4041284,404502836,6,10,60,"[29,27,10,35]","[-1,-1,-1,-1]","[13,2]","[[0,2,3],[1]]",5,"[7,28,31,33,42]","[-1,-1,1,1,1]",0,True
50,4,16,4,3,41238,4041284,404502837,8,8,64,"[29,27,10,35]","[-1,-1,-1,-1]","[13,2]","[[0,2,3],[1]]",5,"[2,10,18,36,41]","[1,-1,1,1,-1]",0,True
50,4,16,4,4,41238,4041284,404502838,9,7,63,"[29,27,10,35]","[-1,-1,-1,-1]","[13,2]","[[0,2,3],[1]]",5,"[1,3,21,24,33]","[-1,-1,-1,1,-1]",0,True
50,4,16,4,5,41238,4041284,404502839,10,6,60,"[29,27,10,35]","[-1,-1,-1,-1]","[13,2]","[[0,2,3],[1]]",1,[27],[-1],0,True
50,4,32,4,1,41238,4041284,404504435,14,18,252,"[29,27,10,35]","[-1,-1,-1,-1]","[13,2]","[[0,2,3],[1]]",8,"[0,9,14,23,32,33,35,43]","[-1,1,-1,-1,-1,-1,-1,-1]",0,True
50,4,32,4,2,41238,4041284,404504436,17,15,255,"[29,27,10,35]","[-1,-1,-1,-1]","[13,2]","[[0,2,3],[1]]",8,"[11,14,23,25,39,46,47,49]","[1,-1,1,-1,-1,-1,-1,1]",0,True
50,4,32,4,3,41238,4041284,404504437,16,16,256,"[29,27,10,35]","[-1,-1,-1,-1]","[13,2]","[[0,2,3],[1]]",6,"[20,24,25,27,31,38]","[-1,1,1,-1,1,1]",0,True
50,4,32,4,4,41238,4041284,404504438,15,17,255,"[29,27,10,35]","[-1,-1,-1,-1]","[13,2]","[[0,2,3],[1]]",3,"[27,33,47]","[-1,-1,1]",0,True
50,4,32,4,5,41238,4041284,404504439,16,16,256,"[29,27,10,35]","[-1,-1,-1,-1]","[13,2]","[[0,2,3],[1]]",5,"[27,29,33,36,40]","[-1,-1,1,-1,-1]",0,True
100,4,8,4,1,41238,4041334,405002035,2,6,12,"[95,33,90,89]","[-1,-1,-1,-1]","[13,2]","[[0,2,3],[1]]",1,[33],[-1],0,True
100,4,8,4,2,41238,4041334,405002036,4,4,16,"[95,33,90,89]","[-1,-1,-1,-1]","[13,2]","[[0,2,3],[1]]",1,[33],[-1],0,True
100,4,8,4,3,41238,4041334,405002037,3,5,15,"[95,33,90,89]","[-1,-1,-1,-1]","[13,2]","[[0,2,3],[1]]",4,"[27,48,86,88]","[1,1,1,1]",0,True
100,4,8,4,4,41238,4041334,405002038,5,3,15,"[95,33,90,89]","[-1,-1,-1,-1]","[13,2]","[[0,2,3],[1]]",4,"[54,74,79,89]","[1,-1,-1,-1]",0,True
100,4,8,4,5,41238,4041334,405002039,4,4,16,"[95,33,90,89]","[-1,-1,-1,-1]","[13,2]","[[0,2,3],[1]]",1,[33],[-1],0,True
100,4,16,4,1,41238,4041334,405002835,5,11,55,"[95,33,90,89]","[-1,-1,-1,-1]","[13,2]","[[0,2,3],[1]]",6,"[2,4,19,61,79,91]","[-1,-1,1,-1,-1,1]",0,True
100,4,16,4,2,41238,4041334,405002836,8,8,64,"[95,33,90,89]","[-1,-1,-1,-1]","[13,2]","[[0,2,3],[1]]",3,"[11,78,79]","[-1,-1,1]",0,True
100,4,16,4,3,41238,4041334,405002837,7,9,63,"[95,33,90,89]","[-1,-1,-1,-1]","[13,2]","[[0,2,3],[1]]",6,"[2,5,58,69,71,85]","[1,1,1,-1,-1,1]",0,True
100,4,16,4,4,41238,4041334,405002838,4,12,48,"[95,33,90,89]","[-1,-1,-1,-1]","[13,2]","[[0,2,3],[1]]",6,"[9,18,50,58,62,85]","[1,-1,-1,-1,1,-1]",0,True
100,4,16,4,5,41238,4041334,405002839,8,8,64,"[95,33,90,89]","[-1,-1,-1,-1]","[13,2]","[[0,2,3],[1]]",4,"[21,33,76,97]","[1,-1,1,-1]",0,True
100,4,32,4,1,41238,4041334,405004435,18,14,252,"[95,33,90,89]","[-1,-1,-1,-1]","[13,2]","[[0,2,3],[1]]",10,"[3,6,10,14,20,37,41,52,55,96]","[-1,-1,-1,1,1,-1,1,1,1,1]",0,True
100,4,32,4,2,41238,4041334,405004436,15,17,255,"[95,33,90,89]","[-1,-1,-1,-1]","[13,2]","[[0,2,3],[1]]",8,"[15,19,21,29,76,84,96,99]","[1,1,-1,1,-1,1,-1,1]",0,True
100,4,32,4,3,41238,4041334,405004437,16,16,256,"[95,33,90,89]","[-1,-1,-1,-1]","[13,2]","[[0,2,3],[1]]",10,"[10,11,17,34,40,41,63,65,70,81]","[1,-1,-1,-1,-1,1,-1,-1,1,-1]",0,True
100,4,32,4,4,41238,4041334,405004438,10,22,220,"[95,33,90,89]","[-1,-1,-1,-1]","[13,2]","[[0,2,3],[1]]",6,"[22,33,40,63,70,98]","[-1,-1,1,1,-1,-1]",0,True
100,4,32,4,5,41238,4041334,405004439,10,22,220,"[95,33,90,89]","[-1,-1,-1,-1]","[13,2]","[[0,2,3],[1]]",8,"[18,43,54,58,66,67,83,84]","[-1,1,-1,1,1,-1,1,-1]",0,True
10,4,8,5,1,41239,4051244,405102035,6,2,12,"[9,6,0,2]","[-1,-1,1,-1]","[11,6,13]","[[0,1,3],[1,2],[0,2,3]]",2,"[2,7]","[-1,-1]",0,True
10,4,8,5,2,41239,4051244,405102036,4,4,16,"[9,6,0,2]","[-1,-1,1,-1]","[11,6,13]","[[0,1,3],[1,2],[0,2,3]]",1,[3],[-1],0,True
10,4,8,5,3,41239,4051244,405102037,6,2,12,"[9,6,0,2]","[-1,-1,1,-1]","[11,6,13]","[[0,1,3],[1,2],[0,2,3]]",1,[6],[-1],0,True
10,4,8,5,4,41239,4051244,405102038,4,4,16,"[9,6,0,2]","[-1,-1,1,-1]","[11,6,13]","[[0,1,3],[1,2],[0,2,3]]",2,"[0,6]","[1,-1]",0,True
10,4,8,5,5,41239,4051244,405102039,5,3,15,"[9,6,0,2]","[-1,-1,1,-1]","[11,6,13]","[[0,1,3],[1,2],[0,2,3]]",3,"[2,4,5]","[-1,1,1]",0,True
10,4,16,5,1,41239,4051244,405102835,9,7,63,"[9,6,0,2]","[-1,-1,1,-1]","[11,6,13]","[[0,1,3],[1,2],[0,2,3]]",3,"[5,6,9]","[1,-1,-1]",0,True
10,4,16,5,2,41239,4051244,405102836,10,6,60,"[9,6,0,2]","[-1,-1,1,-1]","[11,6,13]","[[0,1,3],[1,2],[0,2,3]]",4,"[0,2,6,9]","[1,-1,-1,-1]",0,True
10,4,16,5,3,41239,4051244,405102837,9,7,63,"[9,6,0,2]","[-1,-1,1,-1]","[11,6,13]","[[0,1,3],[1,2],[0,2,3]]",3,"[2,4,6]","[-1,1,-1]",0,True
10,4,16,5,4,41239,4051244,405102838,10,6,60,"[9,6,0,2]","[-1,-1,1,-1]","[11,6,13]","[[0,1,3],[1,2],[0,2,3]]",5,"[1,5,6,7,9]","[-1,1,-1,1,-1]",0,True
10,4,16,5,5,41239,4051244,405102839,12,4,48,"[9,6,0,2]","[-1,-1,1,-1]","[11,6,13]","[[0,1,3],[1,2],[0,2,3]]",5,"[0,2,4,5,6]","[1,-1,-1,-1,-1]",0,True
10,4,32,5,1,41239,4051244,405104435,22,10,220,"[9,6,0,2]","[-1,-1,1,-1]","[11,6,13]","[[0,1,3],[1,2],[0,2,3]]",3,"[0,2,6]","[1,-1,-1]",0,True
10,4,32,5,2,41239,4051244,405104436,19,13,247,"[9,6,0,2]","[-1,-1,1,-1]","[11,6,13]","[[0,1,3],[1,2],[0,2,3]]",6,"[0,1,3,4,5,8]","[1,-1,-1,1,1,-1]",0,True
10,4,32,5,3,41239,4051244,405104437,21,11,231,"[9,6,0,2]","[-1,-1,1,-1]","[11,6,13]","[[0,1,3],[1,2],[0,2,3]]",5,"[0,2,3,5,6]","[1,-1,-1,1,-1]",0,True
10,4,32,5,4,41239,4051244,405104438,21,11,231,"[9,6,0,2]","[-1,-1,1,-1]","[11,6,13]","[[0,1,3],[1,2],[0,2,3]]",4,"[0,2,6,9]","[1,-1,-1,-1]",0,True
10,4,32,5,5,41239,4051244,405104439,18,14,252,"[9,6,0,2]","[-1,-1,1,-1]","[11,6,13]","[[0,1,3],[1,2],[0,2,3]]",6,"[0,1,2,3,5,6]","[1,-1,-1,1,1,-1]",0,True
50,4,8,5,1,41239,4051284,405502035,7,1,7,"[19,7,34,16]","[-1,-1,1,-1]","[11,6,13]","[[0,1,3],[1,2],[0,2,3]]",3,"[29,36,45]","[1,-1,-1]",0,True
50,4,8,5,2,41239,4051284,405502036,4,4,16,"[19,7,34,16]","[-1,-1,1,-1]","[11,6,13]","[[0,1,3],[1,2],[0,2,3]]",1,[14],[1],0,True
50,4,8,5,3,41239,4051284,405502037,5,3,15,"[19,7,34,16]","[-1,-1,1,-1]","[11,6,13]","[[0,1,3],[1,2],[0,2,3]]",2,"[24,28]","[-1,1]",0,True
50,4,8,5,4,41239,4051284,405502038,5,3,15,"[19,7,34,16]","[-1,-1,1,-1]","[11,6,13]","[[0,1,3],[1,2],[0,2,3]]",3,"[7,26,29]","[-1,1,1]",0,True
50,4,8,5,5,41239,4051284,405502039,4,4,16,"[19,7,34,16]","[-1,-1,1,-1]","[11,6,13]","[[0,1,3],[1,2],[0,2,3]]",3,"[5,21,44]","[1,-1,-1]",0,True
50,4,16,5,1,41239,4051284,405502835,7,9,63,"[19,7,34,16]","[-1,-1,1,-1]","[11,6,13]","[[0,1,3],[1,2],[0,2,3]]",6,"[3,10,13,15,38,46]","[1,-1,-1,-1,-1,1]",0,True
50,4,16,5,2,41239,4051284,405502836,11,5,55,"[19,7,34,16]","[-1,-1,1,-1]","[11,6,13]","[[0,1,3],[1,2],[0,2,3]]",3,"[1,5,19]","[1,-1,-1]",0,True
50,4,16,5,3,41239,4051284,405502837,11,5,55,"[19,7,34,16]","[-1,-1,1,-1]","[11,6,13]","[[0,1,3],[1,2],[0,2,3]]",3,"[28,34,42]","[-1,1,-1]",0,True
50,4,16,5,4,41239,4051284,405502838,12,4,48,"[19,7,34,16]","[-1,-1,1,-1]","[11,6,13]","[[0,1,3],[1,2],[0,2,3]]",6,"[20,21,28,35,43,47]","[1,1,-1,-1,1,1]",0,True
50,4,16,5,5,41239,4051284,405502839,10,6,60,"[19,7,34,16]","[-1,-1,1,-1]","[11,6,13]","[[0,1,3],[1,2],[0,2,3]]",5,"[7,13,23,47,48]","[-1,-1,1,-1,-1]",0,True
50,4,32,5,1,41239,4051284,405504435,21,11,231,"[19,7,34,16]","[-1,-1,1,-1]","[11,6,13]","[[0,1,3],[1,2],[0,2,3]]",7,"[4,15,19,22,23,44,46]","[-1,1,-1,-1,-1,1,-1]",0,True
50,4,32,5,2,41239,4051284,405504436,19,13,247,"[19,7,34,16]","[-1,-1,1,-1]","[11,6,13]","[[0,1,3],[1,2],[0,2,3]]",9,"[5,8,20,24,25,26,34,36,40]","[-1,-1,1,1,1,-1,1,-1,-1]",0,True
50,4,32,5,3,41239,4051284,405504437,19,13,247,"[19,7,34,16]","[-1,-1,1,-1]","[11,6,13]","[[0,1,3],[1,2],[0,2,3]]",9,"[2,9,15,19,34,36,42,44,47]","[-1,1,-1,-1,1,1,-1,-1,1]",0,True
50,4,32,5,4,41239,4051284,405504438,19,13,247,"[19,7,34,16]","[-1,-1,1,-1]","[11,6,13]","[[0,1,3],[1,2],[0,2,3]]",7,"[1,7,14,15,19,31,47]","[1,-1,-1,1,-1,1,1]",0,True
50,4,32,5,5,41239,4051284,405504439,19,13,247,"[19,7,34,16]","[-1,-1,1,-1]","[11,6,13]","[[0,1,3],[1,2],[0,2,3]]",6,"[5,7,16,17,19,24]","[-1,-1,-1,1,-1,1]",0,True
100,4,8,5,1,41239,4051334,406002035,4,4,16,"[18,79,56,98]","[-1,-1,1,-1]","[11,6,13]","[[0,1,3],[1,2],[0,2,3]]",3,"[8,39,50]","[1,-1,1]",0,True
100,4,8,5,2,41239,4051334,406002036,6,2,12,"[18,79,56,98]","[-1,-1,1,-1]","[11,6,13]","[[0,1,3],[1,2],[0,2,3]]",3,"[19,40,90]","[1,-1,1]",0,True
100,4,8,5,3,41239,4051334,406002037,6,2,12,"[18,79,56,98]","[-1,-1,1,-1]","[11,6,13]","[[0,1,3],[1,2],[0,2,3]]",3,"[12,38,76]","[-1,-1,1]",0,True
100,4,8,5,4,41239,4051334,406002038,7,1,7,"[18,79,56,98]","[-1,-1,1,-1]","[11,6,13]","[[0,1,3],[1,2],[0,2,3]]",2,"[63,88]","[1,-1]",0,True
100,4,8,5,5,41239,4051334,406002039,4,4,16,"[18,79,56,98]","[-1,-1,1,-1]","[11,6,13]","[[0,1,3],[1,2],[0,2,3]]",4,"[7,33,41,97]","[-1,1,1,1]",0,True
100,4,16,5,1,41239,4051334,406002835,9,7,63,"[18,79,56,98]","[-1,-1,1,-1]","[11,6,13]","[[0,1,3],[1,2],[0,2,3]]",5,"[15,24,65,79,91]","[-1,1,1,-1,-1]",0,True
100,4,16,5,2,41239,4051334,406002836,11,5,55,"[18,79,56,98]","[-1,-1,1,-1]","[11,6,13]","[[0,1,3],[1,2],[0,2,3]]",7,"[4,20,30,41,54,61,75]","[1,-1,-1,-1,1,-1,-1]",0,True
100,4,16,5,3,41239,4051334,406002837,7,9,63,"[18,79,56,98]","[-1,-1,1,-1]","[11,6,13]","[[0,1,3],[1,2],[0,2,3]]",3,"[0,78,79]","[1,1,-1]",0,True
100,4,16,5,4,41239,4051334,406002838,9,7,63,"[18,79,56,98]","[-1,-1,1,-1]","[11,6,13]","[[0,1,3],[1,2],[0,2,3]]",5,"[20,27,31,71,98]","[1,-1,1,-1,-1]",0,True
100,4,16,5,5,41239,4051334,406002839,9,7,63,"[18,79,56,98]","[-1,-1,1,-1]","[11,6,13]","[[0,1,3],[1,2],[0,2,3]]",6,"[2,16,33,52,82,94]","[1,1,-1,-1,-1,1]",0,True
100,4,32,5,1,41239,4051334,406004435,22,10,220,"[18,79,56,98]","[-1,-1,1,-1]","[11,6,13]","[[0,1,3],[1,2],[0,2,3]]",7,"[19,32,34,52,54,60,70]","[-1,-1,-1,1,-1,1,-1]",0,True
100,4,32,5,2,41239,4051334,406004436,17,15,255,"[18,79,56,98]","[-1,-1,1,-1]","[11,6,13]","[[0,1,3],[1,2],[0,2,3]]",9,"[5,11,12,15,23,47,52,70,72]","[-1,1,1,1,1,1,1,-1,1]",0,True
100,4,32,5,3,41239,4051334,406004437,18,14,252,"[18,79,56,98]","[-1,-1,1,-1]","[11,6,13]","[[0,1,3],[1,2],[0,2,3]]",6,"[14,15,20,54,83,85]","[1,-1,-1,1,1,1]",0,True
100,4,32,5,4,41239,4051334,406004438,20,12,240,"[18,79,56,98]","[-1,-1,1,-1]","[11,6,13]","[[0,1,3],[1,2],[0,2,3]]",8,"[6,28,49,61,64,73,84,98]","[1,-1,-1,1,1,1,-1,1]",0,True
100,4,32,5,5,41239,4051334,406004439,20,12,240,"[18,79,56,98]","[-1,-1,1,-1]","[11,6,13]","[[0,1,3],[1,2],[0,2,3]]",10,"[6,7,35,45,63,71,81,89,90,99]","[-1,1,-1,-1,1,1,-1,-1,-1,1]",0,True
10,4,8,6,1,41240,4061244,406102035,3,5,15,"[9,0,8,4]","[1,1,-1,-1]","[1,12,2]","[[0],[2,3],[1]]",2,"[0,2]","[1,1]",0,True
10,4,8,6,2,41240,4061244,406102036,2,6,12,"[9,0,8,4]","[1,1,-1,-1]","[1,12,2]","[[0],[2,3],[1]]",1,[3],[1],0,True
10,4,8,6,3,41240,4061244,406102037,3,5,15,"[9,0,8,4]","[1,1,-1,-1]","[1,12,2]","[[0],[2,3],[1]]",3,"[5,7,8]","[-1,1,-1]",0,True
10,4,8,6,4,41240,4061244,406102038,2,6,12,"[9,0,8,4]","[1,1,-1,-1]","[1,12,2]","[[0],[2,3],[1]]",1,[0],[1],0,True
10,4,8,6,5,41240,4061244,406102039,1,7,7,"[9,0,8,4]","[1,1,-1,-1]","[1,12,2]","[[0],[2,3],[1]]",2,"[7,9]","[1,1]",0,True
10,4,16,6,1,41240,4061244,406102835,4,12,48,"[9,0,8,4]","[1,1,-1,-1]","[1,12,2]","[[0],[2,3],[1]]",5,"[0,2,4,5,7]","[1,-1,-1,1,-1]",0,True
10,4,16,6,2,41240,4061244,406102836,2,14,28,"[9,0,8,4]","[1,1,-1,-1]","[1,12,2]","[[0],[2,3],[1]]",2,"[0,9]","[1,1]",0,True
10,4,16,6,3,41240,4061244,406102837,4,12,48,"[9,0,8,4]","[1,1,-1,-1]","[1,12,2]","[[0],[2,3],[1]]",4,"[0,1,4,8]","[1,-1,-1,-1]",0,True
10,4,16,6,4,41240,4061244,406102838,5,11,55,"[9,0,8,4]","[1,1,-1,-1]","[1,12,2]","[[0],[2,3],[1]]",4,"[0,4,7,8]","[1,-1,1,-1]",0,True
10,4,16,6,5,41240,4061244,406102839,5,11,55,"[9,0,8,4]","[1,1,-1,-1]","[1,12,2]","[[0],[2,3],[1]]",4,"[0,6,8,9]","[1,-1,-1,1]",0,True
10,4,32,6,1,41240,4061244,406104435,6,26,156,"[9,0,8,4]","[1,1,-1,-1]","[1,12,2]","[[0],[2,3],[1]]",4,"[0,2,4,9]","[1,-1,-1,1]",0,True
10,4,32,6,2,41240,4061244,406104436,10,22,220,"[9,0,8,4]","[1,1,-1,-1]","[1,12,2]","[[0],[2,3],[1]]",4,"[0,7,8,9]","[1,-1,-1,1]",0,True
10,4,32,6,3,41240,4061244,406104437,4,28,112,"[9,0,8,4]","[1,1,-1,-1]","[1,12,2]","[[0],[2,3],[1]]",6,"[0,3,4,6,7,8]","[1,-1,-1,-1,-1,-1]",0,True
10,4,32,6,4,41240,4061244,406104438,6,26,156,"[9,0,8,4]","[1,1,-1,-1]","[1,12,2]","[[0],[2,3],[1]]",4,"[0,6,8,9]","[1,1,-1,1]",0,True
10,4,32,6,5,41240,4061244,406104439,2,30,60,"[9,0,8,4]","[1,1,-1,-1]","[1,12,2]","[[0],[2,3],[1]]",3,"[0,2,3]","[1,1,1]",0,True
50,4,8,6,1,41240,4061284,406502035,3,5,15,"[23,6,9,38]","[1,1,-1,-1]","[1,12,2]","[[0],[2,3],[1]]",2,"[29,37]","[-1,-1]",0,True
50,4,8,6,2,41240,4061284,406502036,1,7,7,"[23,6,9,38]","[1,1,-1,-1]","[1,12,2]","[[0],[2,3],[1]]",2,"[2,42]","[1,1]",0,True
50,4,8,6,3,41240,4061284,406502037,2,6,12,"[23,6,9,38]","[1,1,-1,-1]","[1,12,2]","[[0],[2,3],[1]]",2,"[17,23]","[1,1]",0,True
50,4,8,6,4,41240,4061284,406502038,3,5,15,"[23,6,9,38]","[1,1,-1,-1]","[1,12,2]","[[0],[2,3],[1]]",2,"[5,49]","[1,1]",0,True
50,4,8,6,5,41240,4061284,406502039,4,4,16,"[23,6,9,38]","[1,1,-1,-1]","[1,12,2]","[[0],[2,3],[1]]",3,"[2,23,35]","[1,1,1]",0,True
50,4,16,6,1,41240,4061284,406502835,7,9,63,"[23,6,9,38]","[1,1,-1,-1]","[1,12,2]","[[0],[2,3],[1]]",5,"[11,12,29,44,48]","[1,-1,1,1,-1]",0,True
50,4,16,6,2,41240,4061284,406502836,3,13,39,"[23,6,9,38]","[1,1,-1,-1]","[1,12,2]","[[0],[2,3],[1]]",3,"[17,38,43]","[1,-1,-1]",0,True
50,4,16,6,3,41240,4061284,406502837,1,15,15,"[23,6,9,38]","[1,1,-1,-1]","[1,12,2]","[[0],[2,3],[1]]",3,"[7,17,33]","[1,1,1]",0,True
50,4,16,6,4,41240,4061284,406502838,4,12,48,"[23,6,9,38]","[1,1,-1,-1]","[1,12,2]","[[0],[2,3],[1]]",6,"[0,17,28,33,38,46]","[1,-1,1,1,-1,1]",0,True
50,4,16,6,5,41240,4061284,406502839,3,13,39,"[23,6,9,38]","[1,1,-1,-1]","[1,12,2]","[[0],[2,3],[1]]",6,"[11,14,19,33,37,40]","[1,1,-1,-1,1,1]",0,True
50,4,32,6,1,41240,4061284,406504435,2,30,60,"[23,6,9,38]","[1,1,-1,-1]","[1,12,2]","[[0],[2,3],[1]]",4,"[32,41,42,48]","[-1,-1,1,-1]",0,True
50,4,32,6,2,41240,4061284,406504436,7,25,175,"[23,6,9,38]","[1,1,-1,-1]","[1,12,2]","[[0],[2,3],[1]]",9,"[8,13,22,25,32,35,38,39,44]","[1,1,1,-1,1,-1,-1,-1,-1]",0,True
50,4,32,6,3,41240,4061284,406504437,8,24,192,"[23,6,9,38]","[1,1,-1,-1]","[1,12,2]","[[0],[2,3],[1]]",7,"[6,12,15,32,34,37,39]","[1,-1,1,1,-1,-1,1]",0,True
50,4,32,6,4,41240,4061284,406504438,3,29,87,"[23,6,9,38]","[1,1,-1,-1]","[1,12,2]","[[0],[2,3],[1]]",7,"[2,10,19,23,34,38,40]","[1,1,-1,1,-1,-1,-1]",0,True
50,4,32,6,5,41240,4061284,406504439,2,30,60,"[23,6,9,38]","[1,1,-1,-1]","[1,12,2]","[[0],[2,3],[1]]",5,"[21,23,38,44,46]","[1,1,1,-1,1]",0,True
100,4,8,6,1,41240,4061334,407002035,3,5,15,"[53,1,55,74]","[1,1,-1,-1]","[1,12,2]","[[0],[2,3],[1]]",2,"[59,79]","[1,1]",0,True
100,4,8,6,2,41240,4061334,407002036,2,6,12,"[53,1,55,74]","[1,1,-1,-1]","[1,12,2]","[[0],[2,3],[1]]",3,"[19,22,80]","[-1,-1,1]",0,True
100,4,8,6,3,41240,4061334,407002037,2,6,12,"[53,1,55,74]","[1,1,-1,-1]","[1,12,2]","[[0],[2,3],[1]]",2,"[78,99]","[-1,-1]",0,True
100,4,8,6,4,41240,4061334,407002038,1,7,7,"[53,1,55,74]","[1,1,-1,-1]","[1,12,2]","[[0],[2,3],[1]]",2,"[34,57]","[-1,-1]",0,True
100,4,8,6,5,41240,4061334,407002039,1,7,7,"[53,1,55,74]","[1,1,-1,-1]","[1,12,2]","[[0],[2,3],[1]]",2,"[49,50]","[1,-1]",0,True
100,4,16,6,1,41240,4061334,407002835,3,13,39,"[53,1,55,74]","[1,1,-1,-1]","[1,12,2]","[[0],[2,3],[1]]",5,"[20,42,52,53,95]","[-1,1,-1,1,-1]",0,True
100,4,16,6,2,41240,4061334,407002836,3,13,39,"[53,1,55,74]","[1,1,-1,-1]","[1,12,2]","[[0],[2,3],[1]]",6,"[52,55,80,82,87,94]","[1,-1,-1,-1,-1,-1]",0,True
100,4,16,6,3,41240,4061334,407002837,1,15,15,"[53,1,55,74]","[1,1,-1,-1]","[1,12,2]","[[0],[2,3],[1]]",3,"[8,36,99]","[-1,-1,-1]",0,True
100,4,16,6,4,41240,4061334,407002838,4,12,48,"[53,1,55,74]","[1,1,-1,-1]","[1,12,2]","[[0],[2,3],[1]]",3,"[14,53,59]","[-1,1,1]",0,True
100,4,16,6,5,41240,4061334,407002839,3,13,39,"[53,1,55,74]","[1,1,-1,-1]","[1,12,2]","[[0],[2,3],[1]]",3,"[6,68,93]","[1,1,-1]",0,True
100,4,32,6,1,41240,4061334,407004435,9,23,207,"[53,1,55,74]","[1,1,-1,-1]","[1,12,2]","[[0],[2,3],[1]]",7,"[9,27,40,57,58,64,85]","[-1,-1,-1,1,1,-1,1]",0,True
100,4,32,6,2,41240,4061334,407004436,7,25,175,"[53,1,55,74]","[1,1,-1,-1]","[1,12,2]","[[0],[2,3],[1]]",6,"[32,52,53,64,71,91]","[-1,1,1,1,1,-1]",0,True
100,4,32,6,3,41240,4061334,407004437,5,27,135,"[53,1,55,74]","[1,1,-1,-1]","[1,12,2]","[[0],[2,3],[1]]",7,"[8,13,53,61,77,81,88]","[-1,1,1,1,-1,-1,1]",0,True
100,4,32,6,4,41240,4061334,407004438,8,24,192,"[53,1,55,74]","[1,1,-1,-1]","[1,12,2]","[[0],[2,3],[1]]",9,"[7,11,17,22,25,28,57,77,93]","[1,-1,1,-1,-1,1,-1,-1,-1]",0,True
100,4,32,6,5,41240,4061334,407004439,4,28,112,"[53,1,55,74]","[1,1,-1,-1]","[1,12,2]","[[0],[2,3],[1]]",5,"[14,27,30,33,84]","[1,1,1,1,-1]",0,True
10,4,8,7,1,41241,4071244,407102035,1,7,7,"[4,3,0,9]","[1,-1,1,1]","[4,2,1,8]","[[2],[1],[0],[3]]",3,"[1,6,9]","[1,1,1]",0,True
10,4,8,7,2,41241,4071244,407102036,1,7,7,"[4,3,0,9]","[1,-1,1,1]","[4,2,1,8]","[[2],[1],[0],[3]]",3,"[1,3,9]","[1,-1,1]",0,True
10,4,8,7,3,41241,4071244,407102037,1,7,7,"[4,3,0,9]","[1,-1,1,1]","[4,2,1,8]","[[2],[1],[0],[3]]",3,"[0,6,8]","[1,1,-1]",0,True
10,4,8,7,4,41241,4071244,407102038,1,7,7,"[4,3,0,9]","[1,-1,1,1]","[4,2,1,8]","[[2],[1],[0],[3]]",2,"[3,5]","[-1,1]",0,True
10,4,8,7,5,41241,4071244,407102039,1,7,7,"[4,3,0,9]","[1,-1,1,1]","[4,2,1,8]","[[2],[1],[0],[3]]",3,"[3,6,9]","[-1,-1,1]",0,True
10,4,16,7,1,41241,4071244,407102835,1,15,15,"[4,3,0,9]","[1,-1,1,1]","[4,2,1,8]","[[2],[1],[0],[3]]",3,"[0,3,6]","[1,-1,-1]",0,True
10,4,16,7,2,41241,4071244,407102836,3,13,39,"[4,3,0,9]","[1,-1,1,1]","[4,2,1,8]","[[2],[1],[0],[3]]",5,"[1,5,6,8,9]","[-1,1,-1,-1,1]",0,True
10,4,16,7,3,41241,4071244,407102837,1,15,15,"[4,3,0,9]","[1,-1,1,1]","[4,2,1,8]","[[2],[1],[0],[3]]",4,"[0,5,7,8]","[1,1,-1,1]",0,True
10,4,16,7,4,41241,4071244,407102838,1,15,15,"[4,3,0,9]","[1,-1,1,1]","[4,2,1,8]","[[2],[1],[0],[3]]",3,"[0,6,9]","[1,1,1]",0,True
10,4,16,7,5,41241,4071244,407102839,1,15,15,"[4,3,0,9]","[1,-1,1,1]","[4,2,1,8]","[[2],[1],[0],[3]]",3,"[0,3,5]","[1,-1,-1]",0,True
10,4,32,7,1,41241,4071244,407104435,1,31,31,"[4,3,0,9]","[1,-1,1,1]","[4,2,1,8]","[[2],[1],[0],[3]]",4,"[1,3,6,9]","[-1,-1,-1,1]",0,True
10,4,32,7,2,41241,4071244,407104436,3,29,87,"[4,3,0,9]","[1,-1,1,1]","[4,2,1,8]","[[2],[1],[0],[3]]",5,"[0,2,4,8,9]","[1,-1,1,-1,1]",0,True
10,4,32,7,3,41241,4071244,407104437,2,30,60,"[4,3,0,9]","[1,-1,1,1]","[4,2,1,8]","[[2],[1],[0],[3]]",4,"[1,4,6,8]","[-1,1,1,1]",0,True
10,4,32,7,4,41241,4071244,407104438,3,29,87,"[4,3,0,9]","[1,-1,1,1]","[4,2,1,8]","[[2],[1],[0],[3]]",6,"[0,2,3,6,8,9]","[1,-1,-1,-1,1,1]",0,True
10,4,32,7,5,41241,4071244,407104439,4,28,112,"[4,3,0,9]","[1,-1,1,1]","[4,2,1,8]","[[2],[1],[0],[3]]",2,"[0,4]","[1,1]",0,True
50,4,8,7,1,41241,4071284,407502035,1,7,7,"[23,18,13,45]","[1,-1,1,1]","[4,2,1,8]","[[2],[1],[0],[3]]",3,"[27,33,37]","[-1,-1,-1]",0,True
50,4,8,7,2,41241,4071284,407502036,2,6,12,"[23,18,13,45]","[1,-1,1,1]","[4,2,1,8]","[[2],[1],[0],[3]]",4,"[13,14,27,36]","[1,-1,1,-1]",0,True
50,4,8,7,3,41241,4071284,407502037,2,6,12,"[23,18,13,45]","[1,-1,1,1]","[4,2,1,8]","[[2],[1],[0],[3]]",3,"[5,33,35]","[-1,1,1]",0,True
50,4,8,7,4,41241,4071284,407502038,1,7,7,"[23,18,13,45]","[1,-1,1,1]","[4,2,1,8]","[[2],[1],[0],[3]]",2,"[7,19]","[1,-1]",0,True
50,4,8,7,5,41241,4071284,407502039,1,7,7,"[23,18,13,45]","[1,-1,1,1]","[4,2,1,8]","[[2],[1],[0],[3]]",2,"[7,14]","[1,-1]",0,True
50,4,16,7,1,41241,4071284,407502835,2,14,28,"[23,18,13,45]","[1,-1,1,1]","[4,2,1,8]","[[2],[1],[0],[3]]",5,"[2,6,10,14,47]","[-1,-1,1,1,1]",0,True
50,4,16,7,2,41241,4071284,407502836,1,15,15,"[23,18,13,45]","[1,-1,1,1]","[4,2,1,8]","[[2],[1],[0],[3]]",3,"[13,23,36]","[1,1,1]",0,True
50,4,16,7,3,41241,4071284,407502837,1,15,15,"[23,18,13,45]","[1,-1,1,1]","[4,2,1,8]","[[2],[1],[0],[3]]",3,"[30,41,43]","[-1,1,1]",0,True
50,4,16,7,4,41241,4071284,407502838,1,15,15,"[23,18,13,45]","[1,-1,1,1]","[4,2,1,8]","[[2],[1],[0],[3]]",3,"[25,27,49]","[1,-1,-1]",0,True
50,4,16,7,5,41241,4071284,407502839,1,15,15,"[23,18,13,45]","[1,-1,1,1]","[4,2,1,8]","[[2],[1],[0],[3]]",3,"[17,28,30]","[-1,1,-1]",0,True
50,4,32,7,1,41241,4071284,407504435,2,30,60,"[23,18,13,45]","[1,-1,1,1]","[4,2,1,8]","[[2],[1],[0],[3]]",3,"[5,15,26]","[1,-1,1]",0,True
50,4,32,7,2,41241,4071284,407504436,3,29,87,"[23,18,13,45]","[1,-1,1,1]","[4,2,1,8]","[[2],[1],[0],[3]]",6,"[6,15,18,22,23,26]","[1,-1,-1,-1,1,-1]",0,True
50,4,32,7,3,41241,4071284,407504437,2,30,60,"[23,18,13,45]","[1,-1,1,1]","[4,2,1,8]","[[2],[1],[0],[3]]",3,"[12,15,34]","[1,-1,1]",0,True
50,4,32,7,4,41241,4071284,407504438,3,29,87,"[23,18,13,45]","[1,-1,1,1]","[4,2,1,8]","[[2],[1],[0],[3]]",7,"[9,10,18,20,21,24,33]","[1,1,-1,-1,-1,-1,-1]",0,True
50,4,32,7,5,41241,4071284,407504439,3,29,87,"[23,18,13,45]","[1,-1,1,1]","[4,2,1,8]","[[2],[1],[0],[3]]",5,"[10,23,25,32,46]","[1,1,1,1,1]",0,True
100,4,8,7,1,41241,4071334,408002035,1,7,7,"[75,77,31,71]","[1,-1,1,1]","[4,2,1,8]","[[2],[1],[0],[3]]",2,"[7,15]","[1,-1]",0,True
100,4,8,7,2,41241,4071334,408002036,1,7,7,"[75,77,31,71]","[1,-1,1,1]","[4,2,1,8]","[[2],[1],[0],[3]]",3,"[7,19,20]","[1,1,-1]",0,True
100,4,8,7,3,41241,4071334,408002037,1,7,7,"[75,77,31,71]","[1,-1,1,1]","[4,2,1,8]","[[2],[1],[0],[3]]",3,"[24,60,78]","[-1,-1,-1]",0,True
100,4,8,7,4,41241,4071334,408002038,1,7,7,"[75,77,31,71]","[1,-1,1,1]","[4,2,1,8]","[[2],[1],[0],[3]]",3,"[35,79,84]","[-1,1,-1]",0,True
100,4,8,7,5,41241,4071334,408002039,2,6,12,"[75,77,31,71]","[1,-1,1,1]","[4,2,1,8]","[[2],[1],[0],[3]]",2,"[31,88]","[1,-1]",0,True
100,4,16,7,1,41241,4071334,408002835,1,15,15,"[75,77,31,71]","[1,-1,1,1]","[4,2,1,8]","[[2],[1],[0],[3]]",3,"[53,61,77]","[-1,1,-1]",0,True
100,4,16,7,2,41241,4071334,408002836,1,15,15,"[75,77,31,71]","[1,-1,1,1]","[4,2,1,8]","[[2],[1],[0],[3]]",3,"[30,75,93]","[1,1,1]",0,True
100,4,16,7,3,41241,4071334,408002837,1,15,15,"[75,77,31,71]","[1,-1,1,1]","[4,2,1,8]","[[2],[1],[0],[3]]",3,"[3,10,72]","[-1,1,1]",0,True
100,4,16,7,4,41241,4071334,408002838,1,15,15,"[75,77,31,71]","[1,-1,1,1]","[4,2,1,8]","[[2],[1],[0],[3]]",3,"[15,32,50]","[1,-1,-1]",0,True
100,4,16,7,5,41241,4071334,408002839,1,15,15,"[75,77,31,71]","[1,-1,1,1]","[4,2,1,8]","[[2],[1],[0],[3]]",3,"[13,34,37]","[1,1,-1]",0,True
100,4,32,7,1,41241,4071334,408004435,1,31,31,"[75,77,31,71]","[1,-1,1,1]","[4,2,1,8]","[[2],[1],[0],[3]]",4,"[32,68,71,78]","[-1,1,1,-1]",0,True
100,4,32,7,2,41241,4071334,408004436,4,28,112,"[75,77,31,71]","[1,-1,1,1]","[4,2,1,8]","[[2],[1],[0],[3]]",6,"[6,16,56,67,75,88]","[1,-1,1,1,1,1]",0,True
100,4,32,7,3,41241,4071334,408004437,2,30,60,"[75,77,31,71]","[1,-1,1,1]","[4,2,1,8]","[[2],[1],[0],[3]]",6,"[13,39,45,46,59,93]","[1,1,1,-1,1,1]",0,True
100,4,32,7,4,41241,4071334,408004438,1,31,31,"[75,77,31,71]","[1,-1,1,1]","[4,2,1,8]","[[2],[1],[0],[3]]",4,"[2,31,39,99]","[-1,1,-1,-1]",0,True
100,4,32,7,5,41241,4071334,408004439,3,29,87,"[75,77,31,71]","[1,-1,1,1]","[4,2,1,8]","[[2],[1],[0],[3]]",5,"[26,37,38,77,85]","[-1,1,1,-1,1]",0,True
10,4,8,8,1,41242,4081244,408102035,5,3,15,"[6,9,3,2]","[-1,-1,1,-1]","[3,14,13]","[[0,1],[1,2,3],[0,2,3]]",3,"[1,3,5]","[-1,1,-1]",0,True
10,4,8,8,2,41242,4081244,408102036,6,2,12,"[6,9,3,2]","[-1,-1,1,-1]","[3,14,13]","[[0,1],[1,2,3],[0,2,3]]",2,"[6,7]","[-1,-1]",0,True
10,4,8,8,3,41242,4081244,408102037,7,1,7,"[6,9,3,2]","[-1,-1,1,-1]","[3,14,13]","[[0,1],[1,2,3],[0,2,3]]",2,"[6,9]","[-1,-1]",0,True
10,4,8,8,4,41242,4081244,408102038,5,3,15,"[6,9,3,2]","[-1,-1,1,-1]","[3,14,13]","[[0,1],[1,2,3],[0,2,3]]",3,"[1,7,8]","[-1,1,-1]",0,True
10,4,8,8,5,41242,4081244,408102039,5,3,15,"[6,9,3,2]","[-1,-1,1,-1]","[3,14,13]","[[0,1],[1,2,3],[0,2,3]]",5,"[1,2,3,5,6]","[-1,-1,1,1,-1]",0,True
10,4,16,8,1,41242,4081244,408102835,12,4,48,"[6,9,3,2]","[-1,-1,1,-1]","[3,14,13]","[[0,1],[1,2,3],[0,2,3]]",2,"[6,9]","[-1,-1]",0,True
10,4,16,8,2,41242,4081244,408102836,11,5,55,"[6,9,3,2]","[-1,-1,1,-1]","[3,14,13]","[[0,1],[1,2,3],[0,2,3]]",4,"[0,1,2,9]","[1,-1,-1,-1]",0,True
10,4,16,8,3,41242,4081244,408102837,7,9,63,"[6,9,3,2]","[-1,-1,1,-1]","[3,14,13]","[[0,1],[1,2,3],[0,2,3]]",4,"[2,3,6,9]","[-1,1,-1,-1]",0,True
10,4,16,8,4,41242,4081244,408102838,11,5,55,"[6,9,3,2]","[-1,-1,1,-1]","[3,14,13]","[[0,1],[1,2,3],[0,2,3]]",4,"[3,6,8,9]","[1,-1,-1,-1]",0,True
10,4,16,8,5,41242,4081244,408102839,9,7,63,"[6,9,3,2]","[-1,-1,1,-1]","[3,14,13]","[[0,1],[1,2,3],[0,2,3]]",5,"[1,3,5,7,9]","[-1,1,1,1,-1]",0,True
10,4,32,8,1,41242,4081244,408104435,18,14,252,"[6,9,3,2]","[-1,-1,1,-1]","[3,14,13]","[[0,1],[1,2,3],[0,2,3]]",5,"[0,2,3,5,6]","[-1,-1,1,1,-1]",0,True
10,4,32,8,2,41242,4081244,408104436,21,11,231,"[6,9,3,2]","[-1,-1,1,-1]","[3,14,13]","[[0,1],[1,2,3],[0,2,3]]",4,"[2,3,6,9]","[-1,1,-1,-1]",0,True
10,4,32,8,3,41242,4081244,408104437,20,12,240,"[6,9,3,2]","[-1,-1,1,-1]","[3,14,13]","[[0,1],[1,2,3],[0,2,3]]",5,"[0,3,5,6,9]","[-1,1,-1,-1,-1]",0,True
10,4,32,8,4,41242,4081244,408104438,25,7,175,"[6,9,3,2]","[-1,-1,1,-1]","[3,14,13]","[[0,1],[1,2,3],[0,2,3]]",4,"[2,5,6,9]","[-1,-1,-1,-1]",0,True
10,4,32,8,5,41242,4081244,408104439,20,12,240,"[6,9,3,2]","[-1,-1,1,-1]","[3,14,13]","[[0,1],[1,2,3],[0,2,3]]",5,"[0,2,5,6,9]","[-1,-1,-1,-1,-1]",0,True
50,4,8,8,1,41242,4081284,408502035,4,4,16,"[12,13,3,42]","[-1,-1,1,-1]","[3,14,13]","[[0,1],[1,2,3],[0,2,3]]",3,"[19,25,34]","[1,-1,1]",0,True
50,4,8,8,2,41242,4081284,408502036,4,4,16,"[12,13,3,42]","[-1,-1,1,-1]","[3,14,13]","[[0,1],[1,2,3],[0,2,3]]",3,"[1,22,42]","[1,-1,-1]",0,True
50,4,8,8,3,41242,4081284,408502037,6,2,12,"[12,13,3,42]","[-1,-1,1,-1]","[3,14,13]","[[0,1],[1,2,3],[0,2,3]]",1,[12],[-1],0,True
50,4,8,8,4,41242,4081284,408502038,6,2,12,"[12,13,3,42]","[-1,-1,1,-1]","[3,14,13]","[[0,1],[1,2,3],[0,2,3]]",2,"[28,30]","[-1,1]",0,True
50,4,8,8,5,41242,4081284,408502039,6,2,12,"[12,13,3,42]","[-1,-1,1,-1]","[3,14,13]","[[0,1],[1,2,3],[0,2,3]]",1,[31],[-1],0,True
50,4,16,8,1,41242,4081284,408502835,12,4,48,"[12,13,3,42]","[-1,-1,1,-1]","[3,14,13]","[[0,1],[1,2,3],[0,2,3]]",5,"[1,3,4,23,29]","[1,1,-1,1,-1]",0,True
50,4,16,8,2,41242,4081284,408502836,4,12,48,"[12,13,3,42]","[-1,-1,1,-1]","[3,14,13]","[[0,1],[1,2,3],[0,2,3]]",5,"[16,27,29,30,33]","[-1,1,1,-1,1]",0,True
50,4,16,8,3,41242,4081284,408502837,9,7,63,"[12,13,3,42]","[-1,-1,1,-1]","[3,14,13]","[[0,1],[1,2,3],[0,2,3]]",8,"[1,4,8,9,14,16,25,41]","[1,-1,-1,1,-1,1,-1,-1]",0,True
50,4,16,8,4,41242,4081284,408502838,10,6,60,"[12,13,3,42]","[-1,-1,1,-1]","[3,14,13]","[[0,1],[1,2,3],[0,2,3]]",8,"[5,10,17,27,28,29,42,47]","[1,-1,1,1,-1,-1,1,1]",0,True
50,4,16,8,5,41242,4081284,408502839,11,5,55,"[12,13,3,42]","[-1,-1,1,-1]","[3,14,13]","[[0,1],[1,2,3],[0,2,3]]",4,"[5,13,17,41]","[1,-1,-1,-1]",0,True
50,4,32,8,1,41242,4081284,408504435,21,11,231,"[12,13,3,42]","[-1,-1,1,-1]","[3,14,13]","[[0,1],[1,2,3],[0,2,3]]",7,"[4,16,25,34,42,44,45]","[-1,-1,-1,1,-1,-1,-1]",0,True
50,4,32,8,2,41242,4081284,408504436,17,15,255,"[12,13,3,42]","[-1,-1,1,-1]","[3,14,13]","[[0,1],[1,2,3],[0,2,3]]",7,"[3,10,13,21,32,42,43]","[1,1,-1,-1,1,-1,1]",0,True
50,4,32,8,3,41242,4081284,408504437,19,13,247,"[12,13,3,42]","[-1,-1,1,-1]","[3,14,13]","[[0,1],[1,2,3],[0,2,3]]",8,"[2,11,13,16,25,30,31,35]","[1,-1,-1,1,1,-1,1,1]",0,True
50,4,32,8,4,41242,4081284,408504438,23,9,207,"[12,13,3,42]","[-1,-1,1,-1]","[3,14,13]","[[0,1],[1,2,3],[0,2,3]]",7,"[0,5,8,24,25,28,48]","[1,1,1,-1,-1,1,1]",0,True
50,4,32,8,5,41242,4081284,408504439,23,9,207,"[12,13,3,42]","[-1,-1,1,-1]","[3,14,13]","[[0,1],[1,2,3],[0,2,3]]",9,"[2,16,22,29,33,36,42,46,47]","[1,-1,-1,-1,1,1,-1,1,-1]",0,True
100,4,8,8,1,41242,4081334,409002035,5,3,15,"[1,99,34,11]","[-1,-1,1,-1]","[3,14,13]","[[0,1],[1,2,3],[0,2,3]]",4,"[1,45,63,87]","[-1,-1,1,1]",0,True
100,4,8,8,2,41242,4081334,409002036,3,5,15,"[1,99,34,11]","[-1,-1,1,-1]","[3,14,13]","[[0,1],[1,2,3],[0,2,3]]",3,"[8,34,76]","[-1,1,-1]",0,True
100,4,8,8,3,41242,4081334,409002037,3,5,15,"[1,99,34,11]","[-1,-1,1,-1]","[3,14,13]","[[0,1],[1,2,3],[0,2,3]]",4,"[39,58,63,94]","[1,1,-1,-1]",0,True
100,4,8,8,4,41242,4081334,409002038,5,3,15,"[1,99,34,11]","[-1,-1,1,-1]","[3,14,13]","[[0,1],[1,2,3],[0,2,3]]",2,"[49,76]","[1,1]",0,True
100,4,8,8,5,41242,4081334,409002039,7,1,7,"[1,99,34,11]","[-1,-1,1,-1]","[3,14,13]","[[0,1],[1,2,3],[0,2,3]]",2,"[41,61]","[-1,1]",0,True
100,4,16,8,1,41242,4081334,409002835,10,6,60,"[1,99,34,11]","[-1,-1,1,-1]","[3,14,13]","[[0,1],[1,2,3],[0,2,3]]",8,"[10,41,48,59,73,77,81,93]","[-1,-1,1,1,1,-1,1,1]",0,True
100,4,16,8,2,41242,4081334,409002836,12,4,48,"[1,99,34,11]","[-1,-1,1,-1]","[3,14,13]","[[0,1],[1,2,3],[0,2,3]]",4,"[40,43,64,84]","[1,-1,-1,-1]",0,True
100,4,16,8,3,41242,4081334,409002837,13,3,39,"[1,99,34,11]","[-1,-1,1,-1]","[3,14,13]","[[0,1],[1,2,3],[0,2,3]]",6,"[26,45,52,86,89,99]","[1,-1,1,1,-1,-1]",0,True
100,4,16,8,4,41242,4081334,409002838,12,4,48,"[1,99,34,11]","[-1,-1,1,-1]","[3,14,13]","[[0,1],[1,2,3],[0,2,3]]",7,"[4,6,24,49,62,80,99]","[-1,1,-1,1,1,1,-1]",0,True
100,4,16,8,5,41242,4081334,409002839,11,5,55,"[1,99,34,11]","[-1,-1,1,-1]","[3,14,13]","[[0,1],[1,2,3],[0,2,3]]",4,"[34,38,56,98]","[1,-1,-1,-1]",0,True
100,4,32,8,1,41242,4081334,409004435,18,14,252,"[1,99,34,11]","[-1,-1,1,-1]","[3,14,13]","[[0,1],[1,2,3],[0,2,3]]",8,"[12,13,62,69,78,89,92,96]","[-1,1,-1,1,-1,-1,1,-1]",0,True
100,4,32,8,2,41242,4081334,409004436,21,11,231,"[1,99,34,11]","[-1,-1,1,-1]","[3,14,13]","[[0,1],[1,2,3],[0,2,3]]",9,"[10,11,17,33,37,57,91,92,97]","[1,-1,1,1,1,1,1,1,-1]",0,True
100,4,32,8,3,41242,4081334,409004437,18,14,252,"[1,99,34,11]","[-1,-1,1,-1]","[3,14,13]","[[0,1],[1,2,3],[0,2,3]]",6,"[0,11,35,49,54,99]","[-1,-1,1,1,1,-1]",0,True
100,4,32,8,4,41242,4081334,409004438,20,12,240,"[1,99,34,11]","[-1,-1,1,-1]","[3,14,13]","[[0,1],[1,2,3],[0,2,3]]",8,"[7,43,48,51,69,86,89,90]","[1,-1,1,1,1,1,-1,1]",0,True
100,4,32,8,5,41242,4081334,409004439,22,10,220,"[1,99,34,11]","[-1,-1,1,-1]","[3,14,13]","[[0,1],[1,2,3],[0,2,3]]",9,"[0,26,29,36,41,46,81,84,93]","[-1,1,-1,1,-1,-1,-1,-1,-1]",0,True
10,4,8,9,1,41243,4091244,409102035,6,2,12,"[8,7,4,0]","[-1,-1,-1,-1]","[3,12]","[[0,1],[2,3]]",3,"[0,7,9]","[-1,-1,-1]",0,True
10,4,8,9,2,41243,4091244,409102036,5,3,15,"[8,7,4,0]","[-1,-1,-1,-1]","[3,12]","[[0,1],[2,3]]",3,"[2,3,4]","[1,-1,-1]",0,True
10,4,8,9,3,41243,4091244,409102037,4,4,16,"[8,7,4,0]","[-1,-1,-1,-1]","[3,12]","[[0,1],[2,3]]",3,"[0,1,9]","[-1,-1,-1]",0,True
10,4,8,9,4,41243,4091244,409102038,5,3,15,"[8,7,4,0]","[-1,-1,-1,-1]","[3,12]","[[0,1],[2,3]]",3,"[0,4,7]","[-1,-1,-1]",0,True
10,4,8,9,5,41243,4091244,409102039,5,3,15,"[8,7,4,0]","[-1,-1,-1,-1]","[3,12]","[[0,1],[2,3]]",2,"[3,5]","[-1,-1]",0,True
10,4,16,9,1,41243,4091244,409102835,14,2,28,"[8,7,4,0]","[-1,-1,-1,-1]","[3,12]","[[0,1],[2,3]]",4,"[1,2,6,8]","[1,1,1,-1]",0,True
10,4,16,9,2,41243,4091244,409102836,9,7,63,"[8,7,4,0]","[-1,-1,-1,-1]","[3,12]","[[0,1],[2,3]]",5,"[1,3,5,6,9]","[-1,-1,-1,-1,1]",0,True
10,4,16,9,3,41243,4091244,409102837,10,6,60,"[8,7,4,0]","[-1,-1,-1,-1]","[3,12]","[[0,1],[2,3]]",4,"[0,4,6,8]","[-1,-1,-1,-1]",0,True
10,4,16,9,4,41243,4091244,409102838,9,7,63,"[8,7,4,0]","[-1,-1,-1,-1]","[3,12]","[[0,1],[2,3]]",4,"[2,4,7,8]","[1,-1,-1,-1]",0,True
10,4,16,9,5,41243,4091244,409102839,8,8,64,"[8,7,4,0]","[-1,-1,-1,-1]","[3,12]","[[0,1],[2,3]]",6,"[0,1,2,7,8,9]","[-1,1,-1,-1,-1,-1]",0,True
10,4,32,9,1,41243,4091244,409104435,17,15,255,"[8,7,4,0]","[-1,-1,-1,-1]","[3,12]","[[0,1],[2,3]]",4,"[0,4,7,8]","[-1,-1,-1,-1]",0,True
10,4,32,9,2,41243,4091244,409104436,20,12,240,"[8,7,4,0]","[-1,-1,-1,-1]","[3,12]","[[0,1],[2,3]]",5,"[0,3,4,6,8]","[-1,-1,-1,-1,-1]",0,True
10,4,32,9,3,41243,4091244,409104437,15,17,255,"[8,7,4,0]","[-1,-1,-1,-1]","[3,12]","[[0,1],[2,3]]",4,"[0,4,7,8]","[-1,-1,-1,-1]",0,True
10,4,32,9,4,41243,4091244,409104438,18,14,252,"[8,7,4,0]","[-1,-1,-1,-1]","[3,12]","[[0,1],[2,3]]",4,"[0,4,5,7]","[-1,-1,1,-1]",0,True
10,4,32,9,5,41243,4091244,409104439,17,15,255,"[8,7,4,0]","[-1,-1,-1,-1]","[3,12]","[[0,1],[2,3]]",4,"[0,3,4,8]","[-1,-1,-1,-1]",0,True
50,4,8,9,1,41243,4091284,409502035,2,6,12,"[46,49,1,23]","[-1,-1,-1,-1]","[3,12]","[[0,1],[2,3]]",3,"[11,33,44]","[-1,1,1]",0,True
50,4,8,9,2,41243,4091284,409502036,5,3,15,"[46,49,1,23]","[-1,-1,-1,-1]","[3,12]","[[0,1],[2,3]]",4,"[7,9,33,35]","[-1,-1,1,1]",0,True
50,4,8,9,3,41243,4091284,409502037,6,2,12,"[46,49,1,23]","[-1,-1,-1,-1]","[3,12]","[[0,1],[2,3]]",4,"[8,10,19,36]","[1,1,1,1]",0,True
50,4,8,9,4,41243,4091284,409502038,6,2,12,"[46,49,1,23]","[-1,-1,-1,-1]","[3,12]","[[0,1],[2,3]]",1,[27],[1],0,True
50,4,8,9,5,41243,4091284,409502039,5,3,15,"[46,49,1,23]","[-1,-1,-1,-1]","[3,12]","[[0,1],[2,3]]",3,"[12,22,34]","[-1,1,-1]",0,True
50,4,16,9,1,41243,4091284,409502835,9,7,63,"[46,49,1,23]","[-1,-1,-1,-1]","[3,12]","[[0,1],[2,3]]",8,"[3,18,19,26,39,41,42,43]","[1,-1,1,1,1,-1,-1,1]",0,True
50,4,16,9,2,41243,4091284,409502836,8,8,64,"[46,49,1,23]","[-1,-1,-1,-1]","[3,12]","[[0,1],[2,3]]",3,"[31,32,40]","[-1,1,1]",0,True
50,4,16,9,3,41243,4091284,409502837,5,11,55,"[46,49,1,23]","[-1,-1,-1,-1]","[3,12]","[[0,1],[2,3]]",6,"[6,23,28,29,35,39]","[1,-1,-1,1,-1,-1]",0,True
50,4,16,9,4,41243,4091284,409502838,9,7,63,"[46,49,1,23]","[-1,-1,-1,-1]","[3,12]","[[0,1],[2,3]]",4,"[25,41,43,45]","[-1,-1,-1,-1]",0,True
50,4,16,9,5,41243,4091284,409502839,5,11,55,"[46,49,1,23]","[-1,-1,-1,-1]","[3,12]","[[0,1],[2,3]]",4,"[24,31,39,44]","[1,-1,1,-1]",0,True
50,4,32,9,1,41243,4091284,409504435,17,15,255,"[46,49,1,23]","[-1,-1,-1,-1]","[3,12]","[[0,1],[2,3]]",9,"[5,6,9,10,12,28,34,41,49]","[1,1,1,-1,1,1,1,-1,-1]",0,True
50,4,32,9,2,41243,4091284,409504436,22,10,220,"[46,49,1,23]","[-1,-1,-1,-1]","[3,12]","[[0,1],[2,3]]",8,"[2,7,8,9,14,15,38,48]","[1,-1,1,-1,1,1,-1,-1]",0,True
50,4,32,9,3,41243,4091284,409504437,15,17,255,"[46,49,1,23]","[-1,-1,-1,-1]","[3,12]","[[0,1],[2,3]]",9,"[12,16,22,23,24,41,44,47,49]","[1,1,1,-1,1,-1,-1,-1,-1]",0,True
50,4,32,9,4,41243,4091284,409504438,22,10,220,"[46,49,1,23]","[-1,-1,-1,-1]","[3,12]","[[0,1],[2,3]]",8,"[2,9,13,15,21,24,36,45]","[1,-1,1,1,1,1,-1,1]",0,True
50,4,32,9,5,41243,4091284,409504439,15,17,255,"[46,49,1,23]","[-1,-1,-1,-1]","[3,12]","[[0,1],[2,3]]",6,"[6,15,18,23,32,46]","[-1,1,1,-1,-1,-1]",0,True
100,4,8,9,1,41243,4091334,410002035,6,2,12,"[62,70,8,77]","[-1,-1,-1,-1]","[3,12]","[[0,1],[2,3]]",2,"[16,61]","[1,-1]",0,True
100,4,8,9,2,41243,4091334,410002036,4,4,16,"[62,70,8,77]","[-1,-1,-1,-1]","[3,12]","[[0,1],[2,3]]",2,"[86,89]","[-1,1]",0,True
100,4,8,9,3,41243,4091334,410002037,5,3,15,"[62,70,8,77]","[-1,-1,-1,-1]","[3,12]","[[0,1],[2,3]]",4,"[12,47,48,49]","[1,1,-1,1]",0,True
100,4,8,9,4,41243,4091334,410002038,5,3,15,"[62,70,8,77]","[-1,-1,-1,-1]","[3,12]","[[0,1],[2,3]]",2,"[4,5]","[-1,1]",0,True
100,4,8,9,5,41243,4091334,410002039,3,5,15,"[62,70,8,77]","[-1,-1,-1,-1]","[3,12]","[[0,1],[2,3]]",1,[55],[1],0,True
100,4,16,9,1,41243,4091334,410002835,11,5,55,"[62,70,8,77]","[-1,-1,-1,-1]","[3,12]","[[0,1],[2,3]]",5,"[10,40,48,62,93]","[1,1,-1,-1,1]",0,True
100,4,16,9,2,41243,4091334,410002836,10,6,60,"[62,70,8,77]","[-1,-1,-1,-1]","[3,12]","[[0,1],[2,3]]",5,"[2,8,31,35,99]","[-1,-1,-1,1,-1]",0,True
100,4,16,9,3,41243,4091334,410002837,9,7,63,"[62,70,8,77]","[-1,-1,-1,-1]","[3,12]","[[0,1],[2,3]]",7,"[27,35,63,64,72,89,90]","[-1,-1,-1,1,-1,-1,-1]",0,True
100,4,16,9,4,41243,4091334,410002838,10,6,60,"[62,70,8,77]","[-1,-1,-1,-1]","[3,12]","[[0,1],[2,3]]",3,"[30,68,73]","[-1,-1,1]",0,True
100,4,16,9,5,41243,4091334,410002839,11,5,55,"[62,70,8,77]","[-1,-1,-1,-1]","[3,12]","[[0,1],[2,3]]",6,"[3,34,40,48,64,97]","[1,-1,-1,1,-1,1]",0,True
100,4,32,9,1,41243,4091334,410004435,20,12,240,"[62,70,8,77]","[-1,-1,-1,-1]","[3,12]","[[0,1],[2,3]]",8,"[9,15,20,56,57,76,79,91]","[1,1,1,-1,1,-1,1,-1]",0,True
100,4,32,9,2,41243,4091334,410004436,18,14,252,"[62,70,8,77]","[-1,-1,-1,-1]","[3,12]","[[0,1],[2,3]]",7,"[1,24,65,81,95,97,99]","[-1,-1,1,1,-1,1,-1]",0,True
100,4,32,9,3,41243,4091334,410004437,14,18,252,"[62,70,8,77]","[-1,-1,-1,-1]","[3,12]","[[0,1],[2,3]]",8,"[14,37,38,48,49,57,70,92]","[-1,1,-1,1,-1,-1,-1,-1]",0,True
100,4,32,9,4,41243,4091334,410004438,17,15,255,"[62,70,8,77]","[-1,-1,-1,-1]","[3,12]","[[0,1],[2,3]]",7,"[7,9,22,26,28,62,75]","[-1,1,-1,1,1,-1,-1]",0,True
100,4,32,9,5,41243,4091334,410004439,19,13,247,"[62,70,8,77]","[-1,-1,-1,-1]","[3,12]","[[0,1],[2,3]]",8,"[3,20,25,45,58,63,70,77]","[-1,1,-1,1,1,-1,-1,-1]",0,True
10,4,8,10,1,41244,4101244,410102035,3,5,15,"[1,4,8,3]","[1,-1,1,-1]","[1,2,12]","[[0],[1],[2,3]]",5,"[0,5,6,8,9]","[-1,-1,-1,1,1]",0,True
10,4,8,10,2,41244,4101244,410102036,1,7,7,"[1,4,8,3]","[1,-1,1,-1]","[1,2,12]","[[0],[1],[2,3]]",3,"[0,6,9]","[-1,1,-1]",0,True
10,4,8,10,3,41244,4101244,410102037,1,7,7,"[1,4,8,3]","[1,-1,1,-1]","[1,2,12]","[[0],[1],[2,3]]",2,"[0,2]","[-1,1]",0,True
10,4,8,10,4,41244,4101244,410102038,1,7,7,"[1,4,8,3]","[1,-1,1,-1]","[1,2,12]","[[0],[1],[2,3]]",2,"[1,3]","[1,-1]",0,True
10,4,8,10,5,41244,4101244,410102039,2,6,12,"[1,4,8,3]","[1,-1,1,-1]","[1,2,12]","[[0],[1],[2,3]]",2,"[3,5]","[-1,-1]",0,True
10,4,16,10,1,41244,4101244,410102835,5,11,55,"[1,4,8,3]","[1,-1,1,-1]","[1,2,12]","[[0],[1],[2,3]]",4,"[0,4,6,9]","[-1,-1,1,-1]",0,True
10,4,16,10,2,41244,4101244,410102836,2,14,28,"[1,4,8,3]","[1,-1,1,-1]","[1,2,12]","[[0],[1],[2,3]]",2,"[0,4]","[1,-1]",0,True
10,4,16,10,3,41244,4101244,410102837,4,12,48,"[1,4,8,3]","[1,-1,1,-1]","[1,2,12]","[[0],[1],[2,3]]",4,"[3,4,8,9]","[-1,-1,1,1]",0,True
10,4,16,10,4,41244,4101244,410102838,3,13,39,"[1,4,8,3]","[1,-1,1,-1]","[1,2,12]","[[0],[1],[2,3]]",4,"[0,3,5,9]","[-1,-1,1,-1]",0,True
10,4,16,10,5,41244,4101244,410102839,6,10,60,"[1,4,8,3]","[1,-1,1,-1]","[1,2,12]","[[0],[1],[2,3]]",3,"[0,1,7]","[-1,1,-1]",0,True
10,4,32,10,1,41244,4101244,410104435,5,27,135,"[1,4,8,3]","[1,-1,1,-1]","[1,2,12]","[[0],[1],[2,3]]",4,"[0,1,4,8]","[1,1,-1,1]",0,True
10,4,32,10,2,41244,4101244,410104436,5,27,135,"[1,4,8,3]","[1,-1,1,-1]","[1,2,12]","[[0],[1],[2,3]]",2,"[1,4]","[1,-1]",0,True
10,4,32,10,3,41244,4101244,410104437,4,28,112,"[1,4,8,3]","[1,-1,1,-1]","[1,2,12]","[[0],[1],[2,3]]",4,"[1,3,4,8]","[1,-1,-1,1]",0,True
10,4,32,10,4,41244,4101244,410104438,7,25,175,"[1,4,8,3]","[1,-1,1,-1]","[1,2,12]","[[0],[1],[2,3]]",2,"[1,4]","[1,-1]",0,True
10,4,32,10,5,41244,4101244,410104439,9,23,207,"[1,4,8,3]","[1,-1,1,-1]","[1,2,12]","[[0],[1],[2,3]]",4,"[1,3,4,6]","[1,-1,-1,1]",0,True
50,4,8,10,1,41244,4101284,410502035,1,7,7,"[25,10,49,44]","[1,-1,1,-1]","[1,2,12]","[[0],[1],[2,3]]",2,"[25,42]","[1,1]",0,True
50,4,8,10,2,41244,4101284,410502036,4,4,16,"[25,10,49,44]","[1,-1,1,-1]","[1,2,12]","[[0],[1],[2,3]]",3,"[23,25,32]","[1,1,1]",0,True
50,4,8,10,3,41244,4101284,410502037,1,7,7,"[25,10,49,44]","[1,-1,1,-1]","[1,2,12]","[[0],[1],[2,3]]",2,"[12,30]","[-1,-1]",0,True
50,4,8,10,4,41244,4101284,410502038,1,7,7,"[25,10,49,44]","[1,-1,1,-1]","[1,2,12]","[[0],[1],[2,3]]",3,"[10,12,15]","[-1,1,1]",0,True
50,4,8,10,5,41244,4101284,410502039,2,6,12,"[25,10,49,44]","[1,-1,1,-1]","[1,2,12]","[[0],[1],[2,3]]",3,"[25,38,39]","[1,-1,-1]",0,True
50,4,16,10,1,41244,4101284,410502835,1,15,15,"[25,10,49,44]","[1,-1,1,-1]","[1,2,12]","[[0],[1],[2,3]]",3,"[23,29,43]","[-1,-1,-1]",0,True
50,4,16,10,2,41244,4101284,410502836,2,14,28,"[25,10,49,44]","[1,-1,1,-1]","[1,2,12]","[[0],[1],[2,3]]",2,"[0,6]","[1,1]",0,True
50,4,16,10,3,41244,4101284,410502837,7,9,63,"[25,10,49,44]","[1,-1,1,-1]","[1,2,12]","[[0],[1],[2,3]]",5,"[3,4,11,36,49]","[1,1,1,-1,1]",0,True
50,4,16,10,4,41244,4101284,410502838,5,11,55,"[25,10,49,44]","[1,-1,1,-1]","[1,2,12]","[[0],[1],[2,3]]",5,"[21,24,34,35,37]","[-1,-1,1,-1,-1]",0,True
50,4,16,10,5,41244,4101284,410502839,3,13,39,"[25,10,49,44]","[1,-1,1,-1]","[1,2,12]","[[0],[1],[2,3]]",5,"[18,28,41,45,47]","[1,-1,1,1,1]",0,True
50,4,32,10,1,41244,4101284,410504435,7,25,175,"[25,10,49,44]","[1,-1,1,-1]","[1,2,12]","[[0],[1],[2,3]]",7,"[3,7,25,26,37,42,46]","[1,-1,1,-1,-1,1,-1]",0,True
50,4,32,10,2,41244,4101284,410504436,9,23,207,"[25,10,49,44]","[1,-1,1,-1]","[1,2,12]","[[0],[1],[2,3]]",9,"[8,14,16,21,22,36,40,44,45]","[1,-1,-1,-1,1,-1,1,-1,1]",0,True
50,4,32,10,3,41244,4101284,410504437,3,29,87,"[25,10,49,44]","[1,-1,1,-1]","[1,2,12]","[[0],[1],[2,3]]",4,"[10,21,28,47]","[-1,-1,-1,1]",0,True
50,4,32,10,4,41244,4101284,410504438,6,26,156,"[25,10,49,44]","[1,-1,1,-1]","[1,2,12]","[[0],[1],[2,3]]",6,"[1,6,14,26,30,38]","[1,1,1,-1,-1,-1]",0,True
50,4,32,10,5,41244,4101284,410504439,9,23,207,"[25,10,49,44]","[1,-1,1,-1]","[1,2,12]","[[0],[1],[2,3]]",7,"[9,19,24,28,33,40,43]","[1,1,-1,-1,-1,1,1]",0,True
100,4,8,10,1,41244,4101334,411002035,2,6,12,"[16,49,0,37]","[1,-1,1,-1]","[1,2,12]","[[0],[1],[2,3]]",3,"[61,65,97]","[1,1,1]",0,True
100,4,8,10,2,41244,4101334,411002036,2,6,12,"[16,49,0,37]","[1,-1,1,-1]","[1,2,12]","[[0],[1],[2,3]]",2,"[14,48]","[1,-1]",0,True
100,4,8,10,3,41244,4101334,411002037,1,7,7,"[16,49,0,37]","[1,-1,1,-1]","[1,2,12]","[[0],[1],[2,3]]",1,[54],[1],0,True
100,4,8,10,4,41244,4101334,411002038,2,6,12,"[16,49,0,37]","[1,-1,1,-1]","[1,2,12]","[[0],[1],[2,3]]",3,"[84,86,91]","[1,1,-1]",0,True
100,4,8,10,5,41244,4101334,411002039,2,6,12,"[16,49,0,37]","[1,-1,1,-1]","[1,2,12]","[[0],[1],[2,3]]",3,"[66,74,89]","[-1,-1,1]",0,True
100,4,16,10,1,41244,4101334,411002835,6,10,60,"[16,49,0,37]","[1,-1,1,-1]","[1,2,12]","[[0],[1],[2,3]]",4,"[28,57,65,77]","[-1,-1,1,-1]",0,True
100,4,16,10,2,41244,4101334,411002836,1,15,15,"[16,49,0,37]","[1,-1,1,-1]","[1,2,12]","[[0],[1],[2,3]]",3,"[2,8,23]","[-1,-1,1]",0,True
100,4,16,10,3,41244,4101334,411002837,5,11,55,"[16,49,0,37]","[1,-1,1,-1]","[1,2,12]","[[0],[1],[2,3]]",3,"[8,22,49]","[1,-1,-1]",0,True
100,4,16,10,4,41244,4101334,411002838,1,15,15,"[16,49,0,37]","[1,-1,1,-1]","[1,2,12]","[[0],[1],[2,3]]",4,"[5,13,23,66]","[1,1,1,1]",0,True
100,4,16,10,5,41244,4101334,411002839,2,14,28,"[16,49,0,37]","[1,-1,1,-1]","[1,2,12]","[[0],[1],[2,3]]",6,"[7,24,28,46,51,83]","[-1,1,-1,-1,1,-1]",0,True
100,4,32,10,1,41244,4101334,411004435,5,27,135,"[16,49,0,37]","[1,-1,1,-1]","[1,2,12]","[[0],[1],[2,3]]",6,"[6,7,31,32,85,92]","[-1,-1,-1,1,-1,1]",0,True
100,4,32,10,2,41244,4101334,411004436,8,24,192,"[16,49,0,37]","[1,-1,1,-1]","[1,2,12]","[[0],[1],[2,3]]",8,"[1,40,56,74,77,79,88,99]","[-1,1,-1,1,-1,1,-1,1]",0,True
100,4,32,10,3,41244,4101334,411004437,5,27,135,"[16,49,0,37]","[1,-1,1,-1]","[1,2,12]","[[0],[1],[2,3]]",6,"[0,2,8,58,60,64]","[1,-1,1,-1,-1,1]",0,True
100,4,32,10,4,41244,4101334,411004438,2,30,60,"[16,49,0,37]","[1,-1,1,-1]","[1,2,12]","[[0],[1],[2,3]]",6,"[0,11,45,62,67,75]","[1,1,1,1,-1,1]",0,True
100,4,32,10,5,41244,4101334,411004439,6,26,156,"[16,49,0,37]","[1,-1,1,-1]","[1,2,12]","[[0],[1],[2,3]]",7,"[6,21,44,55,74,96,98]","[-1,-1,-1,-1,1,-1,-1]",0,True
10,4,8,11,1,41245,4111244,411102035,5,3,15,"[2,9,8,5]","[1,-1,1,-1]","[6,13,11]","[[1,2],[0,2,3],[0,1,3]]",1,[8],[1],0,True
10,4,8,11,2,41245,4111244,411102036,2,6,12,"[2,9,8,5]","[1,-1,1,-1]","[6,13,11]","[[1,2],[0,2,3],[0,1,3]]",3,"[5,8,9]","[-1,1,-1]",0,True
10,4,8,11,3,41245,4111244,411102037,5,3,15,"[2,9,8,5]","[1,-1,1,-1]","[6,13,11]","[[1,2],[0,2,3],[0,1,3]]",2,"[2,4]","[1,1]",0,True
10,4,8,11,4,41245,4111244,411102038,5,3,15,"[2,9,8,5]","[1,-1,1,-1]","[6,13,11]","[[1,2],[0,2,3],[0,1,3]]",2,"[1,6]","[1,-1]",0,True
10,4,8,11,5,41245,4111244,411102039,3,5,15,"[2,9,8,5]","[1,-1,1,-1]","[6,13,11]","[[1,2],[0,2,3],[0,1,3]]",1,[9],[-1],0,True
10,4,16,11,1,41245,4111244,411102835,11,5,55,"[2,9,8,5]","[1,-1,1,-1]","[6,13,11]","[[1,2],[0,2,3],[0,1,3]]",2,"[5,9]","[-1,-1]",0,True
10,4,16,11,2,41245,4111244,411102836,10,6,60,"[2,9,8,5]","[1,-1,1,-1]","[6,13,11]","[[1,2],[0,2,3],[0,1,3]]",6,"[0,3,4,5,6,9]","[-1,1,-1,1,1,-1]",0,True
10,4,16,11,3,41245,4111244,411102837,8,8,64,"[2,9,8,5]","[1,-1,1,-1]","[6,13,11]","[[1,2],[0,2,3],[0,1,3]]",2,"[2,9]","[1,-1]",0,True
10,4,16,11,4,41245,4111244,411102838,10,6,60,"[2,9,8,5]","[1,-1,1,-1]","[6,13,11]","[[1,2],[0,2,3],[0,1,3]]",1,[9],[-1],0,True
10,4,16,11,5,41245,4111244,411102839,12,4,48,"[2,9,8,5]","[1,-1,1,-1]","[6,13,11]","[[1,2],[0,2,3],[0,1,3]]",1,[8],[1],0,True
10,4,32,11,1,41245,4111244,411104435,18,14,252,"[2,9,8,5]","[1,-1,1,-1]","[6,13,11]","[[1,2],[0,2,3],[0,1,3]]",2,"[8,9]","[1,-1]",0,True
10,4,32,11,2,41245,4111244,411104436,16,16,256,"[2,9,8,5]","[1,-1,1,-1]","[6,13,11]","[[1,2],[0,2,3],[0,1,3]]",4,"[2,5,8,9]","[1,-1,1,-1]",0,True
10,4,32,11,3,41245,4111244,411104437,22,10,220,"[2,9,8,5]","[1,-1,1,-1]","[6,13,11]","[[1,2],[0,2,3],[0,1,3]]",2,"[8,9]","[1,-1]",0,True
10,4,32,11,4,41245,4111244,411104438,18,14,252,"[2,9,8,5]","[1,-1,1,-1]","[6,13,11]","[[1,2],[0,2,3],[0,1,3]]",4,"[1,2,8,9]","[1,1,1,-1]",0,True
10,4,32,11,5,41245,4111244,411104439,21,11,231,"[2,9,8,5]","[1,-1,1,-1]","[6,13,11]","[[1,2],[0,2,3],[0,1,3]]",4,"[2,5,8,9]","[1,-1,1,-1]",0,True
50,4,8,11,1,41245,4111284,411502035,4,4,16,"[40,14,2,41]","[1,-1,1,-1]","[6,13,11]","[[1,2],[0,2,3],[0,1,3]]",6,"[3,8,15,26,36,39]","[-1,-1,-1,1,1,-1]",0,True
50,4,8,11,2,41245,4111284,411502036,4,4,16,"[40,14,2,41]","[1,-1,1,-1]","[6,13,11]","[[1,2],[0,2,3],[0,1,3]]",1,[2],[1],0,True
50,4,8,11,3,41245,4111284,411502037,6,2,12,"[40,14,2,41]","[1,-1,1,-1]","[6,13,11]","[[1,2],[0,2,3],[0,1,3]]",2,"[5,8]","[-1,1]",0,True
50,4,8,11,4,41245,4111284,411502038,5,3,15,"[40,14,2,41]","[1,-1,1,-1]","[6,13,11]","[[1,2],[0,2,3],[0,1,3]]",3,"[2,10,34]","[1,1,-1]",0,True
50,4,8,11,5,41245,4111284,411502039,6,2,12,"[40,14,2,41]","[1,-1,1,-1]","[6,13,11]","[[1,2],[0,2,3],[0,1,3]]",2,"[3,36]","[-1,1]",0,True
50,4,16,11,1,41245,4111284,411502835,13,3,39,"[40,14,2,41]","[1,-1,1,-1]","[6,13,11]","[[1,2],[0,2,3],[0,1,3]]",3,"[5,11,28]","[-1,-1,1]",0,True
50,4,16,11,2,41245,4111284,411502836,10,6,60,"[40,14,2,41]","[1,-1,1,-1]","[6,13,11]","[[1,2],[0,2,3],[0,1,3]]",4,"[14,31,35,43]","[-1,-1,-1,1]",0,True
50,4,16,11,3,41245,4111284,411502837,12,4,48,"[40,14,2,41]","[1,-1,1,-1]","[6,13,11]","[[1,2],[0,2,3],[0,1,3]]",7,"[3,12,22,24,46,47,48]","[-1,-1,1,-1,1,-1,-1]",0,True
50,4,16,11,4,41245,4111284,411502838,7,9,63,"[40,14,2,41]","[1,-1,1,-1]","[6,13,11]","[[1,2],[0,2,3],[0,1,3]]",7,"[12,30,35,38,40,41,45]","[1,-1,1,-1,1,1,1]",0,True
50,4,16,11,5,41245,4111284,411502839,11,5,55,"[40,14,2,41]","[1,-1,1,-1]","[6,13,11]","[[1,2],[0,2,3],[0,1,3]]",6,"[1,7,26,42,44,47]","[-1,-1,1,1,-1,-1]",0,True
50,4,32,11,1,41245,4111284,411504435,21,11,231,"[40,14,2,41]","[1,-1,1,-1]","[6,13,11]","[[1,2],[0,2,3],[0,1,3]]",9,"[3,7,11,13,16,17,31,47,48]","[-1,-1,1,-1,-1,1,-1,1,1]",0,True
50,4,32,11,2,41245,4111284,411504436,14,18,252,"[40,14,2,41]","[1,-1,1,-1]","[6,13,11]","[[1,2],[0,2,3],[0,1,3]]",6,"[8,9,14,37,40,48]","[1,1,-1,-1,1,-1]",0,True
50,4,32,11,3,41245,4111284,411504437,25,7,175,"[40,14,2,41]","[1,-1,1,-1]","[6,13,11]","[[1,2],[0,2,3],[0,1,3]]",6,"[2,9,11,26,38,44]","[1,1,-1,1,-1,1]",0,True
50,4,32,11,4,41245,4111284,411504438,19,13,247,"[40,14,2,41]","[1,-1,1,-1]","[6,13,11]","[[1,2],[0,2,3],[0,1,3]]",9,"[0,1,9,22,23,32,33,43,44]","[1,1,1,-1,-1,-1,-1,1,1]",0,True
50,4,32,11,5,41245,4111284,411504439,21,11,231,"[40,14,2,41]","[1,-1,1,-1]","[6,13,11]","[[1,2],[0,2,3],[0,1,3]]",7,"[2,5,14,37,44,45,47]","[1,-1,-1,-1,-1,-1,1]",0,True
100,4,8,11,1,41245,4111334,412002035,6,2,12,"[57,40,49,34]","[1,-1,1,-1]","[6,13,11]","[[1,2],[0,2,3],[0,1,3]]",3,"[7,19,36]","[1,1,-1]",0,True
100,4,8,11,2,41245,4111334,412002036,7,1,7,"[57,40,49,34]","[1,-1,1,-1]","[6,13,11]","[[1,2],[0,2,3],[0,1,3]]",2,"[7,49]","[1,1]",0,True
100,4,8,11,3,41245,4111334,412002037,4,4,16,"[57,40,49,34]","[1,-1,1,-1]","[6,13,11]","[[1,2],[0,2,3],[0,1,3]]",3,"[5,30,88]","[-1,1,1]",0,True
100,4,8,11,4,41245,4111334,412002038,5,3,15,"[57,40,49,34]","[1,-1,1,-1]","[6,13,11]","[[1,2],[0,2,3],[0,1,3]]",2,"[49,99]","[1,1]",0,True
100,4,8,11,5,41245,4111334,412002039,4,4,16,"[57,40,49,34]","[1,-1,1,-1]","[6,13,11]","[[1,2],[0,2,3],[0,1,3]]",1,[67],[-1],0,True
100,4,16,11,1,41245,4111334,412002835,9,7,63,"[57,40,49,34]","[1,-1,1,-1]","[6,13,11]","[[1,2],[0,2,3],[0,1,3]]",6,"[3,7,33,40,55,93]","[1,1,-1,-1,1,1]",0,True
100,4,16,11,2,41245,4111334,412002836,11,5,55,"[57,40,49,34]","[1,-1,1,-1]","[6,13,11]","[[1,2],[0,2,3],[0,1,3]]",4,"[9,70,72,93]","[1,1,-1,-1]",0,True
100,4,16,11,3,41245,4111334,412002837,6,10,60,"[57,40,49,34]","[1,-1,1,-1]","[6,13,11]","[[1,2],[0,2,3],[0,1,3]]",6,"[13,28,29,31,66,85]","[-1,-1,1,1,-1,-1]",0,True
100,4,16,11,4,41245,4111334,412002838,10,6,60,"[57,40,49,34]","[1,-1,1,-1]","[6,13,11]","[[1,2],[0,2,3],[0,1,3]]",6,"[12,38,50,57,64,86]","[-1,-1,1,-1,1,-1]",0,True
100,4,16,11,5,41245,4111334,412002839,9,7,63,"[57,40,49,34]","[1,-1,1,-1]","[6,13,11]","[[1,2],[0,2,3],[0,1,3]]",4,"[9,22,37,43]","[-1,-1,-1,-1]",0,True
100,4,32,11,1,41245,4111334,412004435,26,6,156,"[57,40,49,34]","[1,-1,1,-1]","[6,13,11]","[[1,2],[0,2,3],[0,1,3]]",6,"[6,9,34,40,47,84]","[-1,1,-1,-1,1,-1]",0,True
100,4,32,11,2,41245,4111334,412004436,22,10,220,"[57,40,49,34]","[1,-1,1,-1]","[6,13,11]","[[1,2],[0,2,3],[0,1,3]]",12,"[15,28,34,36,38,43,49,50,69,80,84,97]","[1,-1,-1,-1,-1,1,-1,-1,-1,-1,1,-1]",0,True
100,4,32,11,3,41245,4111334,412004437,16,16,256,"[57,40,49,34]","[1,-1,1,-1]","[6,13,11]","[[1,2],[0,2,3],[0,1,3]]",9,"[14,42,47,52,55,82,85,86,87]","[-1,-1,-1,-1,-1,-1,-1,1,1]",0,True
100,4,32,11,4,41245,4111334,412004438,23,9,207,"[57,40,49,34]","[1,-1,1,-1]","[6,13,11]","[[1,2],[0,2,3],[0,1,3]]",7,"[37,38,40,48,49,88,92]","[1,-1,-1,1,1,1,1]",0,True
100,4,32,11,5,41245,4111334,412004439,17,15,255,"[57,40,49,34]","[1,-1,1,-1]","[6,13,11]","[[1,2],[0,2,3],[0,1,3]]",9,"[12,19,23,28,70,81,85,91,92]","[-1,-1,-1,-1,-1,1,-1,-1,1]",0,True
10,4,8,12,1,41246,4121244,412102035,3,5,15,"[1,8,2,9]","[1,-1,1,-1]","[3,14,5,9]","[[0,1],[1,2,3],[0,2],[0,3]]",4,"[1,2,4,8]","[1,1,1,-1]",0,True
10,4,8,12,2,41246,4121244,412102036,5,3,15,"[1,8,2,9]","[1,-1,1,-1]","[3,14,5,9]","[[0,1],[1,2,3],[0,2],[0,3]]",4,"[2,4,5,8]","[1,-1,-1,-1]",0,True
10,4,8,12,3,41246,4121244,412102037,6,2,12,"[1,8,2,9]","[1,-1,1,-1]","[3,14,5,9]","[[0,1],[1,2,3],[0,2],[0,3]]",2,"[0,4]","[-1,1]",0,True
10,4,8,12,4,41246,4121244,412102038,6,2,12,"[1,8,2,9]","[1,-1,1,-1]","[3,14,5,9]","[[0,1],[1,2,3],[0,2],[0,3]]",2,"[3,4]","[-1,1]",0,True
10,4,8,12,5,41246,4121244,412102039,1,7,7,"[1,8,2,9]","[1,-1,1,-1]","[3,14,5,9]","[[0,1],[1,2,3],[0,2],[0,3]]",1,[1],[1],0,True
10,4,16,12,1,41246,4121244,412102835,13,3,39,"[1,8,2,9]","[1,-1,1,-1]","[3,14,5,9]","[[0,1],[1,2,3],[0,2],[0,3]]",1,[1],[1],0,True
10,4,16,12,2,41246,4121244,412102836,10,6,60,"[1,8,2,9]","[1,-1,1,-1]","[3,14,5,9]","[[0,1],[1,2,3],[0,2],[0,3]]",3,"[1,6,7]","[1,-1,-1]",0,True
10,4,16,12,3,41246,4121244,412102837,7,9,63,"[1,8,2,9]","[1,-1,1,-1]","[3,14,5,9]","[[0,1],[1,2,3],[0,2],[0,3]]",1,[1],[1],0,True
10,4,16,12,4,41246,4121244,412102838,3,13,39,"[1,8,2,9]","[1,-1,1,-1]","[3,14,5,9]","[[0,1],[1,2,3],[0,2],[0,3]]",4,"[2,3,4,6]","[1,-1,-1,1]",0,True
10,4,16,12,5,41246,4121244,412102839,9,7,63,"[1,8,2,9]","[1,-1,1,-1]","[3,14,5,9]","[[0,1],[1,2,3],[0,2],[0,3]]",4,"[1,2,7,8]","[1,1,-1,-1]",0,True
10,4,32,12,1,41246,4121244,412104435,15,17,255,"[1,8,2,9]","[1,-1,1,-1]","[3,14,5,9]","[[0,1],[1,2,3],[0,2],[0,3]]",5,"[0,1,2,3,8]","[1,1,1,-1,-1]",0,True
10,4,32,12,2,41246,4121244,412104436,20,12,240,"[1,8,2,9]","[1,-1,1,-1]","[3,14,5,9]","[[0,1],[1,2,3],[0,2],[0,3]]",4,"[1,2,8,9]","[1,1,-1,-1]",0,True
10,4,32,12,3,41246,4121244,412104437,18,14,252,"[1,8,2,9]","[1,-1,1,-1]","[3,14,5,9]","[[0,1],[1,2,3],[0,2],[0,3]]",6,"[0,1,2,5,7,8]","[-1,1,1,1,-1,-1]",0,True
10,4,32,12,4,41246,4121244,412104438,20,12,240,"[1,8,2,9]","[1,-1,1,-1]","[3,14,5,9]","[[0,1],[1,2,3],[0,2],[0,3]]",3,"[1,2,8]","[1,1,-1]",0,True
10,4,32,12,5,41246,4121244,412104439,18,14,252,"[1,8,2,9]","[1,-1,1,-1]","[3,14,5,9]","[[0,1],[1,2,3],[0,2],[0,3]]",5,"[1,2,3,7,9]","[1,1,1,-1,-1]",0,True
50,4,8,12,1,41246,4121284,412502035,3,5,15,"[39,4,44,25]","[1,-1,1,-1]","[3,14,5,9]","[[0,1],[1,2,3],[0,2],[0,3]]",4,"[6,24,33,45]","[1,1,1,1]",0,True
50,4,8,12,2,41246,4121284,412502036,5,3,15,"[39,4,44,25]","[1,-1,1,-1]","[3,14,5,9]","[[0,1],[1,2,3],[0,2],[0,3]]",5,"[0,14,17,25,33]","[1,1,-1,-1,1]",0,True
50,4,8,12,3,41246,4121284,412502037,5,3,15,"[39,4,44,25]","[1,-1,1,-1]","[3,14,5,9]","[[0,1],[1,2,3],[0,2],[0,3]]",5,"[3,26,28,34,40]","[-1,-1,-1,1,-1]",0,True
50,4,8,12,4,41246,4121284,412502038,3,5,15,"[39,4,44,25]","[1,-1,1,-1]","[3,14,5,9]","[[0,1],[1,2,3],[0,2],[0,3]]",1,[44],[1],0,True
50,4,8,12,5,41246,4121284,412502039,5,3,15,"[39,4,44,25]","[1,-1,1,-1]","[3,14,5,9]","[[0,1],[1,2,3],[0,2],[0,3]]",2,"[7,33]","[-1,1]",0,True
50,4,16,12,1,41246,4121284,412502835,6,10,60,"[39,4,44,25]","[1,-1,1,-1]","[3,14,5,9]","[[0,1],[1,2,3],[0,2],[0,3]]",3,"[10,11,12]","[1,-1,1]",0,True
50,4,16,12,2,41246,4121284,412502836,8,8,64,"[39,4,44,25]","[1,-1,1,-1]","[3,14,5,9]","[[0,1],[1,2,3],[0,2],[0,3]]",4,"[14,15,17,39]","[-1,1,1,1]",0,True
50,4,16,12,3,41246,4121284,412502837,6,10,60,"[39,4,44,25]","[1,-1,1,-1]","[3,14,5,9]","[[0,1],[1,2,3],[0,2],[0,3]]",5,"[26,27,31,35,48]","[1,1,-1,1,-1]",0,True
50,4,16,12,4,41246,4121284,412502838,10,6,60,"[39,4,44,25]","[1,-1,1,-1]","[3,14,5,9]","[[0,1],[1,2,3],[0,2],[0,3]]",4,"[19,28,29,45]","[1,-1,1,-1]",0,True
50,4,16,12,5,41246,4121284,412502839,8,8,64,"[39,4,44,25]","[1,-1,1,-1]","[3,14,5,9]","[[0,1],[1,2,3],[0,2],[0,3]]",5,"[7,12,19,20,37]","[1,1,-1,1,1]",0,True
50,4,32,12,1,41246,4121284,412504435,15,17,255,"[39,4,44,25]","[1,-1,1,-1]","[3,14,5,9]","[[0,1],[1,2,3],[0,2],[0,3]]",6,"[1,16,29,34,39,44]","[1,-1,-1,-1,1,1]",0,True
50,4,32,12,2,41246,4121284,412504436,15,17,255,"[39,4,44,25]","[1,-1,1,-1]","[3,14,5,9]","[[0,1],[1,2,3],[0,2],[0,3]]",8,"[6,13,16,17,25,30,32,40]","[-1,1,1,1,1,-1,1,1]",0,True
50,4,32,12,3,41246,4121284,412504437,14,18,252,"[39,4,44,25]","[1,-1,1,-1]","[3,14,5,9]","[[0,1],[1,2,3],[0,2],[0,3]]",7,"[3,22,33,40,42,47,49]","[-1,-1,-1,1,1,-1,1]",0,True
50,4,32,12,4,41246,4121284,412504438,19,13,247,"[39,4,44,25]","[1,-1,1,-1]","[3,14,5,9]","[[0,1],[1,2,3],[0,2],[0,3]]",10,"[6,8,14,20,22,29,31,41,47,48]","[1,1,-1,-1,-1,-1,-1,1,1,1]",0,True
50,4,32,12,5,41246,4121284,412504439,19,13,247,"[39,4,44,25]","[1,-1,1,-1]","[3,14,5,9]","[[0,1],[1,2,3],[0,2],[0,3]]",5,"[17,30,34,39,46]","[-1,-1,-1,1,1]",0,True
100,4,8,12,1,41246,4121334,413002035,4,4,16,"[36,94,79,30]","[1,-1,1,-1]","[3,14,5,9]","[[0,1],[1,2,3],[0,2],[0,3]]",3,"[28,67,74]","[-1,-1,-1]",0,True
100,4,8,12,2,41246,4121334,413002036,4,4,16,"[36,94,79,30]","[1,-1,1,-1]","[3,14,5,9]","[[0,1],[1,2,3],[0,2],[0,3]]",3,"[45,53,61]","[-1,1,-1]",0,True
100,4,8,12,3,41246,4121334,413002037,6,2,12,"[36,94,79,30]","[1,-1,1,-1]","[3,14,5,9]","[[0,1],[1,2,3],[0,2],[0,3]]",3,"[18,23,87]","[1,1,1]",0,True
100,4,8,12,4,41246,4121334,413002038,4,4,16,"[36,94,79,30]","[1,-1,1,-1]","[3,14,5,9]","[[0,1],[1,2,3],[0,2],[0,3]]",3,"[6,13,60]","[1,1,1]",0,True
100,4,8,12,5,41246,4121334,413002039,4,4,16,"[36,94,79,30]","[1,-1,1,-1]","[3,14,5,9]","[[0,1],[1,2,3],[0,2],[0,3]]",4,"[5,7,14,45]","[1,1,-1,1]",0,True
100,4,16,12,1,41246,4121334,413002835,8,8,64,"[36,94,79,30]","[1,-1,1,-1]","[3,14,5,9]","[[0,1],[1,2,3],[0,2],[0,3]]",6,"[31,35,44,64,76,81]","[-1,1,1,1,-1,-1]",0,True
100,4,16,12,2,41246,4121334,413002836,8,8,64,"[36,94,79,30]","[1,-1,1,-1]","[3,14,5,9]","[[0,1],[1,2,3],[0,2],[0,3]]",5,"[16,20,32,38,46]","[1,-1,1,1,-1]",0,True
100,4,16,12,3,41246,4121334,413002837,7,9,63,"[36,94,79,30]","[1,-1,1,-1]","[3,14,5,9]","[[0,1],[1,2,3],[0,2],[0,3]]",3,"[36,41,82]","[1,-1,-1]",0,True
100,4,16,12,4,41246,4121334,413002838,6,10,60,"[36,94,79,30]","[1,-1,1,-1]","[3,14,5,9]","[[0,1],[1,2,3],[0,2],[0,3]]",5,"[5,44,47,63,91]","[-1,1,-1,1,-1]",0,True
100,4,16,12,5,41246,4121334,413002839,6,10,60,"[36,94,79,30]","[1,-1,1,-1]","[3,14,5,9]","[[0,1],[1,2,3],[0,2],[0,3]]",5,"[1,57,61,78,79]","[-1,-1,-1,1,1]",0,True
100,4,32,12,1,41246,4121334,413004435,17,15,255,"[36,94,79,30]","[1,-1,1,-1]","[3,14,5,9]","[[0,1],[1,2,3],[0,2],[0,3]]",6,"[29,30,40,55,78,96]","[-1,-1,-1,1,1,1]",0,True
100,4,32,12,2,41246,4121334,413004436,20,12,240,"[36,94,79,30]","[1,-1,1,-1]","[3,14,5,9]","[[0,1],[1,2,3],[0,2],[0,3]]",10,"[7,16,28,32,52,60,68,87,93,95]","[1,-1,1,-1,1,1,1,-1,-1,1]",0,True
100,4,32,12,3,41246,4121334,413004437,19,13,247,"[36,94,79,30]","[1,-1,1,-1]","[3,14,5,9]","[[0,1],[1,2,3],[0,2],[0,3]]",6,"[10,36,46,63,69,70]","[-1,1,-1,1,-1,-1]",0,True
100,4,32,12,4,41246,4121334,413004438,15,17,255,"[36,94,79,30]","[1,-1,1,-1]","[3,14,5,9]","[[0,1],[1,2,3],[0,2],[0,3]]",8,"[4,33,44,48,56,83,84,92]","[1,-1,1,1,1,-1,1,-1]",0,True
100,4,32,12,5,41246,4121334,413004439,15,17,255,"[36,94,79,30]","[1,-1,1,-1]","[3,14,5,9]","[[0,1],[1,2,3],[0,2],[0,3]]",8,"[3,29,31,45,50,51,76,90]","[1,1,1,1,-1,1,-1,1]",0,True
10,4,8,13,1,41247,4131244,413102035,4,4,16,"[3,8,0,1]","[1,-1,-1,1]","[10,7,9,12]","[[1,3],[0,1,2],[0,3],[2,3]]",3,"[2,6,9]","[1,-1,-1]",0,True
10,4,8,13,2,41247,4131244,413102036,2,6,12,"[3,8,0,1]","[1,-1,-1,1]","[10,7,9,12]","[[1,3],[0,1,2],[0,3],[2,3]]",2,"[0,5]","[-1,1]",0,True
10,4,8,13,3,41247,4131244,413102037,5,3,15,"[3,8,0,1]","[1,-1,-1,1]","[10,7,9,12]","[[1,3],[0,1,2],[0,3],[2,3]]",4,"[0,7,8,9]","[1,1,-1,1]",0,True
10,4,8,13,4,41247,4131244,413102038,4,4,16,"[3,8,0,1]","[1,-1,-1,1]","[10,7,9,12]","[[1,3],[0,1,2],[0,3],[2,3]]",2,"[8,9]","[-1,-1]",0,True
10,4,8,13,5,41247,4131244,413102039,2,6,12,"[3,8,0,1]","[1,-1,-1,1]","[10,7,9,12]","[[1,3],[0,1,2],[0,3],[2,3]]",1,[8],[-1],0,True
10,4,16,13,1,41247,4131244,413102835,8,8,64,"[3,8,0,1]","[1,-1,-1,1]","[10,7,9,12]","[[1,3],[0,1,2],[0,3],[2,3]]",1,[1],[1],0,True
10,4,16,13,2,41247,4131244,413102836,11,5,55,"[3,8,0,1]","[1,-1,-1,1]","[10,7,9,12]","[[1,3],[0,1,2],[0,3],[2,3]]",1,[1],[1],0,True
10,4,16,13,3,41247,4131244,413102837,11,5,55,"[3,8,0,1]","[1,-1,-1,1]","[10,7,9,12]","[[1,3],[0,1,2],[0,3],[2,3]]",3,"[0,1,2]","[-1,1,1]",0,True
10,4,16,13,4,41247,4131244,413102838,12,4,48,"[3,8,0,1]","[1,-1,-1,1]","[10,7,9,12]","[[1,3],[0,1,2],[0,3],[2,3]]",1,[1],[1],0,True
10,4,16,13,5,41247,4131244,413102839,11,5,55,"[3,8,0,1]","[1,-1,-1,1]","[10,7,9,12]","[[1,3],[0,1,2],[0,3],[2,3]]",1,[1],[1],0,True
10,4,32,13,1,41247,4131244,413104435,14,18,252,"[3,8,0,1]","[1,-1,-1,1]","[10,7,9,12]","[[1,3],[0,1,2],[0,3],[2,3]]",4,"[0,1,3,8]","[-1,1,1,-1]",0,True
10,4,32,13,2,41247,4131244,413104436,15,17,255,"[3,8,0,1]","[1,-1,-1,1]","[10,7,9,12]","[[1,3],[0,1,2],[0,3],[2,3]]",3,"[0,1,8]","[-1,1,-1]",0,True
10,4,32,13,3,41247,4131244,413104437,12,20,240,"[3,8,0,1]","[1,-1,-1,1]","[10,7,9,12]","[[1,3],[0,1,2],[0,3],[2,3]]",4,"[0,1,3,8]","[-1,1,1,-1]",0,True
10,4,32,13,4,41247,4131244,413104438,14,18,252,"[3,8,0,1]","[1,-1,-1,1]","[10,7,9,12]","[[1,3],[0,1,2],[0,3],[2,3]]",3,"[0,1,3]","[-1,1,1]",0,True
10,4,32,13,5,41247,4131244,413104439,18,14,252,"[3,8,0,1]","[1,-1,-1,1]","[10,7,9,12]","[[1,3],[0,1,2],[0,3],[2,3]]",4,"[0,1,3,8]","[-1,1,1,-1]",0,True
50,4,8,13,1,41247,4131284,413502035,2,6,12,"[33,25,48,21]","[1,-1,-1,1]","[10,7,9,12]","[[1,3],[0,1,2],[0,3],[2,3]]",3,"[24,33,34]","[1,1,1]",0,True
50,4,8,13,2,41247,4131284,413502036,3,5,15,"[33,25,48,21]","[1,-1,-1,1]","[10,7,9,12]","[[1,3],[0,1,2],[0,3],[2,3]]",4,"[6,14,23,30]","[-1,-1,1,-1]",0,True
50,4,8,13,3,41247,4131284,413502037,4,4,16,"[33,25,48,21]","[1,-1,-1,1]","[10,7,9,12]","[[1,3],[0,1,2],[0,3],[2,3]]",3,"[2,31,49]","[1,1,-1]",0,True
50,4,8,13,4,41247,4131284,413502038,3,5,15,"[33,25,48,21]","[1,-1,-1,1]","[10,7,9,12]","[[1,3],[0,1,2],[0,3],[2,3]]",3,"[21,24,27]","[1,-1,-1]",0,True
50,4,8,13,5,41247,4131284,413502039,2,6,12,"[33,25,48,21]","[1,-1,-1,1]","[10,7,9,12]","[[1,3],[0,1,2],[0,3],[2,3]]",3,"[0,7,18]","[1,-1,-1]",0,True
50,4,16,13,1,41247,4131284,413502835,13,3,39,"[33,25,48,21]","[1,-1,-1,1]","[10,7,9,12]","[[1,3],[0,1,2],[0,3],[2,3]]",4,"[20,21,30,48]","[1,1,-1,-1]",0,True
50,4,16,13,2,41247,4131284,413502836,9,7,63,"[33,25,48,21]","[1,-1,-1,1]","[10,7,9,12]","[[1,3],[0,1,2],[0,3],[2,3]]",5,"[24,34,36,41,49]","[1,1,1,1,1]",0,True
50,4,16,13,3,41247,4131284,413502837,9,7,63,"[33,25,48,21]","[1,-1,-1,1]","[10,7,9,12]","[[1,3],[0,1,2],[0,3],[2,3]]",4,"[3,20,21,41]","[-1,-1,1,-1]",0,True
50,4,16,13,4,41247,4131284,413502838,6,10,60,"[33,25,48,21]","[1,-1,-1,1]","[10,7,9,12]","[[1,3],[0,1,2],[0,3],[2,3]]",1,[21],[1],0,True
50,4,16,13,5,41247,4131284,413502839,11,5,55,"[33,25,48,21]","[1,-1,-1,1]","[10,7,9,12]","[[1,3],[0,1,2],[0,3],[2,3]]",5,"[5,10,15,20,36]","[-1,1,-1,-1,1]",0,True
50,4,32,13,1,41247,4131284,413504435,18,14,252,"[33,25,48,21]","[1,-1,-1,1]","[10,7,9,12]","[[1,3],[0,1,2],[0,3],[2,3]]",7,"[2,5,7,31,33,34,44]","[1,1,1,-1,1,-1,1]",0,True
50,4,32,13,2,41247,4131284,413504436,18,14,252,"[33,25,48,21]","[1,-1,-1,1]","[10,7,9,12]","[[1,3],[0,1,2],[0,3],[2,3]]",8,"[1,3,9,33,38,41,47,48]","[1,1,-1,1,-1,-1,-1,-1]",0,True
50,4,32,13,3,41247,4131284,413504437,15,17,255,"[33,25,48,21]","[1,-1,-1,1]","[10,7,9,12]","[[1,3],[0,1,2],[0,3],[2,3]]",8,"[4,10,13,15,30,34,47,49]","[-1,1,-1,1,-1,-1,-1,-1]",0,True
50,4,32,13,4,41247,4131284,413504438,14,18,252,"[33,25,48,21]","[1,-1,-1,1]","[10,7,9,12]","[[1,3],[0,1,2],[0,3],[2,3]]",7,"[0,6,13,21,27,36,40]","[1,1,-1,1,1,1,1]",0,True
50,4,32,13,5,41247,4131284,413504439,13,19,247,"[33,25,48,21]","[1,-1,-1,1]","[10,7,9,12]","[[1,3],[0,1,2],[0,3],[2,3]]",6,"[13,21,23,28,39,45]","[-1,1,1,1,-1,1]",0,True
100,4,8,13,1,41247,4131334,414002035,4,4,16,"[87,80,82,51]","[1,-1,-1,1]","[10,7,9,12]","[[1,3],[0,1,2],[0,3],[2,3]]",1,[80],[-1],0,True
100,4,8,13,2,41247,4131334,414002036,4,4,16,"[87,80,82,51]","[1,-1,-1,1]","[10,7,9,12]","[[1,3],[0,1,2],[0,3],[2,3]]",6,"[8,13,45,54,76,79]","[1,-1,1,1,1,-1]",0,True
100,4,8,13,3,41247,4131334,414002037,5,3,15,"[87,80,82,51]","[1,-1,-1,1]","[10,7,9,12]","[[1,3],[0,1,2],[0,3],[2,3]]",4,"[5,47,67,91]","[1,-1,1,-1]",0,True
100,4,8,13,4,41247,4131334,414002038,5,3,15,"[87,80,82,51]","[1,-1,-1,1]","[10,7,9,12]","[[1,3],[0,1,2],[0,3],[2,3]]",1,[15],[-1],0,True
100,4,8,13,5,41247,4131334,414002039,2,6,12,"[87,80,82,51]","[1,-1,-1,1]","[10,7,9,12]","[[1,3],[0,1,2],[0,3],[2,3]]",4,"[7,14,21,26]","[-1,1,1,-1]",0,True
100,4,16,13,1,41247,4131334,414002835,11,5,55,"[87,80,82,51]","[1,-1,-1,1]","[10,7,9,12]","[[1,3],[0,1,2],[0,3],[2,3]]",5,"[15,40,71,78,79]","[-1,-1,-1,-1,-1]",0,True
100,4,16,13,2,41247,4131334,414002836,7,9,63,"[87,80,82,51]","[1,-1,-1,1]","[10,7,9,12]","[[1,3],[0,1,2],[0,3],[2,3]]",1,[51],[1],0,True
100,4,16,13,3,41247,4131334,414002837,9,7,63,"[87,80,82,51]","[1,-1,-1,1]","[10,7,9,12]","[[1,3],[0,1,2],[0,3],[2,3]]",4,"[40,69,70,82]","[-1,-1,-1,-1]",0,True
100,4,16,13,4,41247,4131334,414002838,6,10,60,"[87,80,82,51]","[1,-1,-1,1]","[10,7,9,12]","[[1,3],[0,1,2],[0,3],[2,3]]",6,"[38,52,57,74,87,94]","[-1,-1,1,1,-1,1]",0,True
100,4,16,13,5,41247,4131334,414002839,6,10,60,"[87,80,82,51]","[1,-1,-1,1]","[10,7,9,12]","[[1,3],[0,1,2],[0,3],[2,3]]",6,"[16,31,45,55,60,66]","[1,1,-1,-1,1,-1]",0,True
100,4,32,13,1,41247,4131334,414004435,14,18,252,"[87,80,82,51]","[1,-1,-1,1]","[10,7,9,12]","[[1,3],[0,1,2],[0,3],[2,3]]",10,"[5,6,13,32,47,58,61,62,78,99]","[-1,-1,1,1,-1,-1,-1,-1,-1,-1]",0,True
100,4,32,13,2,41247,4131334,414004436,21,11,231,"[87,80,82,51]","[1,-1,-1,1]","[10,7,9,12]","[[1,3],[0,1,2],[0,3],[2,3]]",9,"[21,25,33,37,53,59,77,81,94]","[1,1,1,1,-1,-1,1,1,-1]",0,True
100,4,32,13,3,41247,4131334,414004437,14,18,252,"[87,80,82,51]","[1,-1,-1,1]","[10,7,9,12]","[[1,3],[0,1,2],[0,3],[2,3]]",7,"[5,47,57,69,70,77,87]","[-1,-1,-1,-1,1,1,-1]",0,True
100,4,32,13,4,41247,4131334,414004438,18,14,252,"[87,80,82,51]","[1,-1,-1,1]","[10,7,9,12]","[[1,3],[0,1,2],[0,3],[2,3]]",5,"[20,51,66,71,94]","[1,1,-1,-1,1]",0,True
100,4,32,13,5,41247,4131334,414004439,13,19,247,"[87,80,82,51]","[1,-1,-1,1]","[10,7,9,12]","[[1,3],[0,1,2],[0,3],[2,3]]",9,"[3,9,26,27,28,42,54,56,83]","[1,-1,1,-1,-1,-1,-1,-1,1]",0,True
10,4,8,14,1,41248,4141244,414102035,1,7,7,"[0,7,3,6]","[1,1,-1,1]","[9,2,12]","[[0,3],[1],[2,3]]",3,"[2,4,5]","[-1,1,-1]",0,True
10,4,8,14,2,41248,4141244,414102036,3,5,15,"[0,7,3,6]","[1,1,-1,1]","[9,2,12]","[[0,3],[1],[2,3]]",3,"[2,3,5]","[1,-1,1]",0,True
10,4,8,14,3,41248,4141244,414102037,5,3,15,"[0,7,3,6]","[1,1,-1,1]","[9,2,12]","[[0,3],[1],[2,3]]",1,[7],[1],0,True
10,4,8,14,4,41248,4141244,414102038,4,4,16,"[0,7,3,6]","[1,1,-1,1]","[9,2,12]","[[0,3],[1],[2,3]]",4,"[3,4,7,9]","[-1,-1,1,-1]",0,True
10,4,8,14,5,41248,4141244,414102039,4,4,16,"[0,7,3,6]","[1,1,-1,1]","[9,2,12]","[[0,3],[1],[2,3]]",2,"[0,9]","[1,1]",0,True
10,4,16,14,1,41248,4141244,414102835,6,10,60,"[0,7,3,6]","[1,1,-1,1]","[9,2,12]","[[0,3],[1],[2,3]]",6,"[0,1,3,4,5,9]","[-1,1,-1,-1,-1,-1]",0,True
10,4,16,14,2,41248,4141244,414102836,6,10,60,"[0,7,3,6]","[1,1,-1,1]","[9,2,12]","[[0,3],[1],[2,3]]",4,"[0,4,6,9]","[1,-1,1,1]",0,True
10,4,16,14,3,41248,4141244,414102837,7,9,63,"[0,7,3,6]","[1,1,-1,1]","[9,2,12]","[[0,3],[1],[2,3]]",3,"[2,6,7]","[-1,1,1]",0,True
10,4,16,14,4,41248,4141244,414102838,6,10,60,"[0,7,3,6]","[1,1,-1,1]","[9,2,12]","[[0,3],[1],[2,3]]",2,"[6,7]","[1,1]",0,True
10,4,16,14,5,41248,4141244,414102839,4,12,48,"[0,7,3,6]","[1,1,-1,1]","[9,2,12]","[[0,3],[1],[2,3]]",4,"[0,4,6,7]","[1,-1,1,1]",0,True
10,4,32,14,1,41248,4141244,414104435,8,24,192,"[0,7,3,6]","[1,1,-1,1]","[9,2,12]","[[0,3],[1],[2,3]]",4,"[3,6,7,9]","[-1,1,1,1]",0,True
10,4,32,14,2,41248,4141244,414104436,12,20,240,"[0,7,3,6]","[1,1,-1,1]","[9,2,12]","[[0,3],[1],[2,3]]",4,"[0,3,6,7]","[1,-1,1,1]",0,True
10,4,32,14,3,41248,4141244,414104437,12,20,240,"[0,7,3,6]","[1,1,-1,1]","[9,2,12]","[[0,3],[1],[2,3]]",5,"[2,3,6,7,8]","[-1,-1,1,1,1]",0,True
10,4,32,14,4,41248,4141244,414104438,8,24,192,"[0,7,3,6]","[1,1,-1,1]","[9,2,12]","[[0,3],[1],[2,3]]",4,"[3,4,6,7]","[-1,-1,1,1]",0,True
10,4,32,14,5,41248,4141244,414104439,9,23,207,"[0,7,3,6]","[1,1,-1,1]","[9,2,12]","[[0,3],[1],[2,3]]",4,"[0,3,6,7]","[1,-1,1,1]",0,True
50,4,8,14,1,41248,4141284,414502035,2,6,12,"[23,41,47,21]","[1,1,-1,1]","[9,2,12]","[[0,3],[1],[2,3]]",4,"[3,10,39,44]","[1,1,-1,-1]",0,True
50,4,8,14,2,41248,4141284,414502036,5,3,15,"[23,41,47,21]","[1,1,-1,1]","[9,2,12]","[[0,3],[1],[2,3]]",3,"[34,37,45]","[-1,-1,-1]",0,True
50,4,8,14,3,41248,4141284,414502037,1,7,7,"[23,41,47,21]","[1,1,-1,1]","[9,2,12]","[[0,3],[1],[2,3]]",3,"[2,11,37]","[1,1,-1]",0,True
50,4,8,14,4,41248,4141284,414502038,2,6,12,"[23,41,47,21]","[1,1,-1,1]","[9,2,12]","[[0,3],[1],[2,3]]",3,"[20,32,40]","[-1,-1,-1]",0,True
50,4,8,14,5,41248,4141284,414502039,3,5,15,"[23,41,47,21]","[1,1,-1,1]","[9,2,12]","[[0,3],[1],[2,3]]",4,"[7,11,14,43]","[-1,1,1,1]",0,True
50,4,16,14,1,41248,4141284,414502835,4,12,48,"[23,41,47,21]","[1,1,-1,1]","[9,2,12]","[[0,3],[1],[2,3]]",6,"[14,22,26,35,38,49]","[-1,1,1,-1,1,-1]",0,True
50,4,16,14,2,41248,4141284,414502836,5,11,55,"[23,41,47,21]","[1,1,-1,1]","[9,2,12]","[[0,3],[1],[2,3]]",5,"[2,5,28,29,33]","[-1,-1,-1,1,1]",0,True
50,4,16,14,3,41248,4141284,414502837,7,9,63,"[23,41,47,21]","[1,1,-1,1]","[9,2,12]","[[0,3],[1],[2,3]]",6,"[5,9,15,20,33,38]","[-1,1,1,1,-1,-1]",0,True
50,4,16,14,4,41248,4141284,414502838,6,10,60,"[23,41,47,21]","[1,1,-1,1]","[9,2,12]","[[0,3],[1],[2,3]]",3,"[14,26,43]","[-1,1,-1]",0,True
50,4,16,14,5,41248,4141284,414502839,5,11,55,"[23,41,47,21]","[1,1,-1,1]","[9,2,12]","[[0,3],[1],[2,3]]",4,"[15,31,41,42]","[1,1,1,1]",0,True
50,4,32,14,1,41248,4141284,414504435,17,15,255,"[23,41,47,21]","[1,1,-1,1]","[9,2,12]","[[0,3],[1],[2,3]]",6,"[3,13,14,19,20,40]","[1,1,1,1,-1,-1]",0,True
50,4,32,14,2,41248,4141284,414504436,8,24,192,"[23,41,47,21]","[1,1,-1,1]","[9,2,12]","[[0,3],[1],[2,3]]",5,"[1,2,30,38,41]","[-1,-1,-1,-1,1]",0,True
50,4,32,14,3,41248,4141284,414504437,10,22,220,"[23,41,47,21]","[1,1,-1,1]","[9,2,12]","[[0,3],[1],[2,3]]",7,"[3,19,27,29,35,45,48]","[1,-1,-1,1,-1,-1,-1]",0,True
50,4,32,14,4,41248,4141284,414504438,8,24,192,"[23,41,47,21]","[1,1,-1,1]","[9,2,12]","[[0,3],[1],[2,3]]",7,"[3,20,27,32,35,36,41]","[1,-1,-1,1,1,-1,1]",0,True
50,4,32,14,5,41248,4141284,414504439,14,18,252,"[23,41,47,21]","[1,1,-1,1]","[9,2,12]","[[0,3],[1],[2,3]]",4,"[1,10,41,43]","[-1,1,1,1]",0,True
100,4,8,14,1,41248,4141334,415002035,3,5,15,"[73,71,25,5]","[1,1,-1,1]","[9,2,12]","[[0,3],[1],[2,3]]",4,"[6,49,75,84]","[1,1,-1,-1]",0,True
100,4,8,14,2,41248,4141334,415002036,3,5,15,"[73,71,25,5]","[1,1,-1,1]","[9,2,12]","[[0,3],[1],[2,3]]",3,"[10,32,51]","[-1,-1,1]",0,True
100,4,8,14,3,41248,4141334,415002037,3,5,15,"[73,71,25,5]","[1,1,-1,1]","[9,2,12]","[[0,3],[1],[2,3]]",1,[97],[-1],0,True
100,4,8,14,4,41248,4141334,415002038,1,7,7,"[73,71,25,5]","[1,1,-1,1]","[9,2,12]","[[0,3],[1],[2,3]]",2,"[5,37]","[-1,-1]",0,True
100,4,8,14,5,41248,4141334,415002039,3,5,15,"[73,71,25,5]","[1,1,-1,1]","[9,2,12]","[[0,3],[1],[2,3]]",3,"[24,54,92]","[-1,1,-1]",0,True
100,4,16,14,1,41248,4141334,415002835,4,12,48,"[73,71,25,5]","[1,1,-1,1]","[9,2,12]","[[0,3],[1],[2,3]]",6,"[8,9,25,26,63,94]","[1,-1,-1,-1,-1,-1]",0,True
100,4,16,14,2,41248,4141334,415002836,6,10,60,"[73,71,25,5]","[1,1,-1,1]","[9,2,12]","[[0,3],[1],[2,3]]",6,"[4,25,41,66,75,84]","[1,-1,-1,1,1,-1]",0,True
100,4,16,14,3,41248,4141334,415002837,7,9,63,"[73,71,25,5]","[1,1,-1,1]","[9,2,12]","[[0,3],[1],[2,3]]",6,"[2,4,11,29,64,97]","[1,1,-1,1,-1,-1]",0,True
100,4,16,14,4,41248,4141334,415002838,2,14,28,"[73,71,25,5]","[1,1,-1,1]","[9,2,12]","[[0,3],[1],[2,3]]",3,"[9,43,91]","[-1,1,1]",0,True
100,4,16,14,5,41248,4141334,415002839,4,12,48,"[73,71,25,5]","[1,1,-1,1]","[9,2,12]","[[0,3],[1],[2,3]]",7,"[38,43,51,57,66,73,93]","[1,1,-1,-1,1,1,1]",0,True
100,4,32,14,1,41248,4141334,415004435,13,19,247,"[73,71,25,5]","[1,1,-1,1]","[9,2,12]","[[0,3],[1],[2,3]]",6,"[51,55,60,71,88,94]","[-1,1,-1,1,1,1]",0,True
100,4,32,14,2,41248,4141334,415004436,14,18,252,"[73,71,25,5]","[1,1,-1,1]","[9,2,12]","[[0,3],[1],[2,3]]",6,"[0,30,44,46,58,71]","[1,-1,-1,1,1,1]",0,True
100,4,32,14,3,41248,4141334,415004437,18,14,252,"[73,71,25,5]","[1,1,-1,1]","[9,2,12]","[[0,3],[1],[2,3]]",7,"[7,10,40,58,71,88,91]","[-1,-1,-1,1,1,-1,1]",0,True
100,4,32,14,4,41248,4141334,415004438,10,22,220,"[73,71,25,5]","[1,1,-1,1]","[9,2,12]","[[0,3],[1],[2,3]]",10,"[30,42,45,52,61,67,77,78,85,93]","[-1,1,1,1,-1,1,-1,1,1,-1]",0,True
100,4,32,14,5,41248,4141334,415004439,8,24,192,"[73,71,25,5]","[1,1,-1,1]","[9,2,12]","[[0,3],[1],[2,3]]",9,"[8,13,39,45,49,57,73,74,86]","[-1,1,1,-1,-1,-1,1,-1,1]",0,True
10,4,8,15,1,41249,4151244,415102035,4,4,16,"[9,8,3,6]","[1,1,1,-1]","[12,7,10,9]","[[2,3],[0,1,2],[1,3],[0,3]]",1,[8],[1],0,True
10,4,8,15,2,41249,4151244,415102036,3,5,15,"[9,8,3,6]","[1,1,1,-1]","[12,7,10,9]","[[2,3],[0,1,2],[1,3],[0,3]]",4,"[1,4,5,8]","[1,1,-1,1]",0,True
10,4,8,15,3,41249,4151244,415102037,2,6,12,"[9,8,3,6]","[1,1,1,-1]","[12,7,10,9]","[[2,3],[0,1,2],[1,3],[0,3]]",2,"[8,9]","[1,1]",0,True
10,4,8,15,4,41249,4151244,415102038,3,5,15,"[9,8,3,6]","[1,1,1,-1]","[12,7,10,9]","[[2,3],[0,1,2],[1,3],[0,3]]",5,"[1,2,3,8,9]","[-1,1,1,1,-1]",0,True
10,4,8,15,5,41249,4151244,415102039,4,4,16,"[9,8,3,6]","[1,1,1,-1]","[12,7,10,9]","[[2,3],[0,1,2],[1,3],[0,3]]",1,[6],[-1],0,True
10,4,16,15,1,41249,4151244,415102835,8,8,64,"[9,8,3,6]","[1,1,1,-1]","[12,7,10,9]","[[2,3],[0,1,2],[1,3],[0,3]]",5,"[0,3,4,5,8]","[1,1,1,1,1]",0,True
10,4,16,15,2,41249,4151244,415102836,8,8,64,"[9,8,3,6]","[1,1,1,-1]","[12,7,10,9]","[[2,3],[0,1,2],[1,3],[0,3]]",3,"[0,6,7]","[1,-1,1]",0,True
10,4,16,15,3,41249,4151244,415102837,8,8,64,"[9,8,3,6]","[1,1,1,-1]","[12,7,10,9]","[[2,3],[0,1,2],[1,3],[0,3]]",1,[6],[-1],0,True
10,4,16,15,4,41249,4151244,415102838,10,6,60,"[9,8,3,6]","[1,1,1,-1]","[12,7,10,9]","[[2,3],[0,1,2],[1,3],[0,3]]",7,"[1,2,3,4,5,7,8]","[1,-1,-1,-1,-1,1,1]",0,True
10,4,16,15,5,41249,4151244,415102839,12,4,48,"[9,8,3,6]","[1,1,1,-1]","[12,7,10,9]","[[2,3],[0,1,2],[1,3],[0,3]]",3,"[6,8,9]","[-1,1,1]",0,True
10,4,32,15,1,41249,4151244,415104435,16,16,256,"[9,8,3,6]","[1,1,1,-1]","[12,7,10,9]","[[2,3],[0,1,2],[1,3],[0,3]]",4,"[6,7,8,9]","[-1,-1,1,1]",0,True
10,4,32,15,2,41249,4151244,415104436,17,15,255,"[9,8,3,6]","[1,1,1,-1]","[12,7,10,9]","[[2,3],[0,1,2],[1,3],[0,3]]",6,"[0,2,3,5,6,7]","[-1,-1,1,-1,-1,1]",0,True
10,4,32,15,3,41249,4151244,415104437,17,15,255,"[9,8,3,6]","[1,1,1,-1]","[12,7,10,9]","[[2,3],[0,1,2],[1,3],[0,3]]",4,"[3,6,8,9]","[1,-1,1,1]",0,True
10,4,32,15,4,41249,4151244,415104438,19,13,247,"[9,8,3,6]","[1,1,1,-1]","[12,7,10,9]","[[2,3],[0,1,2],[1,3],[0,3]]",4,"[3,6,8,9]","[1,-1,1,1]",0,True
10,4,32,15,5,41249,4151244,415104439,13,19,247,"[9,8,3,6]","[1,1,1,-1]","[12,7,10,9]","[[2,3],[0,1,2],[1,3],[0,3]]",4,"[3,6,8,9]","[1,-1,1,1]",0,True
50,4,8,15,1,41249,4151284,415502035,2,6,12,"[20,38,6,18]","[1,1,1,-1]","[12,7,10,9]","[[2,3],[0,1,2],[1,3],[0,3]]",3,"[5,14,49]","[-1,-1,-1]",0,True
50,4,8,15,2,41249,4151284,415502036,5,3,15,"[20,38,6,18]","[1,1,1,-1]","[12,7,10,9]","[[2,3],[0,1,2],[1,3],[0,3]]",4,"[9,16,21,32]","[-1,1,1,1]",0,True
50,4,8,15,3,41249,4151284,415502037,4,4,16,"[20,38,6,18]","[1,1,1,-1]","[12,7,10,9]","[[2,3],[0,1,2],[1,3],[0,3]]",3,"[4,42,43]","[1,1,-1]",0,True
50,4,8,15,4,41249,4151284,415502038,3,5,15,"[20,38,6,18]","[1,1,1,-1]","[12,7,10,9]","[[2,3],[0,1,2],[1,3],[0,3]]",1,[38],[1],0,True
50,4,8,15,5,41249,4151284,415502039,3,5,15,"[20,38,6,18]","[1,1,1,-1]","[12,7,10,9]","[[2,3],[0,1,2],[1,3],[0,3]]",3,"[4,18,21]","[1,-1,1]",0,True
50,4,16,15,1,41249,4151284,415502835,8,8,64,"[20,38,6,18]","[1,1,1,-1]","[12,7,10,9]","[[2,3],[0,1,2],[1,3],[0,3]]",5,"[3,20,30,37,45]","[1,1,1,1,1]",0,True
50,4,16,15,2,41249,4151284,415502836,5,11,55,"[20,38,6,18]","[1,1,1,-1]","[12,7,10,9]","[[2,3],[0,1,2],[1,3],[0,3]]",5,"[13,20,24,33,47]","[-1,1,1,-1,-1]",0,True
50,4,16,15,3,41249,4151284,415502837,9,7,63,"[20,38,6,18]","[1,1,1,-1]","[12,7,10,9]","[[2,3],[0,1,2],[1,3],[0,3]]",6,"[0,10,21,25,32,34]","[-1,1,1,1,-1,1]",0,True
50,4,16,15,4,41249,4151284,415502838,7,9,63,"[20,38,6,18]","[1,1,1,-1]","[12,7,10,9]","[[2,3],[0,1,2],[1,3],[0,3]]",3,"[1,5,17]","[1,-1,-1]",0,True
50,4,16,15,5,41249,4151284,415502839,9,7,63,"[20,38,6,18]","[1,1,1,-1]","[12,7,10,9]","[[2,3],[0,1,2],[1,3],[0,3]]",6,"[20,23,37,38,46,48]","[1,1,1,1,1,-1]",0,True
50,4,32,15,1,41249,4151284,415504435,10,22,220,"[20,38,6,18]","[1,1,1,-1]","[12,7,10,9]","[[2,3],[0,1,2],[1,3],[0,3]]",7,"[5,10,18,31,42,45,46]","[1,1,-1,-1,1,-1,1]",0,True
50,4,32,15,2,41249,4151284,415504436,18,14,252,"[20,38,6,18]","[1,1,1,-1]","[12,7,10,9]","[[2,3],[0,1,2],[1,3],[0,3]]",8,"[17,29,32,38,42,45,47,48]","[-1,-1,-1,1,1,1,1,1]",0,True
50,4,32,15,3,41249,4151284,415504437,13,19,247,"[20,38,6,18]","[1,1,1,-1]","[12,7,10,9]","[[2,3],[0,1,2],[1,3],[0,3]]",1,[18],[-1],0,True
50,4,32,15,4,41249,4151284,415504438,13,19,247,"[20,38,6,18]","[1,1,1,-1]","[12,7,10,9]","[[2,3],[0,1,2],[1,3],[0,3]]",1,[18],[-1],0,True
50,4,32,15,5,41249,4151284,415504439,10,22,220,"[20,38,6,18]","[1,1,1,-1]","[12,7,10,9]","[[2,3],[0,1,2],[1,3],[0,3]]",6,"[1,7,18,21,46,49]","[-1,-1,-1,1,-1,1]",0,True
100,4,8,15,1,41249,4151334,416002035,5,3,15,"[9,52,98,43]","[1,1,1,-1]","[12,7,10,9]","[[2,3],[0,1,2],[1,3],[0,3]]",5,"[7,21,56,89,94]","[-1,-1,1,1,1]",0,True
100,4,8,15,2,41249,4151334,416002036,4,4,16,"[9,52,98,43]","[1,1,1,-1]","[12,7,10,9]","[[2,3],[0,1,2],[1,3],[0,3]]",4,"[36,60,88,96]","[1,1,1,1]",0,True
100,4,8,15,3,41249,4151334,416002037,4,4,16,"[9,52,98,43]","[1,1,1,-1]","[12,7,10,9]","[[2,3],[0,1,2],[1,3],[0,3]]",3,"[37,53,81]","[-1,1,1]",0,True
100,4,8,15,4,41249,4151334,416002038,1,7,7,"[9,52,98,43]","[1,1,1,-1]","[12,7,10,9]","[[2,3],[0,1,2],[1,3],[0,3]]",2,"[33,69]","[1,-1]",0,True
100,4,8,15,5,41249,4151334,416002039,3,5,15,"[9,52,98,43]","[1,1,1,-1]","[12,7,10,9]","[[2,3],[0,1,2],[1,3],[0,3]]",3,"[19,86,90]","[1,1,-1]",0,True
100,4,16,15,1,41249,4151334,416002835,7,9,63,"[9,52,98,43]","[1,1,1,-1]","[12,7,10,9]","[[2,3],[0,1,2],[1,3],[0,3]]",5,"[22,39,78,97,98]","[1,1,1,1,1]",0,True
100,4,16,15,2,41249,4151334,416002836,5,11,55,"[9,52,98,43]","[1,1,1,-1]","[12,7,10,9]","[[2,3],[0,1,2],[1,3],[0,3]]",5,"[1,23,36,42,76]","[1,-1,1,-1,1]",0,True
100,4,16,15,3,41249,4151334,416002837,9,7,63,"[9,52,98,43]","[1,1,1,-1]","[12,7,10,9]","[[2,3],[0,1,2],[1,3],[0,3]]",7,"[3,15,26,34,75,77,82]","[-1,-1,1,1,-1,1,-1]",0,True
100,4,16,15,4,41249,4151334,416002838,7,9,63,"[9,52,98,43]","[1,1,1,-1]","[12,7,10,9]","[[2,3],[0,1,2],[1,3],[0,3]]",5,"[3,14,49,67,94]","[-1,-1,-1,1,1]",0,True
100,4,16,15,5,41249,4151334,416002839,12,4,48,"[9,52,98,43]","[1,1,1,-1]","[12,7,10,9]","[[2,3],[0,1,2],[1,3],[0,3]]",4,"[5,52,83,96]","[-1,1,1,1]",0,True
100,4,32,15,1,41249,4151334,416004435,15,17,255,"[9,52,98,43]","[1,1,1,-1]","[12,7,10,9]","[[2,3],[0,1,2],[1,3],[0,3]]",10,"[0,22,26,39,54,62,64,73,74,92]","[1,1,-1,-1,-1,-1,1,1,1,-1]",0,True
100,4,32,15,2,41249,4151334,416004436,10,22,220,"[9,52,98,43]","[1,1,1,-1]","[12,7,10,9]","[[2,3],[0,1,2],[1,3],[0,3]]",9,"[15,16,64,65,68,69,77,82,87]","[1,-1,1,1,1,1,-1,1,-1]",0,True
100,4,32,15,3,41249,4151334,416004437,16,16,256,"[9,52,98,43]","[1,1,1,-1]","[12,7,10,9]","[[2,3],[0,1,2],[1,3],[0,3]]",8,"[29,53,54,64,79,83,89,98]","[-1,-1,-1,-1,-1,-1,1,1]",0,True
100,4,32,15,4,41249,4151334,416004438,15,17,255,"[9,52,98,43]","[1,1,1,-1]","[12,7,10,9]","[[2,3],[0,1,2],[1,3],[0,3]]",8,"[34,38,43,51,55,59,62,70]","[1,-1,-1,1,-1,-1,1,-1]",0,True
100,4,32,15,5,41249,4151334,416004439,14,18,252,"[9,52,98,43]","[1,1,1,-1]","[12,7,10,9]","[[2,3],[0,1,2],[1,3],[0,3]]",8,"[13,15,45,47,53,81,95,98]","[1,-1,-1,-1,1,-1,1,1]",0,True
10,5,16,1,1,51235,5011244,501102835,3,13,39,"[5,4,2,0,9]","[-1,-1,-1,1,-1]","[1,12,18,24,10,20,6]","[[0],[2,3],[1,4],[3,4],[1,3],[2,4],[1,2]]",3,"[4,5,7]","[-1,-1,1]",0,True
10,5,16,1,2,51235,5011244,501102836,3,13,39,"[5,4,2,0,9]","[-1,-1,-1,1,-1]","[1,12,18,24,10,20,6]","[[0],[2,3],[1,4],[3,4],[1,3],[2,4],[1,2]]",5,"[0,2,5,6,9]","[1,-1,-1,1,-1]",0,True
10,5,16,1,3,51235,5011244,501102837,3,13,39,"[5,4,2,0,9]","[-1,-1,-1,1,-1]","[1,12,18,24,10,20,6]","[[0],[2,3],[1,4],[3,4],[1,3],[2,4],[1,2]]",2,"[0,9]","[1,-1]",0,True
10,5,16,1,4,51235,5011244,501102838,2,14,28,"[5,4,2,0,9]","[-1,-1,-1,1,-1]","[1,12,18,24,10,20,6]","[[0],[2,3],[1,4],[3,4],[1,3],[2,4],[1,2]]",3,"[2,4,5]","[-1,-1,-1]",0,True
10,5,16,1,5,51235,5011244,501102839,2,14,28,"[5,4,2,0,9]","[-1,-1,-1,1,-1]","[1,12,18,24,10,20,6]","[[0],[2,3],[1,4],[3,4],[1,3],[2,4],[1,2]]",2,"[2,5]","[-1,-1]",0,True
10,5,32,1,1,51235,5011244,501104435,5,27,135,"[5,4,2,0,9]","[-1,-1,-1,1,-1]","[1,12,18,24,10,20,6]","[[0],[2,3],[1,4],[3,4],[1,3],[2,4],[1,2]]",5,"[0,2,4,5,6]","[1,-1,-1,-1,1]",0,True
10,5,32,1,2,51235,5011244,501104436,3,29,87,"[5,4,2,0,9]","[-1,-1,-1,1,-1]","[1,12,18,24,10,20,6]","[[0],[2,3],[1,4],[3,4],[1,3],[2,4],[1,2]]",6,"[0,1,2,5,7,9]","[1,-1,-1,-1,-1,-1]",0,True
10,5,32,1,3,51235,5011244,501104437,7,25,175,"[5,4,2,0,9]","[-1,-1,-1,1,-1]","[1,12,18,24,10,20,6]","[[0],[2,3],[1,4],[3,4],[1,3],[2,4],[1,2]]",4,"[1,3,4,5]","[1,1,-1,-1]",0,True
10,5,32,1,4,51235,5011244,501104438,4,28,112,"[5,4,2,0,9]","[-1,-1,-1,1,-1]","[1,12,18,24,10,20,6]","[[0],[2,3],[1,4],[3,4],[1,3],[2,4],[1,2]]",3,"[2,5,7]","[-1,-1,-1]",0,True
10,5,32,1,5,51235,5011244,501104439,3,29,87,"[5,4,2,0,9]","[-1,-1,-1,1,-1]","[1,12,18,24,10,20,6]","[[0],[2,3],[1,4],[3,4],[1,3],[2,4],[1,2]]",5,"[0,4,5,7,9]","[1,-1,-1,-1,-1]",0,True
10,5,64,1,1,51235,5011244,501107635,13,51,663,"[5,4,2,0,9]","[-1,-1,-1,1,-1]","[1,12,18,24,10,20,6]","[[0],[2,3],[1,4],[3,4],[1,3],[2,4],[1,2]]",5,"[0,2,4,5,9]","[1,-1,-1,-1,-1]",0,True
10,5,64,1,2,51235,5011244,501107636,12,52,624,"[5,4,2,0,9]","[-1,-1,-1,1,-1]","[1,12,18,24,10,20,6]","[[0],[2,3],[1,4],[3,4],[1,3],[2,4],[1,2]]",7,"[1,2,3,4,5,8,9]","[1,-1,1,-1,-1,1,-1]",0,True
10,5,64,1,3,51235,5011244,501107637,8,56,448,"[5,4,2,0,9]","[-1,-1,-1,1,-1]","[1,12,18,24,10,20,6]","[[0],[2,3],[1,4],[3,4],[1,3],[2,4],[1,2]]",5,"[0,2,5,7,8]","[1,-1,-1,-1,-1]",0,True
10,5,64,1,4,51235,5011244,501107638,8,56,448,"[5,4,2,0,9]","[-1,-1,-1,1,-1]","[1,12,18,24,10,20,6]","[[0],[2,3],[1,4],[3,4],[1,3],[2,4],[1,2]]",5,"[0,2,4,5,9]","[1,-1,-1,-1,-1]",0,True
10,5,64,1,5,51235,5011244,501107639,9,55,495,"[5,4,2,0,9]","[-1,-1,-1,1,-1]","[1,12,18,24,10,20,6]","[[0],[2,3],[1,4],[3,4],[1,3],[2,4],[1,2]]",5,"[0,2,4,5,9]","[1,-1,-1,-1,-1]",0,True
50,5,16,1,1,51235,5011284,501502835,2,14,28,"[34,28,45,46,41]","[-1,-1,-1,1,-1]","[1,12,18,24,10,20,6]","[[0],[2,3],[1,4],[3,4],[1,3],[2,4],[1,2]]",5,"[0,10,12,25,35]","[1,-1,-1,-1,1]",0,True
50,5,16,1,2,51235,5011284,501502836,4,12,48,"[34,28,45,46,41]","[-1,-1,-1,1,-1]","[1,12,18,24,10,20,6]","[[0],[2,3],[1,4],[3,4],[1,3],[2,4],[1,2]]",5,"[8,17,28,36,45]","[-1,1,-1,-1,1]",0,True
50,5,16,1,3,51235,5011284,501502837,4,12,48,"[34,28,45,46,41]","[-1,-1,-1,1,-1]","[1,12,18,24,10,20,6]","[[0],[2,3],[1,4],[3,4],[1,3],[2,4],[1,2]]",5,"[4,14,23,35,39]","[1,1,1,1,-1]",0,True
50,5,16,1,4,51235,5011284,501502838,2,14,28,"[34,28,45,46,41]","[-1,-1,-1,1,-1]","[1,12,18,24,10,20,6]","[[0],[2,3],[1,4],[3,4],[1,3],[2,4],[1,2]]",3,"[42,46,48]","[-1,1,1]",0,True
50,5,16,1,5,51235,5011284,501502839,3,13,39,"[34,28,45,46,41]","[-1,-1,-1,1,-1]","[1,12,18,24,10,20,6]","[[0],[2,3],[1,4],[3,4],[1,3],[2,4],[1,2]]",6,"[1,5,8,23,42,46]","[1,-1,-1,1,-1,1]",0,True
50,5,32,1,1,51235,5011284,501504435,7,25,175,"[34,28,45,46,41]","[-1,-1,-1,1,-1]","[1,12,18,24,10,20,6]","[[0],[2,3],[1,4],[3,4],[1,3],[2,4],[1,2]]",6,"[10,11,16,29,30,34]","[1,-1,-1,1,1,-1]",0,True
50,5,32,1,2,51235,5011284,501504436,1,31,31,"[34,28,45,46,41]","[-1,-1,-1,1,-1]","[1,12,18,24,10,20,6]","[[0],[2,3],[1,4],[3,4],[1,3],[2,4],[1,2]]",3,"[8,34,40]","[1,-1,-1]",0,True
50,5,32,1,3,51235,5011284,501504437,6,26,156,"[34,28,45,46,41]","[-1,-1,-1,1,-1]","[1,12,18,24,10,20,6]","[[0],[2,3],[1,4],[3,4],[1,3],[2,4],[1,2]]",7,"[4,11,12,13,19,43,46]","[-1,1,-1,-1,-1,1,-1]",0,True
50,5,32,1,4,51235,5011284,501504438,8,24,192,"[34,28,45,46,41]","[-1,-1,-1,1,-1]","[1,12,18,24,10,20,6]","[[0],[2,3],[1,4],[3,4],[1,3],[2,4],[1,2]]",7,"[22,24,25,30,32,40,41]","[-1,1,-1,1,1,-1,-1]",0,True
50,5,32,1,5,51235,5011284,501504439,3,29,87,"[34,28,45,46,41]","[-1,-1,-1,1,-1]","[1,12,18,24,10,20,6]","[[0],[2,3],[1,4],[3,4],[1,3],[2,4],[1,2]]",5,"[2,3,37,41,43]","[1,1,1,-1,1]",0,True
50,5,64,1,1,51235,5011284,501507635,12,52,624,"[34,28,45,46,41]","[-1,-1,-1,1,-1]","[1,12,18,24,10,20,6]","[[0],[2,3],[1,4],[3,4],[1,3],[2,4],[1,2]]",9,"[2,6,10,11,15,28,34,42,43]","[-1,-1,1,-1,-1,-1,-1,1,-1]",0,True
50,5,64,1,2,51235,5011284,501507636,13,51,663,"[34,28,45,46,41]","[-1,-1,-1,1,-1]","[1,12,18,24,10,20,6]","[[0],[2,3],[1,4],[3,4],[1,3],[2,4],[1,2]]",8,"[6,11,22,26,32,34,38,43]","[-1,1,1,-1,1,-1,-1,-1]",0,True
50,5,64,1,3,51235,5011284,501507637,16,48,768,"[34,28,45,46,41]","[-1,-1,-1,1,-1]","[1,12,18,24,10,20,6]","[[0],[2,3],[1,4],[3,4],[1,3],[2,4],[1,2]]",12,"[1,19,24,28,29,33,37,41,42,43,46,48]","[1,1,-1,-1,-1,-1,-1,-1,-1,1,1,1]",0,True
50,5,64,1,4,51235,5011284,501507638,11,53,583,"[34,28,45,46,41]","[-1,-1,-1,1,-1]","[1,12,18,24,10,20,6]","[[0],[2,3],[1,4],[3,4],[1,3],[2,4],[1,2]]",10,"[0,17,20,26,28,31,32,38,42,43]","[1,1,1,-1,-1,1,-1,1,-1,-1]",0,True
50,5,64,1,5,51235,5011284,501507639,6,58,348,"[34,28,45,46,41]","[-1,-1,-1,1,-1]","[1,12,18,24,10,20,6]","[[0],[2,3],[1,4],[3,4],[1,3],[2,4],[1,2]]",9,"[0,8,11,15,22,23,25,46,47]","[1,-1,1,1,1,1,-1,1,1]",0,True
100,5,16,1,1,51235,5011334,502002835,6,10,60,"[14,40,35,72,67]","[-1,-1,-1,1,-1]","[1,12,18,24,10,20,6]","[[0],[2,3],[1,4],[3,4],[1,3],[2,4],[1,2]]",5,"[22,43,61,75,99]","[1,-1,-1,1,-1]",0,True
100,5,16,1,2,51235,5011334,502002836,4,12,48,"[14,40,35,72,67]","[-1,-1,-1,1,-1]","[1,12,18,24,10,20,6]","[[0],[2,3],[1,4],[3,4],[1,3],[2,4],[1,2]]",6,"[37,41,63,66,73,93]","[-1,1,-1,-1,1,1]",0,True
100,5,16,1,3,51235,5011334,502002837,2,14,28,"[14,40,35,72,67]","[-1,-1,-1,1,-1]","[1,12,18,24,10,20,6]","[[0],[2,3],[1,4],[3,4],[1,3],[2,4],[1,2]]",4,"[17,19,25,95]","[1,1,1,1]",0,True
100,5,16,1,4,51235,5011334,502002838,2,14,28,"[14,40,35,72,67]","[-1,-1,-1,1,-1]","[1,12,18,24,10,20,6]","[[0],[2,3],[1,4],[3,4],[1,3],[2,4],[1,2]]",4,"[8,27,29,99]","[1,-1,1,1]",0,True
100,5,16,1,5,51235,5011334,502002839,4,12,48,"[14,40,35,72,67]","[-1,-1,-1,1,-1]","[1,12,18,24,10,20,6]","[[0],[2,3],[1,4],[3,4],[1,3],[2,4],[1,2]]",4,"[43,55,69,73]","[-1,1,-1,-1]",0,True
100,5,32,1,1,51235,5011334,502004435,3,29,87,"[14,40,35,72,67]","[-1,-1,-1,1,-1]","[1,12,18,24,10,20,6]","[[0],[2,3],[1,4],[3,4],[1,3],[2,4],[1,2]]",6,"[2,10,20,39,73,74]","[-1,1,-1,-1,-1,1]",0,True
100,5,32,1,2,51235,5011334,502004436,5,27,135,"[14,40,35,72,67]","[-1,-1,-1,1,-1]","[1,12,18,24,10,20,6]","[[0],[2,3],[1,4],[3,4],[1,3],[2,4],[1,2]]",7,"[7,13,26,41,58,64,76]","[1,-1,1,-1,1,-1,1]",0,True
100,5,32,1,3,51235,5011334,502004437,4,28,112,"[14,40,35,72,67]","[-1,-1,-1,1,-1]","[1,12,18,24,10,20,6]","[[0],[2,3],[1,4],[3,4],[1,3],[2,4],[1,2]]",5,"[4,14,28,84,86]","[1,-1,-1,1,1]",0,True
100,5,32,1,4,51235,5011334,502004438,8,24,192,"[14,40,35,72,67]","[-1,-1,-1,1,-1]","[1,12,18,24,10,20,6]","[[0],[2,3],[1,4],[3,4],[1,3],[2,4],[1,2]]",8,"[10,15,22,66,72,75,76,85]","[-1,1,1,-1,-1,1,1,-1]",0,True
100,5,32,1,5,51235,5011334,502004439,6,26,156,"[14,40,35,72,67]","[-1,-1,-1,1,-1]","[1,12,18,24,10,20,6]","[[0],[2,3],[1,4],[3,4],[1,3],[2,4],[1,2]]",7,"[19,27,33,73,91,93,94]","[-1,1,1,1,1,-1,1]",0,True
100,5,64,1,1,51235,5011334,502007635,11,53,583,"[14,40,35,72,67]","[-1,-1,-1,1,-1]","[1,12,18,24,10,20,6]","[[0],[2,3],[1,4],[3,4],[1,3],[2,4],[1,2]]",10,"[3,10,14,24,31,34,60,61,91,98]","[1,-1,-1,-1,1,1,-1,1,1,1]",0,True
100,5,64,1,2,51235,5011334,502007636,5,59,295,"[14,40,35,72,67]","[-1,-1,-1,1,-1]","[1,12,18,24,10,20,6]","[[0],[2,3],[1,4],[3,4],[1,3],[2,4],[1,2]]",8,"[15,19,40,54,57,80,91,93]","[-1,1,-1,-1,1,-1,-1,1]",0,True
100,5,64,1,3,51235,5011334,502007637,5,59,295,"[14,40,35,72,67]","[-1,-1,-1,1,-1]","[1,12,18,24,10,20,6]","[[0],[2,3],[1,4],[3,4],[1,3],[2,4],[1,2]]",8,"[11,24,30,56,59,73,78,96]","[-1,1,1,-1,-1,-1,1,-1]",0,True
100,5,64,1,4,51235,5011334,502007638,7,57,399,"[14,40,35,72,67]","[-1,-1,-1,1,-1]","[1,12,18,24,10,20,6]","[[0],[2,3],[1,4],[3,4],[1,3],[2,4],[1,2]]",10,"[21,23,58,62,65,67,70,76,77,91]","[1,-1,-1,1,-1,1,1,-1,-1,-1]",0,True
100,5,64,1,5,51235,5011334,502007639,10,54,540,"[14,40,35,72,67]","[-1,-1,-1,1,-1]","[1,12,18,24,10,20,6]","[[0],[2,3],[1,4],[3,4],[1,3],[2,4],[1,2]]",11,"[5,13,17,32,46,47,63,67,71,84,93]","[-1,-1,-1,1,-1,1,1,-1,1,-1,1]",0,True
10,5,16,2,1,51236,5021244,502102835,12,4,48,"[5,9,7,4,8]","[-1,-1,-1,-1,1]","[23,13,25,28,14,11,26]","[[0,1,2,4],[0,2,3],[0,3,4],[2,3,4],[1,2,3],[0,1,3],[1,3,4]]",3,"[5,6,8]","[-1,-1,1]",0,True
10,5,16,2,2,51236,5021244,502102836,12,4,48,"[5,9,7,4,8]","[-1,-1,-1,-1,1]","[23,13,25,28,14,11,26]","[[0,1,2,4],[0,2,3],[0,3,4],[2,3,4],[1,2,3],[0,1,3],[1,3,4]]",4,"[3,4,5,7]","[-1,-1,-1,-1]",0,True
10,5,16,2,3,51236,5021244,502102837,10,6,60,"[5,9,7,4,8]","[-1,-1,-1,-1,1]","[23,13,25,28,14,11,26]","[[0,1,2,4],[0,2,3],[0,3,4],[2,3,4],[1,2,3],[0,1,3],[1,3,4]]",3,"[4,8,9]","[-1,1,-1]",0,True
10,5,16,2,4,51236,5021244,502102838,11,5,55,"[5,9,7,4,8]","[-1,-1,-1,-1,1]","[23,13,25,28,14,11,26]","[[0,1,2,4],[0,2,3],[0,3,4],[2,3,4],[1,2,3],[0,1,3],[1,3,4]]",3,"[1,6,8]","[1,-1,1]",0,True
10,5,16,2,5,51236,5021244,502102839,12,4,48,"[5,9,7,4,8]","[-1,-1,-1,-1,1]","[23,13,25,28,14,11,26]","[[0,1,2,4],[0,2,3],[0,3,4],[2,3,4],[1,2,3],[0,1,3],[1,3,4]]",3,"[2,4,6]","[1,-1,1]",0,True
10,5,32,2,1,51236,5021244,502104435,20,12,240,"[5,9,7,4,8]","[-1,-1,-1,-1,1]","[23,13,25,28,14,11,26]","[[0,1,2,4],[0,2,3],[0,3,4],[2,3,4],[1,2,3],[0,1,3],[1,3,4]]",6,"[3,4,5,6,7,8]","[1,-1,-1,1,-1,1]",0,True
10,5,32,2,2,51236,5021244,502104436,22,10,220,"[5,9,7,4,8]","[-1,-1,-1,-1,1]","[23,13,25,28,14,11,26]","[[0,1,2,4],[0,2,3],[0,3,4],[2,3,4],[1,2,3],[0,1,3],[1,3,4]]",5,"[1,4,5,7,9]","[1,-1,-1,-1,-1]",0,True
10,5,32,2,3,51236,5021244,502104437,23,9,207,"[5,9,7,4,8]","[-1,-1,-1,-1,1]","[23,13,25,28,14,11,26]","[[0,1,2,4],[0,2,3],[0,3,4],[2,3,4],[1,2,3],[0,1,3],[1,3,4]]",5,"[0,4,5,7,8]","[1,-1,-1,-1,1]",0,True
10,5,32,2,4,51236,5021244,502104438,18,14,252,"[5,9,7,4,8]","[-1,-1,-1,-1,1]","[23,13,25,28,14,11,26]","[[0,1,2,4],[0,2,3],[0,3,4],[2,3,4],[1,2,3],[0,1,3],[1,3,4]]",6,"[2,3,4,5,7,9]","[1,1,-1,-1,-1,-1]",0,True
10,5,32,2,5,51236,5021244,502104439,15,17,255,"[5,9,7,4,8]","[-1,-1,-1,-1,1]","[23,13,25,28,14,11,26]","[[0,1,2,4],[0,2,3],[0,3,4],[2,3,4],[1,2,3],[0,1,3],[1,3,4]]",5,"[4,5,7,8,9]","[-1,-1,-1,1,-1]",0,True
10,5,64,2,1,51236,5021244,502107635,45,19,855,"[5,9,7,4,8]","[-1,-1,-1,-1,1]","[23,13,25,28,14,11,26]","[[0,1,2,4],[0,2,3],[0,3,4],[2,3,4],[1,2,3],[0,1,3],[1,3,4]]",5,"[4,5,7,8,9]","[-1,-1,-1,1,-1]",0,True
10,5,64,2,2,51236,5021244,502107636,47,17,799,"[5,9,7,4,8]","[-1,-1,-1,-1,1]","[23,13,25,28,14,11,26]","[[0,1,2,4],[0,2,3],[0,3,4],[2,3,4],[1,2,3],[0,1,3],[1,3,4]]",6,"[2,4,5,6,7,8]","[-1,-1,-1,1,-1,1]",0,True
10,5,64,2,3,51236,5021244,502107637,39,25,975,"[5,9,7,4,8]","[-1,-1,-1,-1,1]","[23,13,25,28,14,11,26]","[[0,1,2,4],[0,2,3],[0,3,4],[2,3,4],[1,2,3],[0,1,3],[1,3,4]]",5,"[4,5,7,8,9]","[-1,-1,-1,1,-1]",0,True
10,5,64,2,4,51236,5021244,502107638,38,26,988,"[5,9,7,4,8]","[-1,-1,-1,-1,1]","[23,13,25,28,14,11,26]","[[0,1,2,4],[0,2,3],[0,3,4],[2,3,4],[1,2,3],[0,1,3],[1,3,4]]",5,"[1,4,5,7,8]","[-1,-1,-1,-1,1]",0,True
10,5,64,2,5,51236,5021244,502107639,39,25,975,"[5,9,7,4,8]","[-1,-1,-1,-1,1]","[23,13,25,28,14,11,26]","[[0,1,2,4],[0,2,3],[0,3,4],[2,3,4],[1,2,3],[0,1,3],[1,3,4]]",5,"[4,5,7,8,9]","[-1,-1,-1,1,-1]",0,True
50,5,16,2,1,51236,5021284,502502835,10,6,60,"[24,12,10,49,38]","[-1,-1,-1,-1,1]","[23,13,25,28,14,11,26]","[[0,1,2,4],[0,2,3],[0,3,4],[2,3,4],[1,2,3],[0,1,3],[1,3,4]]",4,"[6,38,40,42]","[-1,1,1,-1]",0,True
50,5,16,2,2,51236,5021284,502502836,9,7,63,"[24,12,10,49,38]","[-1,-1,-1,-1,1]","[23,13,25,28,14,11,26]","[[0,1,2,4],[0,2,3],[0,3,4],[2,3,4],[1,2,3],[0,1,3],[1,3,4]]",5,"[20,23,28,32,37]","[-1,-1,1,1,1]",0,True
50,5,16,2,3,51236,5021284,502502837,11,5,55,"[24,12,10,49,38]","[-1,-1,-1,-1,1]","[23,13,25,28,14,11,26]","[[0,1,2,4],[0,2,3],[0,3,4],[2,3,4],[1,2,3],[0,1,3],[1,3,4]]",5,"[7,14,24,32,47]","[-1,-1,-1,-1,1]",0,True
50,5,16,2,4,51236,5021284,502502838,12,4,48,"[24,12,10,49,38]","[-1,-1,-1,-1,1]","[23,13,25,28,14,11,26]","[[0,1,2,4],[0,2,3],[0,3,4],[2,3,4],[1,2,3],[0,1,3],[1,3,4]]",6,"[3,9,19,20,22,48]","[-1,-1,1,-1,1,-1]",0,True
50,5,16,2,5,51236,5021284,502502839,11,5,55,"[24,12,10,49,38]","[-1,-1,-1,-1,1]","[23,13,25,28,14,11,26]","[[0,1,2,4],[0,2,3],[0,3,4],[2,3,4],[1,2,3],[0,1,3],[1,3,4]]",3,"[2,32,39]","[-1,-1,1]",0,True
50,5,32,2,1,51236,5021284,502504435,23,9,207,"[24,12,10,49,38]","[-1,-1,-1,-1,1]","[23,13,25,28,14,11,26]","[[0,1,2,4],[0,2,3],[0,3,4],[2,3,4],[1,2,3],[0,1,3],[1,3,4]]",6,"[8,24,37,38,40,48]","[1,-1,1,1,1,1]",0,True
50,5,32,2,2,51236,5021284,502504436,22,10,220,"[24,12,10,49,38]","[-1,-1,-1,-1,1]","[23,13,25,28,14,11,26]","[[0,1,2,4],[0,2,3],[0,3,4],[2,3,4],[1,2,3],[0,1,3],[1,3,4]]",8,"[5,7,9,11,39,43,45,48]","[1,1,1,-1,-1,1,1,-1]",0,True
50,5,32,2,3,51236,5021284,502504437,17,15,255,"[24,12,10,49,38]","[-1,-1,-1,-1,1]","[23,13,25,28,14,11,26]","[[0,1,2,4],[0,2,3],[0,3,4],[2,3,4],[1,2,3],[0,1,3],[1,3,4]]",9,"[3,15,21,22,31,32,36,39,42]","[1,-1,1,-1,1,1,1,-1,1]",0,True
50,5,32,2,4,51236,5021284,502504438,17,15,255,"[24,12,10,49,38]","[-1,-1,-1,-1,1]","[23,13,25,28,14,11,26]","[[0,1,2,4],[0,2,3],[0,3,4],[2,3,4],[1,2,3],[0,1,3],[1,3,4]]",6,"[10,12,20,25,43,49]","[-1,-1,-1,1,-1,-1]",0,True
50,5,32,2,5,51236,5021284,502504439,25,7,175,"[24,12,10,49,38]","[-1,-1,-1,-1,1]","[23,13,25,28,14,11,26]","[[0,1,2,4],[0,2,3],[0,3,4],[2,3,4],[1,2,3],[0,1,3],[1,3,4]]",5,"[0,12,21,22,33]","[-1,-1,-1,1,1]",0,True
50,5,64,2,1,51236,5021284,502507635,42,22,924,"[24,12,10,49,38]","[-1,-1,-1,-1,1]","[23,13,25,28,14,11,26]","[[0,1,2,4],[0,2,3],[0,3,4],[2,3,4],[1,2,3],[0,1,3],[1,3,4]]",10,"[0,1,3,10,21,28,34,36,38,49]","[-1,-1,1,-1,1,1,1,1,1,-1]",0,True
50,5,64,2,2,51236,5021284,502507636,42,22,924,"[24,12,10,49,38]","[-1,-1,-1,-1,1]","[23,13,25,28,14,11,26]","[[0,1,2,4],[0,2,3],[0,3,4],[2,3,4],[1,2,3],[0,1,3],[1,3,4]]",11,"[1,3,15,20,26,35,39,40,42,43,49]","[-1,1,1,1,-1,-1,1,-1,1,-1,-1]",0,True
50,5,64,2,3,51236,5021284,502507637,31,33,1023,"[24,12,10,49,38]","[-1,-1,-1,-1,1]","[23,13,25,28,14,11,26]","[[0,1,2,4],[0,2,3],[0,3,4],[2,3,4],[1,2,3],[0,1,3],[1,3,4]]",9,"[6,9,13,22,24,34,38,39,49]","[-1,-1,-1,-1,-1,-1,1,1,-1]",0,True
50,5,64,2,4,51236,5021284,502507638,36,28,1008,"[24,12,10,49,38]","[-1,-1,-1,-1,1]","[23,13,25,28,14,11,26]","[[0,1,2,4],[0,2,3],[0,3,4],[2,3,4],[1,2,3],[0,1,3],[1,3,4]]",13,"[7,9,11,12,21,32,36,37,38,39,40,46,48]","[1,-1,-1,-1,-1,1,1,1,1,-1,-1,1,1]",0,True
50,5,64,2,5,51236,5021284,502507639,45,19,855,"[24,12,10,49,38]","[-1,-1,-1,-1,1]","[23,13,25,28,14,11,26]","[[0,1,2,4],[0,2,3],[0,3,4],[2,3,4],[1,2,3],[0,1,3],[1,3,4]]",11,"[1,6,9,16,19,22,24,25,27,29,39]","[1,1,-1,-1,-1,1,-1,-1,1,1,-1]",0,True
100,5,16,2,1,51236,5021334,503002835,10,6,60,"[82,27,79,91,38]","[-1,-1,-1,-1,1]","[23,13,25,28,14,11,26]","[[0,1,2,4],[0,2,3],[0,3,4],[2,3,4],[1,2,3],[0,1,3],[1,3,4]]",5,"[5,36,40,64,94]","[1,1,-1,-1,1]",0,True
100,5,16,2,2,51236,5021334,503002836,9,7,63,"[82,27,79,91,38]","[-1,-1,-1,-1,1]","[23,13,25,28,14,11,26]","[[0,1,2,4],[0,2,3],[0,3,4],[2,3,4],[1,2,3],[0,1,3],[1,3,4]]",5,"[7,71,73,76,79]","[-1,1,-1,1,-1]",0,True
100,5,16,2,3,51236,5021334,503002837,8,8,64,"[82,27,79,91,38]","[-1,-1,-1,-1,1]","[23,13,25,28,14,11,26]","[[0,1,2,4],[0,2,3],[0,3,4],[2,3,4],[1,2,3],[0,1,3],[1,3,4]]",3,"[48,59,76]","[1,1,1]",0,True
100,5,16,2,4,51236,5021334,503002838,10,6,60,"[82,27,79,91,38]","[-1,-1,-1,-1,1]","[23,13,25,28,14,11,26]","[[0,1,2,4],[0,2,3],[0,3,4],[2,3,4],[1,2,3],[0,1,3],[1,3,4]]",3,"[55,83,91]","[-1,-1,-1]",0,True
100,5,16,2,5,51236,5021334,503002839,11,5,55,"[82,27,79,91,38]","[-1,-1,-1,-1,1]","[23,13,25,28,14,11,26]","[[0,1,2,4],[0,2,3],[0,3,4],[2,3,4],[1,2,3],[0,1,3],[1,3,4]]",5,"[33,34,72,75,91]","[-1,-1,1,1,-1]",0,True
100,5,32,2,1,51236,5021334,503004435,18,14,252,"[82,27,79,91,38]","[-1,-1,-1,-1,1]","[23,13,25,28,14,11,26]","[[0,1,2,4],[0,2,3],[0,3,4],[2,3,4],[1,2,3],[0,1,3],[1,3,4]]",8,"[9,16,22,25,27,38,54,99]","[1,1,1,-1,-1,1,1,-1]",0,True
100,5,32,2,2,51236,5021334,503004436,18,14,252,"[82,27,79,91,38]","[-1,-1,-1,-1,1]","[23,13,25,28,14,11,26]","[[0,1,2,4],[0,2,3],[0,3,4],[2,3,4],[1,2,3],[0,1,3],[1,3,4]]",7,"[4,20,47,49,70,89,92]","[-1,1,1,-1,1,1,1]",0,True
100,5,32,2,3,51236,5021334,503004437,21,11,231,"[82,27,79,91,38]","[-1,-1,-1,-1,1]","[23,13,25,28,14,11,26]","[[0,1,2,4],[0,2,3],[0,3,4],[2,3,4],[1,2,3],[0,1,3],[1,3,4]]",9,"[5,18,29,31,33,60,80,82,96]","[-1,-1,-1,1,-1,-1,1,-1,-1]",0,True
100,5,32,2,4,51236,5021334,503004438,17,15,255,"[82,27,79,91,38]","[-1,-1,-1,-1,1]","[23,13,25,28,14,11,26]","[[0,1,2,4],[0,2,3],[0,3,4],[2,3,4],[1,2,3],[0,1,3],[1,3,4]]",9,"[5,14,23,34,40,52,59,72,92]","[1,1,1,1,-1,1,1,1,-1]",0,True
100,5,32,2,5,51236,5021334,503004439,23,9,207,"[82,27,79,91,38]","[-1,-1,-1,-1,1]","[23,13,25,28,14,11,26]","[[0,1,2,4],[0,2,3],[0,3,4],[2,3,4],[1,2,3],[0,1,3],[1,3,4]]",7,"[41,51,61,66,69,73,94]","[1,-1,1,-1,-1,-1,-1]",0,True
100,5,64,2,1,51236,5021334,503007635,40,24,960,"[82,27,79,91,38]","[-1,-1,-1,-1,1]","[23,13,25,28,14,11,26]","[[0,1,2,4],[0,2,3],[0,3,4],[2,3,4],[1,2,3],[0,1,3],[1,3,4]]",12,"[3,22,24,25,36,44,59,68,73,85,87,91]","[-1,-1,1,-1,-1,1,1,-1,1,1,-1,-1]",0,True
100,5,64,2,2,51236,5021334,503007636,40,24,960,"[82,27,79,91,38]","[-1,-1,-1,-1,1]","[23,13,25,28,14,11,26]","[[0,1,2,4],[0,2,3],[0,3,4],[2,3,4],[1,2,3],[0,1,3],[1,3,4]]",12,"[0,4,10,23,24,28,35,52,56,57,63,74]","[1,1,1,1,-1,-1,1,1,-1,1,1,1]",0,True
100,5,64,2,3,51236,5021334,503007637,43,21,903,"[82,27,79,91,38]","[-1,-1,-1,-1,1]","[23,13,25,28,14,11,26]","[[0,1,2,4],[0,2,3],[0,3,4],[2,3,4],[1,2,3],[0,1,3],[1,3,4]]",12,"[6,13,25,35,47,56,66,71,75,80,87,90]","[1,-1,-1,1,1,-1,1,1,-1,-1,1,-1]",0,True
100,5,64,2,4,51236,5021334,503007638,39,25,975,"[82,27,79,91,38]","[-1,-1,-1,-1,1]","[23,13,25,28,14,11,26]","[[0,1,2,4],[0,2,3],[0,3,4],[2,3,4],[1,2,3],[0,1,3],[1,3,4]]",11,"[12,24,26,38,45,49,59,65,70,83,91]","[-1,1,1,1,1,1,-1,-1,1,1,-1]",0,True
100,5,64,2,5,51236,5021334,503007639,41,23,943,"[82,27,79,91,38]","[-1,-1,-1,-1,1]","[23,13,25,28,14,11,26]","[[0,1,2,4],[0,2,3],[0,3,4],[2,3,4],[1,2,3],[0,1,3],[1,3,4]]",10,"[5,14,24,31,41,45,75,82,94,95]","[1,1,1,1,1,1,1,-1,1,1]",0,True
10,5,16,3,1,51237,5031244,503102835,13,3,39,"[5,3,9,4,1]","[-1,-1,1,1,-1]","[15,23]","[[0,1,2,3],[0,1,2,4]]",5,"[0,2,3,5,9]","[-1,1,-1,-1,1]",0,True
10,5,16,3,2,51237,5031244,503102836,14,2,28,"[5,3,9,4,1]","[-1,-1,1,1,-1]","[15,23]","[[0,1,2,3],[0,1,2,4]]",3,"[1,3,5]","[-1,-1,-1]",0,True
10,5,16,3,3,51237,5031244,503102837,13,3,39,"[5,3,9,4,1]","[-1,-1,1,1,-1]","[15,23]","[[0,1,2,3],[0,1,2,4]]",3,"[0,3,4]","[-1,-1,1]",0,True
10,5,16,3,4,51237,5031244,503102838,14,2,28,"[5,3,9,4,1]","[-1,-1,1,1,-1]","[15,23]","[[0,1,2,3],[0,1,2,4]]",2,"[3,9]","[-1,1]",0,True
10,5,16,3,5,51237,5031244,503102839,11,5,55,"[5,3,9,4,1]","[-1,-1,1,1,-1]","[15,23]","[[0,1,2,3],[0,1,2,4]]",3,"[3,5,9]","[-1,-1,1]",0,True
10,5,32,3,1,51237,5031244,503104435,31,1,31,"[5,3,9,4,1]","[-1,-1,1,1,-1]","[15,23]","[[0,1,2,3],[0,1,2,4]]",4,"[1,4,7,8]","[-1,1,-1,1]",0,True
10,5,32,3,2,51237,5031244,503104436,28,4,112,"[5,3,9,4,1]","[-1,-1,1,1,-1]","[15,23]","[[0,1,2,3],[0,1,2,4]]",3,"[1,5,9]","[-1,-1,1]",0,True
10,5,32,3,3,51237,5031244,503104437,28,4,112,"[5,3,9,4,1]","[-1,-1,1,1,-1]","[15,23]","[[0,1,2,3],[0,1,2,4]]",2,"[3,5]","[-1,-1]",0,True
10,5,32,3,4,51237,5031244,503104438,28,4,112,"[5,3,9,4,1]","[-1,-1,1,1,-1]","[15,23]","[[0,1,2,3],[0,1,2,4]]",4,"[3,4,5,9]","[-1,1,-1,1]",0,True
10,5,32,3,5,51237,5031244,503104439,29,3,87,"[5,3,9,4,1]","[-1,-1,1,1,-1]","[15,23]","[[0,1,2,3],[0,1,2,4]]",5,"[2,3,5,6,9]","[1,-1,-1,-1,1]",0,True
10,5,64,3,1,51237,5031244,503107635,55,9,495,"[5,3,9,4,1]","[-1,-1,1,1,-1]","[15,23]","[[0,1,2,3],[0,1,2,4]]",5,"[1,3,5,8,9]","[-1,-1,-1,-1,1]",0,True
10,5,64,3,2,51237,5031244,503107636,57,7,399,"[5,3,9,4,1]","[-1,-1,1,1,-1]","[15,23]","[[0,1,2,3],[0,1,2,4]]",7,"[0,1,4,5,7,8,9]","[-1,1,-1,-1,1,1,1]",0,True
10,5,64,3,3,51237,5031244,503107637,58,6,348,"[5,3,9,4,1]","[-1,-1,1,1,-1]","[15,23]","[[0,1,2,3],[0,1,2,4]]",5,"[3,4,5,6,9]","[-1,1,-1,-1,1]",0,True
10,5,64,3,4,51237,5031244,503107638,57,7,399,"[5,3,9,4,1]","[-1,-1,1,1,-1]","[15,23]","[[0,1,2,3],[0,1,2,4]]",5,"[3,4,5,6,9]","[-1,1,-1,-1,1]",0,True
10,5,64,3,5,51237,5031244,503107639,55,9,495,"[5,3,9,4,1]","[-1,-1,1,1,-1]","[15,23]","[[0,1,2,3],[0,1,2,4]]",5,"[1,3,4,5,9]","[-1,-1,1,-1,1]",0,True
50,5,16,3,1,51237,5031284,503502835,14,2,28,"[47,21,45,30,15]","[-1,-1,1,1,-1]","[15,23]","[[0,1,2,3],[0,1,2,4]]",3,"[15,25,47]","[-1,-1,-1]",0,True
50,5,16,3,2,51237,5031284,503502836,15,1,15,"[47,21,45,30,15]","[-1,-1,1,1,-1]","[15,23]","[[0,1,2,3],[0,1,2,4]]",3,"[1,9,46]","[-1,-1,1]",0,True
50,5,16,3,3,51237,5031284,503502837,12,4,48,"[47,21,45,30,15]","[-1,-1,1,1,-1]","[15,23]","[[0,1,2,3],[0,1,2,4]]",6,"[10,12,18,34,36,45]","[1,1,1,-1,-1,1]",0,True
50,5,16,3,4,51237,5031284,503502838,15,1,15,"[47,21,45,30,15]","[-1,-1,1,1,-1]","[15,23]","[[0,1,2,3],[0,1,2,4]]",4,"[13,27,34,47]","[-1,-1,1,-1]",0,True
50,5,16,3,5,51237,5031284,503502839,13,3,39,"[47,21,45,30,15]","[-1,-1,1,1,-1]","[15,23]","[[0,1,2,3],[0,1,2,4]]",5,"[16,22,27,39,44]","[1,-1,1,1,-1]",0,True
50,5,32,3,1,51237,5031284,503504435,29,3,87,"[47,21,45,30,15]","[-1,-1,1,1,-1]","[15,23]","[[0,1,2,3],[0,1,2,4]]",7,"[2,6,14,31,39,44,48]","[-1,1,1,-1,-1,1,-1]",0,True
50,5,32,3,2,51237,5031284,503504436,31,1,31,"[47,21,45,30,15]","[-1,-1,1,1,-1]","[15,23]","[[0,1,2,3],[0,1,2,4]]",4,"[0,1,21,37]","[1,-1,-1,-1]",0,True
50,5,32,3,3,51237,5031284,503504437,30,2,60,"[47,21,45,30,15]","[-1,-1,1,1,-1]","[15,23]","[[0,1,2,3],[0,1,2,4]]",4,"[15,29,32,45]","[-1,-1,-1,1]",0,True
50,5,32,3,4,51237,5031284,503504438,31,1,31,"[47,21,45,30,15]","[-1,-1,1,1,-1]","[15,23]","[[0,1,2,3],[0,1,2,4]]",3,"[6,9,36]","[-1,1,1]",0,True
50,5,32,3,5,51237,5031284,503504439,24,8,192,"[47,21,45,30,15]","[-1,-1,1,1,-1]","[15,23]","[[0,1,2,3],[0,1,2,4]]",9,"[4,13,20,27,33,40,43,45,48]","[-1,1,-1,-1,1,1,-1,1,1]",0,True
50,5,64,3,1,51237,5031284,503507635,59,5,295,"[47,21,45,30,15]","[-1,-1,1,1,-1]","[15,23]","[[0,1,2,3],[0,1,2,4]]",8,"[1,5,14,17,30,33,40,49]","[-1,-1,-1,1,1,-1,1,1]",0,True
50,5,64,3,2,51237,5031284,503507636,62,2,124,"[47,21,45,30,15]","[-1,-1,1,1,-1]","[15,23]","[[0,1,2,3],[0,1,2,4]]",5,"[10,23,24,25,26]","[-1,-1,-1,-1,1]",0,True
50,5,64,3,3,51237,5031284,503507637,54,10,540,"[47,21,45,30,15]","[-1,-1,1,1,-1]","[15,23]","[[0,1,2,3],[0,1,2,4]]",11,"[5,8,11,18,20,26,29,34,35,45,48]","[1,1,1,1,-1,-1,1,-1,-1,1,1]",0,True
50,5,64,3,4,51237,5031284,503507638,61,3,183,"[47,21,45,30,15]","[-1,-1,1,1,-1]","[15,23]","[[0,1,2,3],[0,1,2,4]]",7,"[0,3,7,35,38,45,49]","[1,-1,-1,-1,1,1,-1]",0,True
50,5,64,3,5,51237,5031284,503507639,54,10,540,"[47,21,45,30,15]","[-1,-1,1,1,-1]","[15,23]","[[0,1,2,3],[0,1,2,4]]",9,"[10,14,18,20,32,36,42,43,44]","[1,-1,1,1,1,1,1,-1,-1]",0,True
100,5,16,3,1,51237,5031334,504002835,14,2,28,"[95,74,82,66,24]","[-1,-1,1,1,-1]","[15,23]","[[0,1,2,3],[0,1,2,4]]",5,"[27,76,78,80,95]","[1,-1,-1,1,-1]",0,True
100,5,16,3,2,51237,5031334,504002836,15,1,15,"[95,74,82,66,24]","[-1,-1,1,1,-1]","[15,23]","[[0,1,2,3],[0,1,2,4]]",3,"[72,77,81]","[1,-1,-1]",0,True
100,5,16,3,3,51237,5031334,504002837,15,1,15,"[95,74,82,66,24]","[-1,-1,1,1,-1]","[15,23]","[[0,1,2,3],[0,1,2,4]]",2,"[52,55]","[-1,-1]",0,True
100,5,16,3,4,51237,5031334,504002838,15,1,15,"[95,74,82,66,24]","[-1,-1,1,1,-1]","[15,23]","[[0,1,2,3],[0,1,2,4]]",2,"[79,92]","[1,-1]",0,True
100,5,16,3,5,51237,5031334,504002839,14,2,28,"[95,74,82,66,24]","[-1,-1,1,1,-1]","[15,23]","[[0,1,2,3],[0,1,2,4]]",3,"[2,38,65]","[-1,1,1]",0,True
100,5,32,3,1,51237,5031334,504004435,30,2,60,"[95,74,82,66,24]","[-1,-1,1,1,-1]","[15,23]","[[0,1,2,3],[0,1,2,4]]",5,"[8,26,55,76,99]","[-1,-1,1,-1,-1]",0,True
100,5,32,3,2,51237,5031334,504004436,27,5,135,"[95,74,82,66,24]","[-1,-1,1,1,-1]","[15,23]","[[0,1,2,3],[0,1,2,4]]",4,"[0,19,31,74]","[-1,1,1,-1]",0,True
100,5,32,3,3,51237,5031334,504004437,30,2,60,"[95,74,82,66,24]","[-1,-1,1,1,-1]","[15,23]","[[0,1,2,3],[0,1,2,4]]",6,"[4,16,37,41,46,51]","[1,-1,1,1,-1,-1]",0,True
100,5,32,3,4,51237,5031334,504004438,30,2,60,"[95,74,82,66,24]","[-1,-1,1,1,-1]","[15,23]","[[0,1,2,3],[0,1,2,4]]",5,"[39,41,53,61,73]","[-1,-1,-1,1,-1]",0,True
100,5,32,3,5,51237,5031334,504004439,30,2,60,"[95,74,82,66,24]","[-1,-1,1,1,-1]","[15,23]","[[0,1,2,3],[0,1,2,4]]",6,"[43,46,74,83,90,96]","[1,-1,-1,1,-1,1]",0,True
100,5,64,3,1,51237,5031334,504007635,59,5,295,"[95,74,82,66,24]","[-1,-1,1,1,-1]","[15,23]","[[0,1,2,3],[0,1,2,4]]",9,"[0,16,21,52,56,62,74,91,92]","[-1,-1,1,1,-1,-1,-1,-1,1]",0,True
100,5,64,3,2,51237,5031334,504007636,58,6,348,"[95,74,82,66,24]","[-1,-1,1,1,-1]","[15,23]","[[0,1,2,3],[0,1,2,4]]",10,"[3,8,31,37,40,44,50,53,56,72]","[-1,-1,1,-1,-1,-1,-1,-1,1,1]",0,True
100,5,64,3,3,51237,5031334,504007637,59,5,295,"[95,74,82,66,24]","[-1,-1,1,1,-1]","[15,23]","[[0,1,2,3],[0,1,2,4]]",9,"[3,30,43,50,53,62,64,89,93]","[1,-1,1,-1,-1,-1,-1,1,1]",0,True
100,5,64,3,4,51237,5031334,504007638,61,3,183,"[95,74,82,66,24]","[-1,-1,1,1,-1]","[15,23]","[[0,1,2,3],[0,1,2,4]]",6,"[7,9,41,51,72,92]","[-1,1,-1,-1,1,1]",0,True
100,5,64,3,5,51237,5031334,504007639,58,6,348,"[95,74,82,66,24]","[-1,-1,1,1,-1]","[15,23]","[[0,1,2,3],[0,1,2,4]]",8,"[7,21,24,42,57,72,76,78]","[1,-1,-1,-1,-1,1,1,-1]",0,True
10,5,16,4,1,51238,5041244,504102835,5,11,55,"[3,4,8,1,0]","[-1,-1,-1,1,1]","[3,4,8,17]","[[0,1],[2],[3],[0,4]]",2,"[1,8]","[1,-1]",0,True
10,5,16,4,2,51238,5041244,504102836,3,13,39,"[3,4,8,1,0]","[-1,-1,-1,1,1]","[3,4,8,17]","[[0,1],[2],[3],[0,4]]",4,"[1,3,4,8]","[1,-1,-1,-1]",0,True
10,5,16,4,3,51238,5041244,504102837,2,14,28,"[3,4,8,1,0]","[-1,-1,-1,1,1]","[3,4,8,17]","[[0,1],[2],[3],[0,4]]",2,"[1,8]","[1,-1]",0,True
10,5,16,4,4,51238,5041244,504102838,4,12,48,"[3,4,8,1,0]","[-1,-1,-1,1,1]","[3,4,8,17]","[[0,1],[2],[3],[0,4]]",2,"[1,8]","[1,-1]",0,True
10,5,16,4,5,51238,5041244,504102839,2,14,28,"[3,4,8,1,0]","[-1,-1,-1,1,1]","[3,4,8,17]","[[0,1],[2],[3],[0,4]]",4,"[3,6,8,9]","[1,1,-1,1]",0,True
10,5,32,4,1,51238,5041244,504104435,5,27,135,"[3,4,8,1,0]","[-1,-1,-1,1,1]","[3,4,8,17]","[[0,1],[2],[3],[0,4]]",4,"[1,5,7,9]","[1,-1,1,-1]",0,True
10,5,32,4,2,51238,5041244,504104436,4,28,112,"[3,4,8,1,0]","[-1,-1,-1,1,1]","[3,4,8,17]","[[0,1],[2],[3],[0,4]]",5,"[0,1,2,3,5]","[1,1,-1,-1,1]",0,True
10,5,32,4,3,51238,5041244,504104437,7,25,175,"[3,4,8,1,0]","[-1,-1,-1,1,1]","[3,4,8,17]","[[0,1],[2],[3],[0,4]]",3,"[1,3,8]","[1,-1,-1]",0,True
10,5,32,4,4,51238,5041244,504104438,5,27,135,"[3,4,8,1,0]","[-1,-1,-1,1,1]","[3,4,8,17]","[[0,1],[2],[3],[0,4]]",4,"[1,2,3,8]","[1,-1,-1,-1]",0,True
10,5,32,4,5,51238,5041244,504104439,4,28,112,"[3,4,8,1,0]","[-1,-1,-1,1,1]","[3,4,8,17]","[[0,1],[2],[3],[0,4]]",5,"[1,2,3,5,7]","[1,-1,-1,1,-1]",0,True
10,5,64,4,1,51238,5041244,504107635,7,57,399,"[3,4,8,1,0]","[-1,-1,-1,1,1]","[3,4,8,17]","[[0,1],[2],[3],[0,4]]",7,"[1,2,3,5,6,8,9]","[1,1,-1,-1,1,-1,-1]",0,True
10,5,64,4,2,51238,5041244,504107636,9,55,495,"[3,4,8,1,0]","[-1,-1,-1,1,1]","[3,4,8,17]","[[0,1],[2],[3],[0,4]]",5,"[0,1,3,4,8]","[1,1,-1,-1,-1]",0,True
10,5,64,4,3,51238,5041244,504107637,8,56,448,"[3,4,8,1,0]","[-1,-1,-1,1,1]","[3,4,8,17]","[[0,1],[2],[3],[0,4]]",5,"[1,2,3,8,9]","[1,-1,-1,-1,-1]",0,True
10,5,64,4,4,51238,5041244,504107638,14,50,700,"[3,4,8,1,0]","[-1,-1,-1,1,1]","[3,4,8,17]","[[0,1],[2],[3],[0,4]]",5,"[0,1,3,4,8]","[1,1,-1,-1,-1]",0,True
10,5,64,4,5,51238,5041244,504107639,9,55,495,"[3,4,8,1,0]","[-1,-1,-1,1,1]","[3,4,8,17]","[[0,1],[2],[3],[0,4]]",3,"[1,3,8]","[1,-1,-1]",0,True
50,5,16,4,1,51238,5041284,504502835,3,13,39,"[26,28,41,9,30]","[-1,-1,-1,1,1]","[3,4,8,17]","[[0,1],[2],[3],[0,4]]",3,"[2,9,38]","[-1,1,1]",0,True
50,5,16,4,2,51238,5041284,504502836,4,12,48,"[26,28,41,9,30]","[-1,-1,-1,1,1]","[3,4,8,17]","[[0,1],[2],[3],[0,4]]",4,"[5,14,32,48]","[1,1,-1,-1]",0,True
50,5,16,4,3,51238,5041284,504502837,2,14,28,"[26,28,41,9,30]","[-1,-1,-1,1,1]","[3,4,8,17]","[[0,1],[2],[3],[0,4]]",3,"[20,24,29]","[-1,-1,-1]",0,True
50,5,16,4,4,51238,5041284,504502838,2,14,28,"[26,28,41,9,30]","[-1,-1,-1,1,1]","[3,4,8,17]","[[0,1],[2],[3],[0,4]]",4,"[8,9,18,20]","[1,1,1,-1]",0,True
50,5,16,4,5,51238,5041284,504502839,4,12,48,"[26,28,41,9,30]","[-1,-1,-1,1,1]","[3,4,8,17]","[[0,1],[2],[3],[0,4]]",5,"[1,9,12,18,27]","[1,1,1,1,1]",0,True
50,5,32,4,1,51238,5041284,504504435,4,28,112,"[26,28,41,9,30]","[-1,-1,-1,1,1]","[3,4,8,17]","[[0,1],[2],[3],[0,4]]",7,"[8,10,13,14,16,29,38]","[1,-1,-1,-1,-1,1,1]",0,True
50,5,32,4,2,51238,5041284,504504436,5,27,135,"[26,28,41,9,30]","[-1,-1,-1,1,1]","[3,4,8,17]","[[0,1],[2],[3],[0,4]]",7,"[3,4,11,37,38,41,46]","[-1,1,1,1,-1,-1,-1]",0,True
50,5,32,4,3,51238,5041284,504504437,6,26,156,"[26,28,41,9,30]","[-1,-1,-1,1,1]","[3,4,8,17]","[[0,1],[2],[3],[0,4]]",9,"[1,7,13,14,22,24,26,46,49]","[1,1,-1,-1,-1,-1,-1,-1,-1]",0,True
50,5,32,4,4,51238,5041284,504504438,1,31,31,"[26,28,41,9,30]","[-1,-1,-1,1,1]","[3,4,8,17]","[[0,1],[2],[3],[0,4]]",4,"[3,6,34,38]","[-1,-1,-1,1]",0,True
50,5,32,4,5,51238,5041284,504504439,7,25,175,"[26,28,41,9,30]","[-1,-1,-1,1,1]","[3,4,8,17]","[[0,1],[2],[3],[0,4]]",6,"[1,7,14,21,34,48]","[1,1,1,1,-1,1]",0,True
50,5,64,4,1,51238,5041284,504507635,8,56,448,"[26,28,41,9,30]","[-1,-1,-1,1,1]","[3,4,8,17]","[[0,1],[2],[3],[0,4]]",10,"[8,9,10,16,32,33,39,42,43,44]","[1,1,1,1,-1,1,1,1,1,-1]",0,True
50,5,64,4,2,51238,5041284,504507636,5,59,295,"[26,28,41,9,30]","[-1,-1,-1,1,1]","[3,4,8,17]","[[0,1],[2],[3],[0,4]]",5,"[4,9,14,26,40]","[-1,1,1,-1,1]",0,True
50,5,64,4,3,51238,5041284,504507637,7,57,399,"[26,28,41,9,30]","[-1,-1,-1,1,1]","[3,4,8,17]","[[0,1],[2],[3],[0,4]]",7,"[1,9,11,19,35,36,44]","[1,1,1,-1,1,1,-1]",0,True
50,5,64,4,4,51238,5041284,504507638,14,50,700,"[26,28,41,9,30]","[-1,-1,-1,1,1]","[3,4,8,17]","[[0,1],[2],[3],[0,4]]",10,"[0,2,15,18,25,35,38,44,45,47]","[-1,-1,1,1,-1,1,1,-1,1,-1]",0,True
50,5,64,4,5,51238,5041284,504507639,9,55,495,"[26,28,41,9,30]","[-1,-1,-1,1,1]","[3,4,8,17]","[[0,1],[2],[3],[0,4]]",9,"[2,5,15,20,26,31,34,45,48]","[1,1,-1,1,-1,1,1,1,-1]",0,True
100,5,16,4,1,51238,5041334,505002835,1,15,15,"[57,38,4,24,71]","[-1,-1,-1,1,1]","[3,4,8,17]","[[0,1],[2],[3],[0,4]]",3,"[6,25,83]","[1,1,1]",0,True
100,5,16,4,2,51238,5041334,505002836,5,11,55,"[57,38,4,24,71]","[-1,-1,-1,1,1]","[3,4,8,17]","[[0,1],[2],[3],[0,4]]",4,"[5,52,53,75]","[1,1,1,1]",0,True
100,5,16,4,3,51238,5041334,505002837,4,12,48,"[57,38,4,24,71]","[-1,-1,-1,1,1]","[3,4,8,17]","[[0,1],[2],[3],[0,4]]",5,"[29,38,40,54,61]","[1,-1,-1,1,1]",0,True
100,5,16,4,4,51238,5041334,505002838,1,15,15,"[57,38,4,24,71]","[-1,-1,-1,1,1]","[3,4,8,17]","[[0,1],[2],[3],[0,4]]",2,"[97,98]","[-1,1]",0,True
100,5,16,4,5,51238,5041334,505002839,2,14,28,"[57,38,4,24,71]","[-1,-1,-1,1,1]","[3,4,8,17]","[[0,1],[2],[3],[0,4]]",4,"[21,41,66,90]","[1,-1,1,-1]",0,True
100,5,32,4,1,51238,5041334,505004435,2,30,60,"[57,38,4,24,71]","[-1,-1,-1,1,1]","[3,4,8,17]","[[0,1],[2],[3],[0,4]]",5,"[51,61,62,75,82]","[-1,-1,1,-1,-1]",0,True
100,5,32,4,2,51238,5041334,505004436,6,26,156,"[57,38,4,24,71]","[-1,-1,-1,1,1]","[3,4,8,17]","[[0,1],[2],[3],[0,4]]",9,"[2,7,20,23,32,37,70,88,90]","[-1,1,-1,1,1,1,1,1,-1]",0,True
100,5,32,4,3,51238,5041334,505004437,3,29,87,"[57,38,4,24,71]","[-1,-1,-1,1,1]","[3,4,8,17]","[[0,1],[2],[3],[0,4]]",6,"[18,23,45,54,71,96]","[1,1,1,-1,-1,-1]",0,True
100,5,32,4,4,51238,5041334,505004438,5,27,135,"[57,38,4,24,71]","[-1,-1,-1,1,1]","[3,4,8,17]","[[0,1],[2],[3],[0,4]]",6,"[1,2,71,86,89,91]","[1,1,1,-1,-1,1]",0,True
100,5,32,4,5,51238,5041334,505004439,4,28,112,"[57,38,4,24,71]","[-1,-1,-1,1,1]","[3,4,8,17]","[[0,1],[2],[3],[0,4]]",6,"[9,24,36,39,59,77]","[1,1,1,1,1,1]",0,True
100,5,64,4,1,51238,5041334,505007635,9,55,495,"[57,38,4,24,71]","[-1,-1,-1,1,1]","[3,4,8,17]","[[0,1],[2],[3],[0,4]]",10,"[11,28,30,40,45,55,63,81,82,85]","[-1,-1,1,1,-1,1,-1,-1,-1,1]",0,True
100,5,64,4,2,51238,5041334,505007636,10,54,540,"[57,38,4,24,71]","[-1,-1,-1,1,1]","[3,4,8,17]","[[0,1],[2],[3],[0,4]]",11,"[2,18,25,26,30,43,52,55,64,88,90]","[1,-1,-1,1,1,-1,1,1,1,-1,1]",0,True
100,5,64,4,3,51238,5041334,505007637,5,59,295,"[57,38,4,24,71]","[-1,-1,-1,1,1]","[3,4,8,17]","[[0,1],[2],[3],[0,4]]",9,"[11,13,15,22,25,30,31,62,89]","[-1,1,-1,-1,1,1,-1,-1,-1]",0,True
100,5,64,4,4,51238,5041334,505007638,10,54,540,"[57,38,4,24,71]","[-1,-1,-1,1,1]","[3,4,8,17]","[[0,1],[2],[3],[0,4]]",8,"[24,41,46,57,58,64,87,98]","[1,-1,-1,-1,-1,-1,1,-1]",0,True
100,5,64,4,5,51238,5041334,505007639,9,55,495,"[57,38,4,24,71]","[-1,-1,-1,1,1]","[3,4,8,17]","[[0,1],[2],[3],[0,4]]",11,"[10,15,20,58,62,66,74,83,86,89,96]","[1,1,-1,1,-1,-1,-1,1,1,-1,-1]",0,True
10,5,16,5,1,51239,5051244,505102835,10,6,60,"[9,3,0,4,2]","[1,1,-1,-1,-1]","[5,27]","[[0,2],[0,1,3,4]]",4,"[0,3,5,6]","[-1,1,-1,1]",0,True
10,5,16,5,2,51239,5051244,505102836,14,2,28,"[9,3,0,4,2]","[1,1,-1,-1,-1]","[5,27]","[[0,2],[0,1,3,4]]",4,"[0,1,4,7]","[-1,-1,1,1]",0,True
10,5,16,5,3,51239,5051244,505102837,14,2,28,"[9,3,0,4,2]","[1,1,-1,-1,-1]","[5,27]","[[0,2],[0,1,3,4]]",2,"[3,7]","[1,1]",0,True
10,5,16,5,4,51239,5051244,505102838,12,4,48,"[9,3,0,4,2]","[1,1,-1,-1,-1]","[5,27]","[[0,2],[0,1,3,4]]",2,"[0,9]","[-1,1]",0,True
10,5,16,5,5,51239,5051244,505102839,14,2,28,"[9,3,0,4,2]","[1,1,-1,-1,-1]","[5,27]","[[0,2],[0,1,3,4]]",4,"[0,6,7,8]","[-1,1,1,-1]",0,True
10,5,32,5,1,51239,5051244,505104435,26,6,156,"[9,3,0,4,2]","[1,1,-1,-1,-1]","[5,27]","[[0,2],[0,1,3,4]]",5,"[0,3,5,6,9]","[-1,1,1,1,1]",0,True
10,5,32,5,2,51239,5051244,505104436,25,7,175,"[9,3,0,4,2]","[1,1,-1,-1,-1]","[5,27]","[[0,2],[0,1,3,4]]",2,"[0,9]","[-1,1]",0,True
10,5,32,5,3,51239,5051244,505104437,25,7,175,"[9,3,0,4,2]","[1,1,-1,-1,-1]","[5,27]","[[0,2],[0,1,3,4]]",4,"[0,5,6,9]","[-1,1,-1,1]",0,True
10,5,32,5,4,51239,5051244,505104438,26,6,156,"[9,3,0,4,2]","[1,1,-1,-1,-1]","[5,27]","[[0,2],[0,1,3,4]]",4,"[0,6,7,9]","[-1,1,1,1]",0,True
10,5,32,5,5,51239,5051244,505104439,18,14,252,"[9,3,0,4,2]","[1,1,-1,-1,-1]","[5,27]","[[0,2],[0,1,3,4]]",6,"[0,2,4,5,7,9]","[-1,-1,-1,-1,-1,1]",0,True
10,5,64,5,1,51239,5051244,505107635,44,20,880,"[9,3,0,4,2]","[1,1,-1,-1,-1]","[5,27]","[[0,2],[0,1,3,4]]",4,"[0,3,4,9]","[-1,1,-1,1]",0,True
10,5,64,5,2,51239,5051244,505107636,51,13,663,"[9,3,0,4,2]","[1,1,-1,-1,-1]","[5,27]","[[0,2],[0,1,3,4]]",4,"[0,2,4,9]","[-1,-1,-1,1]",0,True
10,5,64,5,3,51239,5051244,505107637,43,21,903,"[9,3,0,4,2]","[1,1,-1,-1,-1]","[5,27]","[[0,2],[0,1,3,4]]",5,"[0,2,3,5,9]","[-1,-1,1,1,1]",0,True
10,5,64,5,4,51239,5051244,505107638,39,25,975,"[9,3,0,4,2]","[1,1,-1,-1,-1]","[5,27]","[[0,2],[0,1,3,4]]",4,"[0,2,3,9]","[-1,-1,1,1]",0,True
10,5,64,5,5,51239,5051244,505107639,49,15,735,"[9,3,0,4,2]","[1,1,-1,-1,-1]","[5,27]","[[0,2],[0,1,3,4]]",5,"[0,2,4,6,9]","[-1,-1,-1,1,1]",0,True
50,5,16,5,1,51239,5051284,505502835,12,4,48,"[22,38,13,32,14]","[1,1,-1,-1,-1]","[5,27]","[[0,2],[0,1,3,4]]",4,"[4,23,24,31]","[-1,-1,1,-1]",0,True
50,5,16,5,2,51239,5051284,505502836,10,6,60,"[22,38,13,32,14]","[1,1,-1,-1,-1]","[5,27]","[[0,2],[0,1,3,4]]",7,"[18,19,29,32,38,41,44]","[-1,1,1,1,-1,-1,1]",0,True
50,5,16,5,3,51239,5051284,505502837,9,7,63,"[22,38,13,32,14]","[1,1,-1,-1,-1]","[5,27]","[[0,2],[0,1,3,4]]",5,"[20,22,30,37,44]","[1,1,1,1,1]",0,True
50,5,16,5,4,51239,5051284,505502838,10,6,60,"[22,38,13,32,14]","[1,1,-1,-1,-1]","[5,27]","[[0,2],[0,1,3,4]]",4,"[1,12,20,49]","[1,-1,1,1]",0,True
50,5,16,5,5,51239,5051284,505502839,12,4,48,"[22,38,13,32,14]","[1,1,-1,-1,-1]","[5,27]","[[0,2],[0,1,3,4]]",4,"[4,10,19,39]","[1,-1,-1,-1]",0,True
50,5,32,5,1,51239,5051284,505504435,24,8,192,"[22,38,13,32,14]","[1,1,-1,-1,-1]","[5,27]","[[0,2],[0,1,3,4]]",8,"[3,5,12,29,34,38,39,48]","[1,-1,1,-1,-1,1,-1,-1]",0,True
50,5,32,5,2,51239,5051284,505504436,22,10,220,"[22,38,13,32,14]","[1,1,-1,-1,-1]","[5,27]","[[0,2],[0,1,3,4]]",8,"[2,4,14,25,28,31,35,45]","[-1,1,1,1,1,1,1,-1]",0,True
50,5,32,5,3,51239,5051284,505504437,23,9,207,"[22,38,13,32,14]","[1,1,-1,-1,-1]","[5,27]","[[0,2],[0,1,3,4]]",8,"[4,12,21,25,28,41,42,47]","[1,-1,1,-1,-1,-1,1,-1]",0,True
50,5,32,5,4,51239,5051284,505504438,22,10,220,"[22,38,13,32,14]","[1,1,-1,-1,-1]","[5,27]","[[0,2],[0,1,3,4]]",5,"[22,30,36,43,45]","[1,-1,1,-1,-1]",0,True
50,5,32,5,5,51239,5051284,505504439,21,11,231,"[22,38,13,32,14]","[1,1,-1,-1,-1]","[5,27]","[[0,2],[0,1,3,4]]",10,"[3,15,18,21,30,31,37,38,41,48]","[-1,-1,-1,1,-1,-1,-1,1,-1,-1]",0,True
50,5,64,5,1,51239,5051284,505507635,50,14,700,"[22,38,13,32,14]","[1,1,-1,-1,-1]","[5,27]","[[0,2],[0,1,3,4]]",11,"[8,9,11,12,13,20,21,23,30,32,34]","[-1,-1,-1,1,-1,-1,-1,-1,-1,-1,-1]",0,True
50,5,64,5,2,51239,5051284,505507636,39,25,975,"[22,38,13,32,14]","[1,1,-1,-1,-1]","[5,27]","[[0,2],[0,1,3,4]]",6,"[13,14,22,24,36,47]","[-1,-1,1,-1,-1,-1]",0,True
50,5,64,5,3,51239,5051284,505507637,41,23,943,"[22,38,13,32,14]","[1,1,-1,-1,-1]","[5,27]","[[0,2],[0,1,3,4]]",10,"[2,4,8,12,13,14,19,24,31,37]","[-1,-1,-1,1,-1,-1,-1,1,1,-1]",0,True
50,5,64,5,4,51239,5051284,505507638,47,17,799,"[22,38,13,32,14]","[1,1,-1,-1,-1]","[5,27]","[[0,2],[0,1,3,4]]",9,"[7,11,22,25,27,28,36,38,49]","[1,1,1,-1,1,-1,1,1,-1]",0,True
50,5,64,5,5,51239,5051284,505507639,51,13,663,"[22,38,13,32,14]","[1,1,-1,-1,-1]","[5,27]","[[0,2],[0,1,3,4]]",5,"[13,22,28,41,48]","[-1,1,-1,1,1]",0,True
100,5,16,5,1,51239,5051334,506002835,13,3,39,"[77,21,57,55,61]","[1,1,-1,-1,-1]","[5,27]","[[0,2],[0,1,3,4]]",3,"[17,57,92]","[-1,-1,1]",0,True
100,5,16,5,2,51239,5051334,506002836,11,5,55,"[77,21,57,55,61]","[1,1,-1,-1,-1]","[5,27]","[[0,2],[0,1,3,4]]",5,"[44,76,77,79,80]","[1,-1,1,-1,-1]",0,True
100,5,16,5,3,51239,5051334,506002837,12,4,48,"[77,21,57,55,61]","[1,1,-1,-1,-1]","[5,27]","[[0,2],[0,1,3,4]]",7,"[4,23,33,35,70,96,99]","[1,-1,1,1,-1,-1,-1]",0,True
100,5,16,5,4,51239,5051334,506002838,11,5,55,"[77,21,57,55,61]","[1,1,-1,-1,-1]","[5,27]","[[0,2],[0,1,3,4]]",6,"[19,20,55,67,69,77]","[1,1,-1,1,1,1]",0,True
100,5,16,5,5,51239,5051334,506002839,11,5,55,"[77,21,57,55,61]","[1,1,-1,-1,-1]","[5,27]","[[0,2],[0,1,3,4]]",6,"[9,39,57,70,71,73]","[1,1,-1,-1,1,-1]",0,True
100,5,32,5,1,51239,5051334,506004435,24,8,192,"[77,21,57,55,61]","[1,1,-1,-1,-1]","[5,27]","[[0,2],[0,1,3,4]]",7,"[6,15,16,19,50,56,76]","[1,-1,-1,-1,1,1,1]",0,True
100,5,32,5,2,51239,5051334,506004436,23,9,207,"[77,21,57,55,61]","[1,1,-1,-1,-1]","[5,27]","[[0,2],[0,1,3,4]]",10,"[17,23,30,40,44,45,59,63,83,96]","[-1,-1,1,-1,1,1,-1,-1,1,-1]",0,True
100,5,32,5,3,51239,5051334,506004437,23,9,207,"[77,21,57,55,61]","[1,1,-1,-1,-1]","[5,27]","[[0,2],[0,1,3,4]]",7,"[27,41,44,47,55,56,67]","[1,1,1,-1,-1,-1,-1]",0,True
100,5,32,5,4,51239,5051334,506004438,20,12,240,"[77,21,57,55,61]","[1,1,-1,-1,-1]","[5,27]","[[0,2],[0,1,3,4]]",6,"[16,35,73,86,89,97]","[1,-1,1,-1,-1,-1]",0,True
100,5,32,5,5,51239,5051334,506004439,18,14,252,"[77,21,57,55,61]","[1,1,-1,-1,-1]","[5,27]","[[0,2],[0,1,3,4]]",7,"[19,25,49,52,70,91,96]","[-1,1,1,1,-1,-1,-1]",0,True
100,5,64,5,1,51239,5051334,506007635,49,15,735,"[77,21,57,55,61]","[1,1,-1,-1,-1]","[5,27]","[[0,2],[0,1,3,4]]",10,"[0,21,48,57,58,65,67,82,83,97]","[1,-1,1,-1,-1,-1,-1,-1,-1,-1]",0,True
100,5,64,5,2,51239,5051334,506007636,47,17,799,"[77,21,57,55,61]","[1,1,-1,-1,-1]","[5,27]","[[0,2],[0,1,3,4]]",10,"[24,41,44,45,52,77,79,83,90,92]","[1,1,-1,1,-1,1,1,1,-1,1]",0,True
100,5,64,5,3,51239,5051334,506007637,47,17,799,"[77,21,57,55,61]","[1,1,-1,-1,-1]","[5,27]","[[0,2],[0,1,3,4]]",9,"[4,13,23,27,34,35,43,77,85]","[1,-1,1,-1,1,-1,-1,1,-1]",0,True
100,5,64,5,4,51239,5051334,506007638,50,14,700,"[77,21,57,55,61]","[1,1,-1,-1,-1]","[5,27]","[[0,2],[0,1,3,4]]",11,"[12,15,16,51,60,67,70,75,81,90,94]","[1,1,-1,-1,1,1,1,-1,-1,-1,1]",0,True
100,5,64,5,5,51239,5051334,506007639,51,13,663,"[77,21,57,55,61]","[1,1,-1,-1,-1]","[5,27]","[[0,2],[0,1,3,4]]",11,"[0,11,17,30,36,37,54,57,72,86,89]","[-1,-1,-1,-1,-1,1,1,-1,1,1,1]",0,True
10,5,16,6,1,51240,5061244,506102835,8,8,64,"[5,1,3,8,2]","[1,-1,-1,-1,-1]","[16,7,12]","[[4],[0,1,2],[2,3]]",4,"[2,3,4,9]","[-1,-1,1,-1]",0,True
10,5,16,6,2,51240,5061244,506102836,6,10,60,"[5,1,3,8,2]","[1,-1,-1,-1,-1]","[16,7,12]","[[4],[0,1,2],[2,3]]",4,"[0,4,5,8]","[-1,1,-1,-1]",0,True
10,5,16,6,3,51240,5061244,506102837,2,14,28,"[5,1,3,8,2]","[1,-1,-1,-1,-1]","[16,7,12]","[[4],[0,1,2],[2,3]]",3,"[0,5,6]","[-1,1,-1]",0,True
10,5,16,6,4,51240,5061244,506102838,7,9,63,"[5,1,3,8,2]","[1,-1,-1,-1,-1]","[16,7,12]","[[4],[0,1,2],[2,3]]",3,"[1,2,6]","[-1,-1,1]",0,True
10,5,16,6,5,51240,5061244,506102839,5,11,55,"[5,1,3,8,2]","[1,-1,-1,-1,-1]","[16,7,12]","[[4],[0,1,2],[2,3]]",3,"[2,6,8]","[-1,-1,-1]",0,True
10,5,32,6,1,51240,5061244,506104435,12,20,240,"[5,1,3,8,2]","[1,-1,-1,-1,-1]","[16,7,12]","[[4],[0,1,2],[2,3]]",5,"[2,3,5,7,9]","[-1,-1,1,-1,1]",0,True
10,5,32,6,2,51240,5061244,506104436,11,21,231,"[5,1,3,8,2]","[1,-1,-1,-1,-1]","[16,7,12]","[[4],[0,1,2],[2,3]]",3,"[2,3,8]","[-1,-1,-1]",0,True
10,5,32,6,3,51240,5061244,506104437,7,25,175,"[5,1,3,8,2]","[1,-1,-1,-1,-1]","[16,7,12]","[[4],[0,1,2],[2,3]]",4,"[0,2,3,4]","[1,-1,-1,1]",0,True
10,5,32,6,4,51240,5061244,506104438,12,20,240,"[5,1,3,8,2]","[1,-1,-1,-1,-1]","[16,7,12]","[[4],[0,1,2],[2,3]]",2,"[2,3]","[-1,-1]",0,True
10,5,32,6,5,51240,5061244,506104439,12,20,240,"[5,1,3,8,2]","[1,-1,-1,-1,-1]","[16,7,12]","[[4],[0,1,2],[2,3]]",3,"[2,3,8]","[-1,-1,-1]",0,True
10,5,64,6,1,51240,5061244,506107635,21,43,903,"[5,1,3,8,2]","[1,-1,-1,-1,-1]","[16,7,12]","[[4],[0,1,2],[2,3]]",5,"[2,3,5,8,9]","[-1,-1,1,-1,-1]",0,True
10,5,64,6,2,51240,5061244,506107636,23,41,943,"[5,1,3,8,2]","[1,-1,-1,-1,-1]","[16,7,12]","[[4],[0,1,2],[2,3]]",4,"[2,3,4,8]","[-1,-1,-1,-1]",0,True
10,5,64,6,3,51240,5061244,506107637,21,43,903,"[5,1,3,8,2]","[1,-1,-1,-1,-1]","[16,7,12]","[[4],[0,1,2],[2,3]]",6,"[0,2,3,4,5,6]","[-1,-1,-1,1,1,1]",0,True
10,5,64,6,4,51240,5061244,506107638,22,42,924,"[5,1,3,8,2]","[1,-1,-1,-1,-1]","[16,7,12]","[[4],[0,1,2],[2,3]]",5,"[1,2,3,5,8]","[-1,-1,-1,1,-1]",0,True
10,5,64,6,5,51240,5061244,506107639,24,40,960,"[5,1,3,8,2]","[1,-1,-1,-1,-1]","[16,7,12]","[[4],[0,1,2],[2,3]]",5,"[1,2,3,5,8]","[-1,-1,-1,1,-1]",0,True
50,5,16,6,1,51240,5061284,506502835,5,11,55,"[36,17,35,44,14]","[1,-1,-1,-1,-1]","[16,7,12]","[[4],[0,1,2],[2,3]]",4,"[7,17,38,44]","[-1,-1,-1,-1]",0,True
50,5,16,6,2,51240,5061284,506502836,5,11,55,"[36,17,35,44,14]","[1,-1,-1,-1,-1]","[16,7,12]","[[4],[0,1,2],[2,3]]",5,"[9,29,34,36,46]","[-1,-1,-1,1,-1]",0,True
50,5,16,6,3,51240,5061284,506502837,6,10,60,"[36,17,35,44,14]","[1,-1,-1,-1,-1]","[16,7,12]","[[4],[0,1,2],[2,3]]",5,"[12,30,35,44,46]","[1,1,1,-1,1]",0,True
50,5,16,6,4,51240,5061284,506502838,5,11,55,"[36,17,35,44,14]","[1,-1,-1,-1,-1]","[16,7,12]","[[4],[0,1,2],[2,3]]",5,"[3,24,25,31,36]","[-1,-1,1,-1,-1]",0,True
50,5,16,6,5,51240,5061284,506502839,7,9,63,"[36,17,35,44,14]","[1,-1,-1,-1,-1]","[16,7,12]","[[4],[0,1,2],[2,3]]",8,"[0,3,10,21,24,38,41,49]","[-1,1,1,-1,-1,1,-1,1]",0,True
50,5,32,6,1,51240,5061284,506504435,12,20,240,"[36,17,35,44,14]","[1,-1,-1,-1,-1]","[16,7,12]","[[4],[0,1,2],[2,3]]",5,"[3,14,27,29,31]","[-1,-1,1,-1,-1]",0,True
50,5,32,6,2,51240,5061284,506504436,13,19,247,"[36,17,35,44,14]","[1,-1,-1,-1,-1]","[16,7,12]","[[4],[0,1,2],[2,3]]",3,"[14,35,44]","[-1,-1,-1]",0,True
50,5,32,6,3,51240,5061284,506504437,14,18,252,"[36,17,35,44,14]","[1,-1,-1,-1,-1]","[16,7,12]","[[4],[0,1,2],[2,3]]",8,"[0,2,16,20,21,24,33,47]","[1,1,1,-1,1,1,-1,1]",0,True
50,5,32,6,4,51240,5061284,506504438,12,20,240,"[36,17,35,44,14]","[1,-1,-1,-1,-1]","[16,7,12]","[[4],[0,1,2],[2,3]]",10,"[2,11,13,19,22,27,38,43,47,48]","[-1,-1,-1,-1,-1,1,1,1,-1,-1]",0,True
50,5,32,6,5,51240,5061284,506504439,11,21,231,"[36,17,35,44,14]","[1,-1,-1,-1,-1]","[16,7,12]","[[4],[0,1,2],[2,3]]",7,"[14,15,20,28,34,43,48]","[-1,1,-1,1,1,-1,1]",0,True
50,5,64,6,1,51240,5061284,506507635,24,40,960,"[36,17,35,44,14]","[1,-1,-1,-1,-1]","[16,7,12]","[[4],[0,1,2],[2,3]]",9,"[9,14,17,19,22,24,32,40,41]","[-1,-1,1,-1,-1,1,1,-1,1]",0,True
50,5,64,6,2,51240,5061284,506507636,24,40,960,"[36,17,35,44,14]","[1,-1,-1,-1,-1]","[16,7,12]","[[4],[0,1,2],[2,3]]",11,"[6,8,10,17,29,31,33,35,38,39,49]","[-1,-1,1,1,1,-1,-1,-1,-1,-1,1]",0,True
50,5,64,6,3,51240,5061284,506507637,17,47,799,"[36,17,35,44,14]","[1,-1,-1,-1,-1]","[16,7,12]","[[4],[0,1,2],[2,3]]",10,"[12,14,15,16,19,26,38,39,44,48]","[-1,-1,1,1,-1,-1,1,-1,1,1]",0,True
50,5,64,6,4,51240,5061284,506507638,19,45,855,"[36,17,35,44,14]","[1,-1,-1,-1,-1]","[16,7,12]","[[4],[0,1,2],[2,3]]",9,"[2,14,17,22,23,28,36,40,49]","[-1,-1,-1,1,1,-1,-1,-1,1]",0,True
50,5,64,6,5,51240,5061284,506507639,23,41,943,"[36,17,35,44,14]","[1,-1,-1,-1,-1]","[16,7,12]","[[4],[0,1,2],[2,3]]",12,"[3,8,11,20,27,30,32,37,38,42,44,47]","[-1,-1,1,-1,1,1,1,-1,-1,1,-1,1]",0,True
100,5,16,6,1,51240,5061334,507002835,6,10,60,"[55,23,69,9,80]","[1,-1,-1,-1,-1]","[16,7,12]","[[4],[0,1,2],[2,3]]",7,"[9,22,27,28,30,76,97]","[-1,1,-1,-1,1,1,-1]",0,True
100,5,16,6,2,51240,5061334,507002836,10,6,60,"[55,23,69,9,80]","[1,-1,-1,-1,-1]","[16,7,12]","[[4],[0,1,2],[2,3]]",5,"[8,37,50,53,56]","[1,-1,-1,-1,-1]",0,True
100,5,16,6,3,51240,5061334,507002837,5,11,55,"[55,23,69,9,80]","[1,-1,-1,-1,-1]","[16,7,12]","[[4],[0,1,2],[2,3]]",6,"[28,44,47,48,64,91]","[-1,1,-1,1,1,1]",0,True
100,5,16,6,4,51240,5061334,507002838,8,8,64,"[55,23,69,9,80]","[1,-1,-1,-1,-1]","[16,7,12]","[[4],[0,1,2],[2,3]]",4,"[43,57,69,80]","[-1,-1,-1,-1]",0,True
100,5,16,6,5,51240,5061334,507002839,4,12,48,"[55,23,69,9,80]","[1,-1,-1,-1,-1]","[16,7,12]","[[4],[0,1,2],[2,3]]",6,"[4,9,22,61,65,89]","[1,1,-1,1,-1,-1]",0,True
100,5,32,6,1,51240,5061334,507004435,11,21,231,"[55,23,69,9,80]","[1,-1,-1,-1,-1]","[16,7,12]","[[4],[0,1,2],[2,3]]",8,"[3,11,23,34,82,86,97,98]","[1,1,-1,-1,-1,-1,1,1]",0,True
100,5,32,6,2,51240,5061334,507004436,14,18,252,"[55,23,69,9,80]","[1,-1,-1,-1,-1]","[16,7,12]","[[4],[0,1,2],[2,3]]",7,"[16,47,67,79,80,85,98]","[1,-1,1,1,-1,-1,1]",0,True
100,5,32,6,3,51240,5061334,507004437,13,19,247,"[55,23,69,9,80]","[1,-1,-1,-1,-1]","[16,7,12]","[[4],[0,1,2],[2,3]]",10,"[2,3,23,25,26,40,59,69,83,94]","[-1,1,-1,-1,1,1,1,-1,-1,-1]",0,True
100,5,32,6,4,51240,5061334,507004438,12,20,240,"[55,23,69,9,80]","[1,-1,-1,-1,-1]","[16,7,12]","[[4],[0,1,2],[2,3]]",7,"[16,30,62,64,74,78,90]","[1,-1,1,-1,-1,-1,1]",0,True
100,5,32,6,5,51240,5061334,507004439,6,26,156,"[55,23,69,9,80]","[1,-1,-1,-1,-1]","[16,7,12]","[[4],[0,1,2],[2,3]]",8,"[6,8,23,36,46,56,87,92]","[1,1,1,-1,1,1,1,-1]",0,True
100,5,64,6,1,51240,5061334,507007635,22,42,924,"[55,23,69,9,80]","[1,-1,-1,-1,-1]","[16,7,12]","[[4],[0,1,2],[2,3]]",12,"[7,16,19,34,41,42,57,67,71,77,79,98]","[-1,1,1,-1,1,-1,1,-1,1,-1,1,1]",0,True
100,5,64,6,2,51240,5061334,507007636,16,48,768,"[55,23,69,9,80]","[1,-1,-1,-1,-1]","[16,7,12]","[[4],[0,1,2],[2,3]]",10,"[3,15,16,23,34,35,41,46,67,72]","[1,-1,1,1,-1,-1,1,1,1,-1]",0,True
100,5,64,6,3,51240,5061334,507007637,27,37,999,"[55,23,69,9,80]","[1,-1,-1,-1,-1]","[16,7,12]","[[4],[0,1,2],[2,3]]",11,"[1,2,13,36,41,66,68,72,89,91,98]","[1,-1,1,-1,-1,1,1,1,-1,-1,-1]",0,True
100,5,64,6,4,51240,5061334,507007638,19,45,855,"[55,23,69,9,80]","[1,-1,-1,-1,-1]","[16,7,12]","[[4],[0,1,2],[2,3]]",13,"[9,17,23,25,28,34,38,39,44,74,87,88,92]","[-1,-1,1,1,1,-1,-1,1,-1,-1,-1,-1,1]",0,True
100,5,64,6,5,51240,5061334,507007639,20,44,880,"[55,23,69,9,80]","[1,-1,-1,-1,-1]","[16,7,12]","[[4],[0,1,2],[2,3]]",15,"[2,9,11,16,18,26,34,61,70,74,84,86,92,93,94]","[-1,1,1,1,1,1,-1,1,-1,-1,1,-1,1,1,-1]",0,True
10,5,16,7,1,51241,5071244,507102835,10,6,60,"[9,5,0,4,6]","[1,1,1,1,-1]","[3,14,28]","[[0,1],[1,2,3],[2,3,4]]",2,"[5,9]","[1,1]",0,True
10,5,16,7,2,51241,5071244,507102836,10,6,60,"[9,5,0,4,6]","[1,1,1,1,-1]","[3,14,28]","[[0,1],[1,2,3],[2,3,4]]",4,"[0,4,5,9]","[1,1,1,1]",0,True
10,5,16,7,3,51241,5071244,507102837,10,6,60,"[9,5,0,4,6]","[1,1,1,1,-1]","[3,14,28]","[[0,1],[1,2,3],[2,3,4]]",6,"[1,3,4,6,7,9]","[1,-1,1,-1,1,1]",0,True
10,5,16,7,4,51241,5071244,507102838,9,7,63,"[9,5,0,4,6]","[1,1,1,1,-1]","[3,14,28]","[[0,1],[1,2,3],[2,3,4]]",4,"[3,4,5,6]","[-1,1,1,-1]",0,True
10,5,16,7,5,51241,5071244,507102839,11,5,55,"[9,5,0,4,6]","[1,1,1,1,-1]","[3,14,28]","[[0,1],[1,2,3],[2,3,4]]",3,"[0,5,9]","[1,1,1]",0,True
10,5,32,7,1,51241,5071244,507104435,16,16,256,"[9,5,0,4,6]","[1,1,1,1,-1]","[3,14,28]","[[0,1],[1,2,3],[2,3,4]]",6,"[0,1,2,4,5,9]","[1,1,-1,1,1,1]",0,True
10,5,32,7,2,51241,5071244,507104436,20,12,240,"[9,5,0,4,6]","[1,1,1,1,-1]","[3,14,28]","[[0,1],[1,2,3],[2,3,4]]",6,"[0,2,3,4,5,8]","[1,1,-1,1,1,1]",0,True
10,5,32,7,3,51241,5071244,507104437,20,12,240,"[9,5,0,4,6]","[1,1,1,1,-1]","[3,14,28]","[[0,1],[1,2,3],[2,3,4]]",5,"[0,4,5,6,9]","[1,1,1,-1,1]",0,True
10,5,32,7,4,51241,5071244,507104438,13,19,247,"[9,5,0,4,6]","[1,1,1,1,-1]","[3,14,28]","[[0,1],[1,2,3],[2,3,4]]",4,"[0,4,5,9]","[1,1,1,1]",0,True
10,5,32,7,5,51241,5071244,507104439,18,14,252,"[9,5,0,4,6]","[1,1,1,1,-1]","[3,14,28]","[[0,1],[1,2,3],[2,3,4]]",4,"[0,5,8,9]","[1,1,-1,1]",0,True
10,5,64,7,1,51241,5071244,507107635,44,20,880,"[9,5,0,4,6]","[1,1,1,1,-1]","[3,14,28]","[[0,1],[1,2,3],[2,3,4]]",5,"[0,4,5,6,9]","[1,1,1,-1,1]",0,True
10,5,64,7,2,51241,5071244,507107636,40,24,960,"[9,5,0,4,6]","[1,1,1,1,-1]","[3,14,28]","[[0,1],[1,2,3],[2,3,4]]",5,"[0,4,5,6,9]","[1,1,1,-1,1]",0,True
10,5,64,7,3,51241,5071244,507107637,38,26,988,"[9,5,0,4,6]","[1,1,1,1,-1]","[3,14,28]","[[0,1],[1,2,3],[2,3,4]]",5,"[0,4,5,6,9]","[1,1,1,-1,1]",0,True
10,5,64,7,4,51241,5071244,507107638,41,23,943,"[9,5,0,4,6]","[1,1,1,1,-1]","[3,14,28]","[[0,1],[1,2,3],[2,3,4]]",5,"[0,4,5,6,9]","[1,1,1,-1,1]",0,True
10,5,64,7,5,51241,5071244,507107639,42,22,924,"[9,5,0,4,6]","[1,1,1,1,-1]","[3,14,28]","[[0,1],[1,2,3],[2,3,4]]",5,"[0,4,5,6,9]","[1,1,1,-1,1]",0,True
50,5,16,7,1,51241,5071284,507502835,9,7,63,"[6,3,25,48,39]","[1,1,1,1,-1]","[3,14,28]","[[0,1],[1,2,3],[2,3,4]]",5,"[11,16,20,35,37]","[-1,1,-1,-1,-1]",0,True
50,5,16,7,2,51241,5071284,507502836,11,5,55,"[6,3,25,48,39]","[1,1,1,1,-1]","[3,14,28]","[[0,1],[1,2,3],[2,3,4]]",6,"[0,5,11,34,47,49]","[-1,1,1,1,1,1]",0,True
50,5,16,7,3,51241,5071284,507502837,14,2,28,"[6,3,25,48,39]","[1,1,1,1,-1]","[3,14,28]","[[0,1],[1,2,3],[2,3,4]]",4,"[4,5,8,31]","[-1,-1,-1,1]",0,True
50,5,16,7,4,51241,5071284,507502838,13,3,39,"[6,3,25,48,39]","[1,1,1,1,-1]","[3,14,28]","[[0,1],[1,2,3],[2,3,4]]",5,"[4,12,15,22,45]","[1,1,-1,-1,1]",0,True
50,5,16,7,5,51241,5071284,507502839,12,4,48,"[6,3,25,48,39]","[1,1,1,1,-1]","[3,14,28]","[[0,1],[1,2,3],[2,3,4]]",5,"[3,5,9,14,30]","[1,-1,1,-1,-1]",0,True
50,5,32,7,1,51241,5071284,507504435,18,14,252,"[6,3,25,48,39]","[1,1,1,1,-1]","[3,14,28]","[[0,1],[1,2,3],[2,3,4]]",10,"[7,16,18,27,29,35,36,45,47,49]","[1,1,1,1,-1,1,-1,-1,1,1]",0,True
50,5,32,7,2,51241,5071284,507504436,21,11,231,"[6,3,25,48,39]","[1,1,1,1,-1]","[3,14,28]","[[0,1],[1,2,3],[2,3,4]]",7,"[5,20,27,34,39,43,46]","[-1,1,1,-1,-1,-1,-1]",0,True
50,5,32,7,3,51241,5071284,507504437,20,12,240,"[6,3,25,48,39]","[1,1,1,1,-1]","[3,14,28]","[[0,1],[1,2,3],[2,3,4]]",7,"[1,2,3,19,21,33,39]","[-1,-1,1,-1,-1,1,-1]",0,True
50,5,32,7,4,51241,5071284,507504438,24,8,192,"[6,3,25,48,39]","[1,1,1,1,-1]","[3,14,28]","[[0,1],[1,2,3],[2,3,4]]",7,"[4,12,14,26,33,34,44]","[-1,1,1,-1,1,1,-1]",0,True
50,5,32,7,5,51241,5071284,507504439,19,13,247,"[6,3,25,48,39]","[1,1,1,1,-1]","[3,14,28]","[[0,1],[1,2,3],[2,3,4]]",10,"[4,5,8,12,16,24,31,32,39,46]","[1,1,1,-1,1,-1,-1,1,-1,-1]",0,True
50,5,64,7,1,51241,5071284,507507635,39,25,975,"[6,3,25,48,39]","[1,1,1,1,-1]","[3,14,28]","[[0,1],[1,2,3],[2,3,4]]",13,"[0,3,8,15,18,22,24,28,32,36,40,41,45]","[1,1,1,-1,-1,-1,-1,1,-1,1,-1,1,1]",0,True
50,5,64,7,2,51241,5071284,507507636,37,27,999,"[6,3,25,48,39]","[1,1,1,1,-1]","[3,14,28]","[[0,1],[1,2,3],[2,3,4]]",13,"[1,3,8,9,12,13,14,19,22,31,35,37,46]","[1,1,1,-1,-1,1,-1,1,1,1,1,1,1]",0,True
50,5,64,7,3,51241,5071284,507507637,44,20,880,"[6,3,25,48,39]","[1,1,1,1,-1]","[3,14,28]","[[0,1],[1,2,3],[2,3,4]]",11,"[5,13,17,19,24,26,29,35,39,41,46]","[1,-1,-1,-1,-1,-1,-1,1,1,1,1]",0,True
50,5,64,7,4,51241,5071284,507507638,43,21,903,"[6,3,25,48,39]","[1,1,1,1,-1]","[3,14,28]","[[0,1],[1,2,3],[2,3,4]]",10,"[3,11,13,27,31,32,34,39,44,46]","[1,1,1,1,1,-1,-1,1,1,-1]",0,True
50,5,64,7,5,51241,5071284,507507639,41,23,943,"[6,3,25,48,39]","[1,1,1,1,-1]","[3,14,28]","[[0,1],[1,2,3],[2,3,4]]",10,"[2,6,9,21,30,33,34,35,37,46]","[-1,1,1,-1,1,1,-1,1,1,-1]",0,True
100,5,16,7,1,51241,5071334,508002835,10,6,60,"[24,86,7,18,67]","[1,1,1,1,-1]","[3,14,28]","[[0,1],[1,2,3],[2,3,4]]",7,"[2,6,12,22,61,65,99]","[1,-1,-1,-1,1,1,-1]",0,True
100,5,16,7,2,51241,5071334,508002836,9,7,63,"[24,86,7,18,67]","[1,1,1,1,-1]","[3,14,28]","[[0,1],[1,2,3],[2,3,4]]",6,"[26,33,36,48,73,89]","[-1,-1,-1,1,1,1]",0,True
100,5,16,7,3,51241,5071334,508002837,8,8,64,"[24,86,7,18,67]","[1,1,1,1,-1]","[3,14,28]","[[0,1],[1,2,3],[2,3,4]]",7,"[14,41,52,67,76,84,95]","[-1,1,1,-1,1,1,1]",0,True
100,5,16,7,4,51241,5071334,508002838,10,6,60,"[24,86,7,18,67]","[1,1,1,1,-1]","[3,14,28]","[[0,1],[1,2,3],[2,3,4]]",5,"[32,43,71,86,98]","[-1,1,1,1,1]",0,True
100,5,16,7,5,51241,5071334,508002839,11,5,55,"[24,86,7,18,67]","[1,1,1,1,-1]","[3,14,28]","[[0,1],[1,2,3],[2,3,4]]",5,"[13,73,78,88,97]","[-1,-1,-1,-1,1]",0,True
100,5,32,7,1,51241,5071334,508004435,19,13,247,"[24,86,7,18,67]","[1,1,1,1,-1]","[3,14,28]","[[0,1],[1,2,3],[2,3,4]]",8,"[11,13,25,32,36,42,65,69]","[-1,1,-1,-1,1,-1,-1,-1]",0,True
100,5,32,7,2,51241,5071334,508004436,27,5,135,"[24,86,7,18,67]","[1,1,1,1,-1]","[3,14,28]","[[0,1],[1,2,3],[2,3,4]]",7,"[2,11,17,35,60,84,94]","[-1,-1,1,-1,1,1,-1]",0,True
100,5,32,7,3,51241,5071334,508004437,16,16,256,"[24,86,7,18,67]","[1,1,1,1,-1]","[3,14,28]","[[0,1],[1,2,3],[2,3,4]]",9,"[33,37,46,58,60,61,76,81,93]","[-1,-1,1,1,1,1,1,-1,1]",0,True
100,5,32,7,4,51241,5071334,508004438,21,11,231,"[24,86,7,18,67]","[1,1,1,1,-1]","[3,14,28]","[[0,1],[1,2,3],[2,3,4]]",9,"[4,5,17,22,27,47,63,73,99]","[-1,-1,1,1,-1,-1,-1,-1,-1]",0,True
100,5,32,7,5,51241,5071334,508004439,18,14,252,"[24,86,7,18,67]","[1,1,1,1,-1]","[3,14,28]","[[0,1],[1,2,3],[2,3,4]]",9,"[2,5,15,46,69,74,81,82,84]","[1,-1,-1,-1,1,-1,-1,-1,-1]",0,True
100,5,64,7,1,51241,5071334,508007635,44,20,880,"[24,86,7,18,67]","[1,1,1,1,-1]","[3,14,28]","[[0,1],[1,2,3],[2,3,4]]",12,"[14,16,24,34,41,44,46,47,55,85,94,97]","[-1,1,1,1,-1,1,-1,-1,-1,-1,1,1]",0,True
100,5,64,7,2,51241,5071334,508007636,42,22,924,"[24,86,7,18,67]","[1,1,1,1,-1]","[3,14,28]","[[0,1],[1,2,3],[2,3,4]]",10,"[11,17,35,36,62,78,82,86,89,95]","[-1,-1,1,1,1,1,1,1,-1,-1]",0,True
100,5,64,7,3,51241,5071334,508007637,38,26,988,"[24,86,7,18,67]","[1,1,1,1,-1]","[3,14,28]","[[0,1],[1,2,3],[2,3,4]]",13,"[9,25,31,33,35,51,54,56,65,66,69,87,88]","[1,1,1,-1,1,-1,1,1,1,1,-1,-1,1]",0,True
100,5,64,7,4,51241,5071334,508007638,43,21,903,"[24,86,7,18,67]","[1,1,1,1,-1]","[3,14,28]","[[0,1],[1,2,3],[2,3,4]]",11,"[21,22,27,36,51,56,57,64,66,87,91]","[1,-1,1,-1,1,-1,1,-1,-1,-1,-1]",0,True
100,5,64,7,5,51241,5071334,508007639,43,21,903,"[24,86,7,18,67]","[1,1,1,1,-1]","[3,14,28]","[[0,1],[1,2,3],[2,3,4]]",8,"[2,24,62,74,80,86,93,98]","[1,1,-1,1,1,1,1,-1]",0,True
10,5,16,8,1,51242,5081244,508102835,7,9,63,"[3,7,6,5,4]","[1,-1,1,-1,-1]","[19,24,9,22,14,21,7]","[[0,1,4],[3,4],[0,3],[1,2,4],[1,2,3],[0,2,4],[0,1,2]]",2,"[5,7]","[-1,-1]",0,True
10,5,16,8,2,51242,5081244,508102836,3,13,39,"[3,7,6,5,4]","[1,-1,1,-1,-1]","[19,24,9,22,14,21,7]","[[0,1,4],[3,4],[0,3],[1,2,4],[1,2,3],[0,2,4],[0,1,2]]",3,"[3,4,8]","[1,-1,1]",0,True
10,5,16,8,3,51242,5081244,508102837,10,6,60,"[3,7,6,5,4]","[1,-1,1,-1,-1]","[19,24,9,22,14,21,7]","[[0,1,4],[3,4],[0,3],[1,2,4],[1,2,3],[0,2,4],[0,1,2]]",1,[5],[-1],0,True
10,5,16,8,4,51242,5081244,508102838,7,9,63,"[3,7,6,5,4]","[1,-1,1,-1,-1]","[19,24,9,22,14,21,7]","[[0,1,4],[3,4],[0,3],[1,2,4],[1,2,3],[0,2,4],[0,1,2]]",3,"[4,5,6]","[-1,-1,1]",0,True
10,5,16,8,5,51242,5081244,508102839,3,13,39,"[3,7,6,5,4]","[1,-1,1,-1,-1]","[19,24,9,22,14,21,7]","[[0,1,4],[3,4],[0,3],[1,2,4],[1,2,3],[0,2,4],[0,1,2]]",3,"[0,1,5]","[-1,1,-1]",0,True
10,5,32,8,1,51242,5081244,508104435,17,15,255,"[3,7,6,5,4]","[1,-1,1,-1,-1]","[19,24,9,22,14,21,7]","[[0,1,4],[3,4],[0,3],[1,2,4],[1,2,3],[0,2,4],[0,1,2]]",5,"[2,3,4,5,6]","[-1,1,-1,-1,1]",0,True
10,5,32,8,2,51242,5081244,508104436,17,15,255,"[3,7,6,5,4]","[1,-1,1,-1,-1]","[19,24,9,22,14,21,7]","[[0,1,4],[3,4],[0,3],[1,2,4],[1,2,3],[0,2,4],[0,1,2]]",6,"[1,3,5,6,8,9]","[-1,1,-1,1,1,-1]",0,True
10,5,32,8,3,51242,5081244,508104437,17,15,255,"[3,7,6,5,4]","[1,-1,1,-1,-1]","[19,24,9,22,14,21,7]","[[0,1,4],[3,4],[0,3],[1,2,4],[1,2,3],[0,2,4],[0,1,2]]",4,"[0,3,4,5]","[1,1,-1,-1]",0,True
10,5,32,8,4,51242,5081244,508104438,10,22,220,"[3,7,6,5,4]","[1,-1,1,-1,-1]","[19,24,9,22,14,21,7]","[[0,1,4],[3,4],[0,3],[1,2,4],[1,2,3],[0,2,4],[0,1,2]]",6,"[0,1,3,4,5,9]","[-1,1,1,-1,-1,1]",0,True
10,5,32,8,5,51242,5081244,508104439,10,22,220,"[3,7,6,5,4]","[1,-1,1,-1,-1]","[19,24,9,22,14,21,7]","[[0,1,4],[3,4],[0,3],[1,2,4],[1,2,3],[0,2,4],[0,1,2]]",5,"[1,3,4,5,7]","[1,1,-1,-1,-1]",0,True
10,5,64,8,1,51242,5081244,508107635,28,36,1008,"[3,7,6,5,4]","[1,-1,1,-1,-1]","[19,24,9,22,14,21,7]","[[0,1,4],[3,4],[0,3],[1,2,4],[1,2,3],[0,2,4],[0,1,2]]",5,"[3,4,5,6,7]","[1,-1,-1,1,-1]",0,True
10,5,64,8,2,51242,5081244,508107636,28,36,1008,"[3,7,6,5,4]","[1,-1,1,-1,-1]","[19,24,9,22,14,21,7]","[[0,1,4],[3,4],[0,3],[1,2,4],[1,2,3],[0,2,4],[0,1,2]]",7,"[0,1,2,3,4,5,7]","[-1,1,1,1,-1,-1,-1]",0,True
10,5,64,8,3,51242,5081244,508107637,26,38,988,"[3,7,6,5,4]","[1,-1,1,-1,-1]","[19,24,9,22,14,21,7]","[[0,1,4],[3,4],[0,3],[1,2,4],[1,2,3],[0,2,4],[0,1,2]]",5,"[3,4,5,6,7]","[1,-1,-1,1,-1]",0,True
10,5,64,8,4,51242,5081244,508107638,31,33,1023,"[3,7,6,5,4]","[1,-1,1,-1,-1]","[19,24,9,22,14,21,7]","[[0,1,4],[3,4],[0,3],[1,2,4],[1,2,3],[0,2,4],[0,1,2]]",5,"[3,4,5,6,7]","[1,-1,-1,1,-1]",0,True
10,5,64,8,5,51242,5081244,508107639,32,32,1024,"[3,7,6,5,4]","[1,-1,1,-1,-1]","[19,24,9,22,14,21,7]","[[0,1,4],[3,4],[0,3],[1,2,4],[1,2,3],[0,2,4],[0,1,2]]",5,"[3,4,5,6,7]","[1,-1,-1,1,-1]",0,True
50,5,16,8,1,51242,5081284,508502835,9,7,63,"[46,44,2,27,10]","[1,-1,1,-1,-1]","[19,24,9,22,14,21,7]","[[0,1,4],[3,4],[0,3],[1,2,4],[1,2,3],[0,2,4],[0,1,2]]",5,"[6,16,27,38,47]","[1,1,-1,1,1]",0,True
50,5,16,8,2,51242,5081284,508502836,6,10,60,"[46,44,2,27,10]","[1,-1,1,-1,-1]","[19,24,9,22,14,21,7]","[[0,1,4],[3,4],[0,3],[1,2,4],[1,2,3],[0,2,4],[0,1,2]]",4,"[20,36,40,46]","[1,1,-1,1]",0,True
50,5,16,8,3,51242,5081284,508502837,6,10,60,"[46,44,2,27,10]","[1,-1,1,-1,-1]","[19,24,9,22,14,21,7]","[[0,1,4],[3,4],[0,3],[1,2,4],[1,2,3],[0,2,4],[0,1,2]]",5,"[0,11,32,36,48]","[-1,-1,-1,1,1]",0,True
50,5,16,8,4,51242,5081284,508502838,7,9,63,"[46,44,2,27,10]","[1,-1,1,-1,-1]","[19,24,9,22,14,21,7]","[[0,1,4],[3,4],[0,3],[1,2,4],[1,2,3],[0,2,4],[0,1,2]]",3,"[11,28,46]","[-1,-1,1]",0,True
50,5,16,8,5,51242,5081284,508502839,8,8,64,"[46,44,2,27,10]","[1,-1,1,-1,-1]","[19,24,9,22,14,21,7]","[[0,1,4],[3,4],[0,3],[1,2,4],[1,2,3],[0,2,4],[0,1,2]]",3,"[23,28,44]","[-1,-1,-1]",0,True
50,5,32,8,1,51242,5081284,508504435,16,16,256,"[46,44,2,27,10]","[1,-1,1,-1,-1]","[19,24,9,22,14,21,7]","[[0,1,4],[3,4],[0,3],[1,2,4],[1,2,3],[0,2,4],[0,1,2]]",7,"[9,10,13,27,31,37,49]","[1,-1,-1,-1,-1,1,1]",0,True
50,5,32,8,2,51242,5081284,508504436,10,22,220,"[46,44,2,27,10]","[1,-1,1,-1,-1]","[19,24,9,22,14,21,7]","[[0,1,4],[3,4],[0,3],[1,2,4],[1,2,3],[0,2,4],[0,1,2]]",9,"[11,19,22,24,35,38,41,43,46]","[1,-1,-1,1,-1,-1,-1,-1,1]",0,True
50,5,32,8,3,51242,5081284,508504437,11,21,231,"[46,44,2,27,10]","[1,-1,1,-1,-1]","[19,24,9,22,14,21,7]","[[0,1,4],[3,4],[0,3],[1,2,4],[1,2,3],[0,2,4],[0,1,2]]",7,"[0,18,21,30,34,44,46]","[-1,1,1,1,1,-1,1]",0,True
50,5,32,8,4,51242,5081284,508504438,10,22,220,"[46,44,2,27,10]","[1,-1,1,-1,-1]","[19,24,9,22,14,21,7]","[[0,1,4],[3,4],[0,3],[1,2,4],[1,2,3],[0,2,4],[0,1,2]]",8,"[2,10,27,29,35,39,43,47]","[1,-1,-1,-1,-1,-1,1,1]",0,True
50,5,32,8,5,51242,5081284,508504439,16,16,256,"[46,44,2,27,10]","[1,-1,1,-1,-1]","[19,24,9,22,14,21,7]","[[0,1,4],[3,4],[0,3],[1,2,4],[1,2,3],[0,2,4],[0,1,2]]",9,"[8,12,14,20,28,33,34,45,47]","[-1,-1,1,-1,-1,1,-1,-1,-1]",0,True
50,5,64,8,1,51242,5081284,508507635,29,35,1015,"[46,44,2,27,10]","[1,-1,1,-1,-1]","[19,24,9,22,14,21,7]","[[0,1,4],[3,4],[0,3],[1,2,4],[1,2,3],[0,2,4],[0,1,2]]",10,"[2,10,24,27,31,34,35,36,42,44]","[1,-1,-1,-1,-1,1,-1,-1,-1,-1]",0,True
50,5,64,8,2,51242,5081284,508507636,23,41,943,"[46,44,2,27,10]","[1,-1,1,-1,-1]","[19,24,9,22,14,21,7]","[[0,1,4],[3,4],[0,3],[1,2,4],[1,2,3],[0,2,4],[0,1,2]]",11,"[1,4,10,16,25,29,31,34,40,43,46]","[1,-1,-1,-1,-1,1,1,1,-1,-1,1]",0,True
50,5,64,8,3,51242,5081284,508507637,24,40,960,"[46,44,2,27,10]","[1,-1,1,-1,-1]","[19,24,9,22,14,21,7]","[[0,1,4],[3,4],[0,3],[1,2,4],[1,2,3],[0,2,4],[0,1,2]]",11,"[4,8,9,10,18,25,34,37,41,44,49]","[1,-1,-1,-1,-1,1,1,-1,-1,-1,1]",0,True
50,5,64,8,4,51242,5081284,508507638,26,38,988,"[46,44,2,27,10]","[1,-1,1,-1,-1]","[19,24,9,22,14,21,7]","[[0,1,4],[3,4],[0,3],[1,2,4],[1,2,3],[0,2,4],[0,1,2]]",10,"[1,5,7,17,23,27,30,41,42,46]","[1,-1,1,-1,-1,-1,-1,1,1,1]",0,True
50,5,64,8,5,51242,5081284,508507639,35,29,1015,"[46,44,2,27,10]","[1,-1,1,-1,-1]","[19,24,9,22,14,21,7]","[[0,1,4],[3,4],[0,3],[1,2,4],[1,2,3],[0,2,4],[0,1,2]]",12,"[5,7,8,15,17,18,22,23,24,27,42,44]","[-1,-1,-1,1,1,-1,-1,1,1,-1,1,-1]",0,True
100,5,16,8,1,51242,5081334,509002835,9,7,63,"[70,23,50,91,84]","[1,-1,1,-1,-1]","[19,24,9,22,14,21,7]","[[0,1,4],[3,4],[0,3],[1,2,4],[1,2,3],[0,2,4],[0,1,2]]",6,"[1,37,39,52,54,67]","[1,-1,-1,1,1,-1]",0,True
100,5,16,8,2,51242,5081334,509002836,8,8,64,"[70,23,50,91,84]","[1,-1,1,-1,-1]","[19,24,9,22,14,21,7]","[[0,1,4],[3,4],[0,3],[1,2,4],[1,2,3],[0,2,4],[0,1,2]]",7,"[18,32,50,56,72,76,82]","[1,-1,-1,1,1,1,1]",0,True
100,5,16,8,3,51242,5081334,509002837,9,7,63,"[70,23,50,91,84]","[1,-1,1,-1,-1]","[19,24,9,22,14,21,7]","[[0,1,4],[3,4],[0,3],[1,2,4],[1,2,3],[0,2,4],[0,1,2]]",5,"[6,16,17,25,67]","[-1,1,-1,1,-1]",0,True
100,5,16,8,4,51242,5081334,509002838,7,9,63,"[70,23,50,91,84]","[1,-1,1,-1,-1]","[19,24,9,22,14,21,7]","[[0,1,4],[3,4],[0,3],[1,2,4],[1,2,3],[0,2,4],[0,1,2]]",7,"[18,54,74,76,77,80,84]","[1,-1,1,1,-1,1,-1]",0,True
100,5,16,8,5,51242,5081334,509002839,4,12,48,"[70,23,50,91,84]","[1,-1,1,-1,-1]","[19,24,9,22,14,21,7]","[[0,1,4],[3,4],[0,3],[1,2,4],[1,2,3],[0,2,4],[0,1,2]]",5,"[14,35,75,94,96]","[1,-1,-1,1,-1]",0,True
100,5,32,8,1,51242,5081334,509004435,12,20,240,"[70,23,50,91,84]","[1,-1,1,-1,-1]","[19,24,9,22,14,21,7]","[[0,1,4],[3,4],[0,3],[1,2,4],[1,2,3],[0,2,4],[0,1,2]]",7,"[18,37,49,58,69,70,91]","[1,1,1,1,1,1,-1]",0,True
100,5,32,8,2,51242,5081334,509004436,12,20,240,"[70,23,50,91,84]","[1,-1,1,-1,-1]","[19,24,9,22,14,21,7]","[[0,1,4],[3,4],[0,3],[1,2,4],[1,2,3],[0,2,4],[0,1,2]]",6,"[28,34,63,70,90,91]","[-1,-1,-1,1,1,-1]",0,True
100,5,32,8,3,51242,5081334,509004437,9,23,207,"[70,23,50,91,84]","[1,-1,1,-1,-1]","[19,24,9,22,14,21,7]","[[0,1,4],[3,4],[0,3],[1,2,4],[1,2,3],[0,2,4],[0,1,2]]",8,"[0,18,46,47,50,61,75,83]","[1,-1,1,-1,1,-1,-1,-1]",0,True
100,5,32,8,4,51242,5081334,509004438,14,18,252,"[70,23,50,91,84]","[1,-1,1,-1,-1]","[19,24,9,22,14,21,7]","[[0,1,4],[3,4],[0,3],[1,2,4],[1,2,3],[0,2,4],[0,1,2]]",7,"[0,11,17,21,47,64,98]","[-1,1,-1,1,-1,-1,-1]",0,True
100,5,32,8,5,51242,5081334,509004439,17,15,255,"[70,23,50,91,84]","[1,-1,1,-1,-1]","[19,24,9,22,14,21,7]","[[0,1,4],[3,4],[0,3],[1,2,4],[1,2,3],[0,2,4],[0,1,2]]",7,"[32,54,77,79,84,97,98]","[1,1,1,1,-1,1,-1]",0,True
100,5,64,8,1,51242,5081334,509007635,30,34,1020,"[70,23,50,91,84]","[1,-1,1,-1,-1]","[19,24,9,22,14,21,7]","[[0,1,4],[3,4],[0,3],[1,2,4],[1,2,3],[0,2,4],[0,1,2]]",13,"[2,10,29,48,51,53,78,82,86,88,89,95,97]","[-1,1,-1,1,1,-1,1,-1,1,-1,1,-1,-1]",0,True
100,5,64,8,2,51242,5081334,509007636,24,40,960,"[70,23,50,91,84]","[1,-1,1,-1,-1]","[19,24,9,22,14,21,7]","[[0,1,4],[3,4],[0,3],[1,2,4],[1,2,3],[0,2,4],[0,1,2]]",12,"[2,3,14,18,20,21,33,36,53,65,66,93]","[-1,-1,1,1,1,1,-1,1,1,1,1,-1]",0,True
100,5,64,8,3,51242,5081334,509007637,25,39,975,"[70,23,50,91,84]","[1,-1,1,-1,-1]","[19,24,9,22,14,21,7]","[[0,1,4],[3,4],[0,3],[1,2,4],[1,2,3],[0,2,4],[0,1,2]]",12,"[5,6,14,23,26,40,59,69,80,91,94,99]","[1,1,1,-1,1,1,1,-1,-1,-1,-1,-1]",0,True
100,5,64,8,4,51242,5081334,509007638,24,40,960,"[70,23,50,91,84]","[1,-1,1,-1,-1]","[19,24,9,22,14,21,7]","[[0,1,4],[3,4],[0,3],[1,2,4],[1,2,3],[0,2,4],[0,1,2]]",9,"[0,3,33,46,51,84,88,90,91]","[-1,1,-1,-1,1,-1,1,1,-1]",0,True
100,5,64,8,5,51242,5081334,509007639,28,36,1008,"[70,23,50,91,84]","[1,-1,1,-1,-1]","[19,24,9,22,14,21,7]","[[0,1,4],[3,4],[0,3],[1,2,4],[1,2,3],[0,2,4],[0,1,2]]",11,"[2,11,36,43,44,63,64,66,70,77,86]","[-1,-1,1,1,1,-1,-1,-1,1,-1,1]",0,True
10,5,16,9,1,51243,5091244,509102835,6,10,60,"[9,8,4,3,7]","[1,1,-1,-1,1]","[29,3,10,18,6]","[[0,2,3,4],[0,1],[1,3],[1,4],[1,2]]",1,[8],[1],0,True
10,5,16,9,2,51243,5091244,509102836,9,7,63,"[9,8,4,3,7]","[1,1,-1,-1,1]","[29,3,10,18,6]","[[0,2,3,4],[0,1],[1,3],[1,4],[1,2]]",1,[8],[1],0,True
10,5,16,9,3,51243,5091244,509102837,8,8,64,"[9,8,4,3,7]","[1,1,-1,-1,1]","[29,3,10,18,6]","[[0,2,3,4],[0,1],[1,3],[1,4],[1,2]]",3,"[0,4,8]","[-1,-1,1]",0,True
10,5,16,9,4,51243,5091244,509102838,8,8,64,"[9,8,4,3,7]","[1,1,-1,-1,1]","[29,3,10,18,6]","[[0,2,3,4],[0,1],[1,3],[1,4],[1,2]]",4,"[1,2,6,8]","[1,-1,1,1]",0,True
10,5,16,9,5,51243,5091244,509102839,5,11,55,"[9,8,4,3,7]","[1,1,-1,-1,1]","[29,3,10,18,6]","[[0,2,3,4],[0,1],[1,3],[1,4],[1,2]]",1,[8],[1],0,True
10,5,32,9,1,51243,5091244,509104435,18,14,252,"[9,8,4,3,7]","[1,1,-1,-1,1]","[29,3,10,18,6]","[[0,2,3,4],[0,1],[1,3],[1,4],[1,2]]",1,[8],[1],0,True
10,5,32,9,2,51243,5091244,509104436,21,11,231,"[9,8,4,3,7]","[1,1,-1,-1,1]","[29,3,10,18,6]","[[0,2,3,4],[0,1],[1,3],[1,4],[1,2]]",4,"[0,4,7,8]","[-1,-1,1,1]",0,True
10,5,32,9,3,51243,5091244,509104437,17,15,255,"[9,8,4,3,7]","[1,1,-1,-1,1]","[29,3,10,18,6]","[[0,2,3,4],[0,1],[1,3],[1,4],[1,2]]",1,[8],[1],0,True
10,5,32,9,4,51243,5091244,509104438,12,20,240,"[9,8,4,3,7]","[1,1,-1,-1,1]","[29,3,10,18,6]","[[0,2,3,4],[0,1],[1,3],[1,4],[1,2]]",4,"[2,7,8,9]","[-1,1,1,1]",0,True
10,5,32,9,5,51243,5091244,509104439,15,17,255,"[9,8,4,3,7]","[1,1,-1,-1,1]","[29,3,10,18,6]","[[0,2,3,4],[0,1],[1,3],[1,4],[1,2]]",5,"[0,3,5,8,9]","[-1,-1,1,1,1]",0,True
10,5,64,9,1,51243,5091244,509107635,32,32,1024,"[9,8,4,3,7]","[1,1,-1,-1,1]","[29,3,10,18,6]","[[0,2,3,4],[0,1],[1,3],[1,4],[1,2]]",6,"[2,4,6,7,8,9]","[1,-1,-1,1,1,1]",0,True
10,5,64,9,2,51243,5091244,509107636,35,29,1015,"[9,8,4,3,7]","[1,1,-1,-1,1]","[29,3,10,18,6]","[[0,2,3,4],[0,1],[1,3],[1,4],[1,2]]",5,"[1,3,4,7,8]","[1,-1,-1,1,1]",0,True
10,5,64,9,3,51243,5091244,509107637,33,31,1023,"[9,8,4,3,7]","[1,1,-1,-1,1]","[29,3,10,18,6]","[[0,2,3,4],[0,1],[1,3],[1,4],[1,2]]",5,"[3,4,7,8,9]","[-1,-1,1,1,1]",0,True
10,5,64,9,4,51243,5091244,509107638,32,32,1024,"[9,8,4,3,7]","[1,1,-1,-1,1]","[29,3,10,18,6]","[[0,2,3,4],[0,1],[1,3],[1,4],[1,2]]",5,"[0,1,3,8,9]","[1,-1,-1,1,1]",0,True
10,5,64,9,5,51243,5091244,509107639,35,29,1015,"[9,8,4,3,7]","[1,1,-1,-1,1]","[29,3,10,18,6]","[[0,2,3,4],[0,1],[1,3],[1,4],[1,2]]",6,"[1,4,5,7,8,9]","[1,-1,-1,1,1,1]",0,True
50,5,16,9,1,51243,5091284,509502835,7,9,63,"[31,43,32,39,5]","[1,1,-1,-1,1]","[29,3,10,18,6]","[[0,2,3,4],[0,1],[1,3],[1,4],[1,2]]",6,"[8,12,34,44,46,48]","[1,-1,1,1,-1,1]",0,True
50,5,16,9,2,51243,5091284,509502836,5,11,55,"[31,43,32,39,5]","[1,1,-1,-1,1]","[29,3,10,18,6]","[[0,2,3,4],[0,1],[1,3],[1,4],[1,2]]",3,"[21,29,43]","[-1,-1,1]",0,True
50,5,16,9,3,51243,5091284,509502837,12,4,48,"[31,43,32,39,5]","[1,1,-1,-1,1]","[29,3,10,18,6]","[[0,2,3,4],[0,1],[1,3],[1,4],[1,2]]",7,"[1,7,18,25,27,39,48]","[1,1,-1,1,-1,-1,1]",0,True
50,5,16,9,4,51243,5091284,509502838,8,8,64,"[31,43,32,39,5]","[1,1,-1,-1,1]","[29,3,10,18,6]","[[0,2,3,4],[0,1],[1,3],[1,4],[1,2]]",7,"[1,7,16,18,29,34,41]","[-1,-1,1,1,-1,1,1]",0,True
50,5,16,9,5,51243,5091284,509502839,5,11,55,"[31,43,32,39,5]","[1,1,-1,-1,1]","[29,3,10,18,6]","[[0,2,3,4],[0,1],[1,3],[1,4],[1,2]]",4,"[14,18,32,35]","[1,1,-1,-1]",0,True
50,5,32,9,1,51243,5091284,509504435,15,17,255,"[31,43,32,39,5]","[1,1,-1,-1,1]","[29,3,10,18,6]","[[0,2,3,4],[0,1],[1,3],[1,4],[1,2]]",9,"[5,17,19,22,23,33,41,46,47]","[1,1,1,-1,-1,1,-1,1,-1]",0,True
50,5,32,9,2,51243,5091284,509504436,17,15,255,"[31,43,32,39,5]","[1,1,-1,-1,1]","[29,3,10,18,6]","[[0,2,3,4],[0,1],[1,3],[1,4],[1,2]]",7,"[10,24,25,34,38,39,47]","[1,-1,-1,1,1,-1,1]",0,True
50,5,32,9,3,51243,5091284,509504437,18,14,252,"[31,43,32,39,5]","[1,1,-1,-1,1]","[29,3,10,18,6]","[[0,2,3,4],[0,1],[1,3],[1,4],[1,2]]",11,"[4,5,18,19,24,30,31,33,34,39,41]","[-1,-1,-1,-1,1,-1,1,-1,1,-1,1]",0,True
50,5,32,9,4,51243,5091284,509504438,16,16,256,"[31,43,32,39,5]","[1,1,-1,-1,1]","[29,3,10,18,6]","[[0,2,3,4],[0,1],[1,3],[1,4],[1,2]]",1,[43],[1],0,True
50,5,32,9,5,51243,5091284,509504439,17,15,255,"[31,43,32,39,5]","[1,1,-1,-1,1]","[29,3,10,18,6]","[[0,2,3,4],[0,1],[1,3],[1,4],[1,2]]",8,"[1,17,21,23,24,25,30,46]","[1,-1,1,1,-1,-1,-1,1]",0,True
50,5,64,9,1,51243,5091284,509507635,32,32,1024,"[31,43,32,39,5]","[1,1,-1,-1,1]","[29,3,10,18,6]","[[0,2,3,4],[0,1],[1,3],[1,4],[1,2]]",7,"[18,19,29,30,41,43,49]","[1,-1,1,1,1,1,1]",0,True
50,5,64,9,2,51243,5091284,509507636,33,31,1023,"[31,43,32,39,5]","[1,1,-1,-1,1]","[29,3,10,18,6]","[[0,2,3,4],[0,1],[1,3],[1,4],[1,2]]",6,"[8,22,25,29,35,43]","[1,-1,1,-1,1,1]",0,True
50,5,64,9,3,51243,5091284,509507637,33,31,1023,"[31,43,32,39,5]","[1,1,-1,-1,1]","[29,3,10,18,6]","[[0,2,3,4],[0,1],[1,3],[1,4],[1,2]]",6,"[2,27,37,40,43,44]","[1,-1,-1,-1,1,1]",0,True
50,5,64,9,4,51243,5091284,509507638,39,25,975,"[31,43,32,39,5]","[1,1,-1,-1,1]","[29,3,10,18,6]","[[0,2,3,4],[0,1],[1,3],[1,4],[1,2]]",6,"[0,13,33,39,42,43]","[-1,1,-1,-1,1,1]",0,True
50,5,64,9,5,51243,5091284,509507639,35,29,1015,"[31,43,32,39,5]","[1,1,-1,-1,1]","[29,3,10,18,6]","[[0,2,3,4],[0,1],[1,3],[1,4],[1,2]]",15,"[3,5,17,18,19,23,25,26,27,30,31,38,40,45,47]","[1,1,-1,-1,-1,-1,1,-1,-1,1,1,1,-1,1,-1]",0,True
100,5,16,9,1,51243,5091334,510002835,9,7,63,"[32,26,90,52,33]","[1,1,-1,-1,1]","[29,3,10,18,6]","[[0,2,3,4],[0,1],[1,3],[1,4],[1,2]]",5,"[11,12,29,42,72]","[1,-1,-1,1,-1]",0,True
100,5,16,9,2,51243,5091334,510002836,5,11,55,"[32,26,90,52,33]","[1,1,-1,-1,1]","[29,3,10,18,6]","[[0,2,3,4],[0,1],[1,3],[1,4],[1,2]]",5,"[1,51,53,81,95]","[-1,1,1,1,1]",0,True
100,5,16,9,3,51243,5091334,510002837,11,5,55,"[32,26,90,52,33]","[1,1,-1,-1,1]","[29,3,10,18,6]","[[0,2,3,4],[0,1],[1,3],[1,4],[1,2]]",5,"[23,26,71,79,88]","[-1,1,-1,-1,-1]",0,True
100,5,16,9,4,51243,5091334,510002838,11,5,55,"[32,26,90,52,33]","[1,1,-1,-1,1]","[29,3,10,18,6]","[[0,2,3,4],[0,1],[1,3],[1,4],[1,2]]",7,"[18,43,49,68,72,75,79]","[-1,-1,-1,1,1,1,-1]",0,True
100,5,16,9,5,51243,5091334,510002839,9,7,63,"[32,26,90,52,33]","[1,1,-1,-1,1]","[29,3,10,18,6]","[[0,2,3,4],[0,1],[1,3],[1,4],[1,2]]",7,"[16,27,37,43,51,86,97]","[1,1,1,1,-1,1,1]",0,True
100,5,32,9,1,51243,5091334,510004435,12,20,240,"[32,26,90,52,33]","[1,1,-1,-1,1]","[29,3,10,18,6]","[[0,2,3,4],[0,1],[1,3],[1,4],[1,2]]",9,"[0,3,15,19,30,36,40,55,59]","[1,1,-1,1,-1,-1,1,-1,-1]",0,True
100,5,32,9,2,51243,5091334,510004436,19,13,247,"[32,26,90,52,33]","[1,1,-1,-1,1]","[29,3,10,18,6]","[[0,2,3,4],[0,1],[1,3],[1,4],[1,2]]",3,"[26,41,46]","[1,1,-1]",0,True
100,5,32,9,3,51243,5091334,510004437,14,18,252,"[32,26,90,52,33]","[1,1,-1,-1,1]","[29,3,10,18,6]","[[0,2,3,4],[0,1],[1,3],[1,4],[1,2]]",8,"[9,36,37,47,51,58,77,85]","[1,-1,-1,1,-1,1,1,-1]",0,True
100,5,32,9,4,51243,5091334,510004438,16,16,256,"[32,26,90,52,33]","[1,1,-1,-1,1]","[29,3,10,18,6]","[[0,2,3,4],[0,1],[1,3],[1,4],[1,2]]",8,"[0,24,26,38,59,76,84,92]","[1,-1,1,1,1,-1,-1,1]",0,True
100,5,32,9,5,51243,5091334,510004439,17,15,255,"[32,26,90,52,33]","[1,1,-1,-1,1]","[29,3,10,18,6]","[[0,2,3,4],[0,1],[1,3],[1,4],[1,2]]",9,"[9,19,30,31,36,50,58,76,92]","[1,-1,1,1,1,1,1,1,1]",0,True
100,5,64,9,1,51243,5091334,510007635,40,24,960,"[32,26,90,52,33]","[1,1,-1,-1,1]","[29,3,10,18,6]","[[0,2,3,4],[0,1],[1,3],[1,4],[1,2]]",14,"[2,3,5,12,13,27,42,49,59,62,69,84,87,99]","[-1,1,1,1,1,-1,1,-1,1,-1,-1,1,-1,-1]",0,True
100,5,64,9,2,51243,5091334,510007636,28,36,1008,"[32,26,90,52,33]","[1,1,-1,-1,1]","[29,3,10,18,6]","[[0,2,3,4],[0,1],[1,3],[1,4],[1,2]]",10,"[7,15,26,36,50,53,55,61,62,98]","[-1,-1,1,1,1,1,1,-1,1,-1]",0,True
100,5,64,9,3,51243,5091334,510007637,32,32,1024,"[32,26,90,52,33]","[1,1,-1,-1,1]","[29,3,10,18,6]","[[0,2,3,4],[0,1],[1,3],[1,4],[1,2]]",5,"[12,19,21,26,51]","[1,1,1,1,-1]",0,True
100,5,64,9,4,51243,5091334,510007638,33,31,1023,"[32,26,90,52,33]","[1,1,-1,-1,1]","[29,3,10,18,6]","[[0,2,3,4],[0,1],[1,3],[1,4],[1,2]]",13,"[5,6,23,30,31,39,42,55,58,72,81,87,92]","[1,1,-1,-1,-1,1,-1,-1,1,-1,1,-1,-1]",0,True
100,5,64,9,5,51243,5091334,510007639,34,30,1020,"[32,26,90,52,33]","[1,1,-1,-1,1]","[29,3,10,18,6]","[[0,2,3,4],[0,1],[1,3],[1,4],[1,2]]",12,"[3,8,24,32,34,36,45,57,71,75,80,84]","[-1,-1,1,1,-1,-1,-1,-1,-1,-1,-1,1]",0,True
10,5,16,10,1,51244,5101244,510102835,12,4,48,"[0,5,4,7,2]","[1,-1,-1,1,-1]","[24,23,11,12]","[[3,4],[0,1,2,4],[0,1,3],[2,3]]",3,"[1,5,7]","[1,-1,1]",0,True
10,5,16,10,2,51244,5101244,510102836,9,7,63,"[0,5,4,7,2]","[1,-1,-1,1,-1]","[24,23,11,12]","[[3,4],[0,1,2,4],[0,1,3],[2,3]]",1,[7],[1],0,True
10,5,16,10,3,51244,5101244,510102837,9,7,63,"[0,5,4,7,2]","[1,-1,-1,1,-1]","[24,23,11,12]","[[3,4],[0,1,2,4],[0,1,3],[2,3]]",5,"[0,2,3,6,7]","[-1,-1,-1,-1,1]",0,True
10,5,16,10,4,51244,5101244,510102838,11,5,55,"[0,5,4,7,2]","[1,-1,-1,1,-1]","[24,23,11,12]","[[3,4],[0,1,2,4],[0,1,3],[2,3]]",3,"[2,4,7]","[-1,-1,1]",0,True
10,5,16,10,5,51244,5101244,510102839,7,9,63,"[0,5,4,7,2]","[1,-1,-1,1,-1]","[24,23,11,12]","[[3,4],[0,1,2,4],[0,1,3],[2,3]]",3,"[2,6,7]","[-1,-1,1]",0,True
10,5,32,10,1,51244,5101244,510104435,17,15,255,"[0,5,4,7,2]","[1,-1,-1,1,-1]","[24,23,11,12]","[[3,4],[0,1,2,4],[0,1,3],[2,3]]",5,"[0,2,4,5,7]","[1,-1,-1,-1,1]",0,True
10,5,32,10,2,51244,5101244,510104436,17,15,255,"[0,5,4,7,2]","[1,-1,-1,1,-1]","[24,23,11,12]","[[3,4],[0,1,2,4],[0,1,3],[2,3]]",4,"[2,4,5,7]","[-1,-1,-1,1]",0,True
10,5,32,10,3,51244,5101244,510104437,19,13,247,"[0,5,4,7,2]","[1,-1,-1,1,-1]","[24,23,11,12]","[[3,4],[0,1,2,4],[0,1,3],[2,3]]",6,"[1,2,4,6,7,9]","[-1,-1,-1,-1,1,1]",0,True
10,5,32,10,4,51244,5101244,510104438,23,9,207,"[0,5,4,7,2]","[1,-1,-1,1,-1]","[24,23,11,12]","[[3,4],[0,1,2,4],[0,1,3],[2,3]]",7,"[0,3,4,6,7,8,9]","[1,1,-1,1,1,-1,1]",0,True
10,5,32,10,5,51244,5101244,510104439,14,18,252,"[0,5,4,7,2]","[1,-1,-1,1,-1]","[24,23,11,12]","[[3,4],[0,1,2,4],[0,1,3],[2,3]]",5,"[0,2,4,7,9]","[1,-1,-1,1,1]",0,True
10,5,64,10,1,51244,5101244,510107635,36,28,1008,"[0,5,4,7,2]","[1,-1,-1,1,-1]","[24,23,11,12]","[[3,4],[0,1,2,4],[0,1,3],[2,3]]",5,"[0,2,4,5,7]","[1,-1,-1,-1,1]",0,True
10,5,64,10,2,51244,5101244,510107636,38,26,988,"[0,5,4,7,2]","[1,-1,-1,1,-1]","[24,23,11,12]","[[3,4],[0,1,2,4],[0,1,3],[2,3]]",5,"[0,2,4,5,7]","[1,-1,-1,-1,1]",0,True
10,5,64,10,3,51244,5101244,510107637,34,30,1020,"[0,5,4,7,2]","[1,-1,-1,1,-1]","[24,23,11,12]","[[3,4],[0,1,2,4],[0,1,3],[2,3]]",5,"[0,2,3,4,7]","[1,-1,-1,-1,1]",0,True
10,5,64,10,4,51244,5101244,510107638,38,26,988,"[0,5,4,7,2]","[1,-1,-1,1,-1]","[24,23,11,12]","[[3,4],[0,1,2,4],[0,1,3],[2,3]]",5,"[2,4,5,6,7]","[-1,-1,-1,-1,1]",0,True
10,5,64,10,5,51244,5101244,510107639,38,26,988,"[0,5,4,7,2]","[1,-1,-1,1,-1]","[24,23,11,12]","[[3,4],[0,1,2,4],[0,1,3],[2,3]]",6,"[2,4,5,7,8,9]","[-1,-1,-1,1,-1,-1]",0,True
50,5,16,10,1,51244,5101284,510502835,8,8,64,"[30,33,15,1,47]","[1,-1,-1,1,-1]","[24,23,11,12]","[[3,4],[0,1,2,4],[0,1,3],[2,3]]",3,"[1,15,33]","[1,-1,-1]",0,True
50,5,16,10,2,51244,5101284,510502836,10,6,60,"[30,33,15,1,47]","[1,-1,-1,1,-1]","[24,23,11,12]","[[3,4],[0,1,2,4],[0,1,3],[2,3]]",5,"[2,15,33,35,49]","[-1,-1,-1,1,-1]",0,True
50,5,16,10,3,51244,5101284,510502837,8,8,64,"[30,33,15,1,47]","[1,-1,-1,1,-1]","[24,23,11,12]","[[3,4],[0,1,2,4],[0,1,3],[2,3]]",4,"[1,18,34,36]","[1,-1,1,1]",0,True
50,5,16,10,4,51244,5101284,510502838,12,4,48,"[30,33,15,1,47]","[1,-1,-1,1,-1]","[24,23,11,12]","[[3,4],[0,1,2,4],[0,1,3],[2,3]]",3,"[11,19,33]","[-1,-1,-1]",0,True
50,5,16,10,5,51244,5101284,510502839,9,7,63,"[30,33,15,1,47]","[1,-1,-1,1,-1]","[24,23,11,12]","[[3,4],[0,1,2,4],[0,1,3],[2,3]]",3,"[12,18,49]","[-1,-1,-1]",0,True
50,5,32,10,1,51244,5101284,510504435,20,12,240,"[30,33,15,1,47]","[1,-1,-1,1,-1]","[24,23,11,12]","[[3,4],[0,1,2,4],[0,1,3],[2,3]]",9,"[7,23,29,31,34,45,47,48,49]","[1,1,-1,-1,-1,1,-1,1,-1]",0,True
50,5,32,10,2,51244,5101284,510504436,19,13,247,"[30,33,15,1,47]","[1,-1,-1,1,-1]","[24,23,11,12]","[[3,4],[0,1,2,4],[0,1,3],[2,3]]",9,"[8,9,18,32,35,37,41,48,49]","[1,1,-1,-1,-1,-1,1,-1,-1]",0,True
50,5,32,10,3,51244,5101284,510504437,16,16,256,"[30,33,15,1,47]","[1,-1,-1,1,-1]","[24,23,11,12]","[[3,4],[0,1,2,4],[0,1,3],[2,3]]",6,"[1,10,31,36,46,47]","[1,1,1,1,1,-1]",0,True
50,5,32,10,4,51244,5101284,510504438,18,14,252,"[30,33,15,1,47]","[1,-1,-1,1,-1]","[24,23,11,12]","[[3,4],[0,1,2,4],[0,1,3],[2,3]]",8,"[7,11,16,18,23,25,29,44]","[1,1,-1,1,-1,-1,1,1]",0,True
50,5,32,10,5,51244,5101284,510504439,19,13,247,"[30,33,15,1,47]","[1,-1,-1,1,-1]","[24,23,11,12]","[[3,4],[0,1,2,4],[0,1,3],[2,3]]",6,"[1,9,15,38,41,49]","[1,-1,-1,-1,1,-1]",0,True
50,5,64,10,1,51244,5101284,510507635,34,30,1020,"[30,33,15,1,47]","[1,-1,-1,1,-1]","[24,23,11,12]","[[3,4],[0,1,2,4],[0,1,3],[2,3]]",9,"[1,5,21,27,35,38,42,43,49]","[1,1,1,-1,-1,1,1,-1,1]",0,True
50,5,64,10,2,51244,5101284,510507636,42,22,924,"[30,33,15,1,47]","[1,-1,-1,1,-1]","[24,23,11,12]","[[3,4],[0,1,2,4],[0,1,3],[2,3]]",9,"[1,14,15,16,24,25,34,39,45]","[1,1,-1,-1,1,1,-1,-1,1]",0,True
50,5,64,10,3,51244,5101284,510507637,40,24,960,"[30,33,15,1,47]","[1,-1,-1,1,-1]","[24,23,11,12]","[[3,4],[0,1,2,4],[0,1,3],[2,3]]",9,"[1,8,10,15,17,23,25,27,30]","[1,1,1,-1,1,1,-1,-1,1]",0,True
50,5,64,10,4,51244,5101284,510507638,33,31,1023,"[30,33,15,1,47]","[1,-1,-1,1,-1]","[24,23,11,12]","[[3,4],[0,1,2,4],[0,1,3],[2,3]]",9,"[1,4,11,13,16,22,39,40,46]","[1,-1,1,1,-1,-1,1,-1,-1]",0,True
50,5,64,10,5,51244,5101284,510507639,31,33,1023,"[30,33,15,1,47]","[1,-1,-1,1,-1]","[24,23,11,12]","[[3,4],[0,1,2,4],[0,1,3],[2,3]]",9,"[1,24,26,27,37,41,43,46,47]","[1,1,1,-1,-1,1,-1,-1,-1]",0,True
100,5,16,10,1,51244,5101334,511002835,9,7,63,"[20,80,68,17,10]","[1,-1,-1,1,-1]","[24,23,11,12]","[[3,4],[0,1,2,4],[0,1,3],[2,3]]",6,"[25,28,45,54,60,96]","[-1,1,1,-1,-1,1]",0,True
100,5,16,10,2,51244,5101334,511002836,8,8,64,"[20,80,68,17,10]","[1,-1,-1,1,-1]","[24,23,11,12]","[[3,4],[0,1,2,4],[0,1,3],[2,3]]",3,"[63,85,90]","[-1,1,1]",0,True
100,5,16,10,3,51244,5101334,511002837,12,4,48,"[20,80,68,17,10]","[1,-1,-1,1,-1]","[24,23,11,12]","[[3,4],[0,1,2,4],[0,1,3],[2,3]]",5,"[11,15,18,19,20]","[-1,1,1,-1,1]",0,True
100,5,16,10,4,51244,5101334,511002838,11,5,55,"[20,80,68,17,10]","[1,-1,-1,1,-1]","[24,23,11,12]","[[3,4],[0,1,2,4],[0,1,3],[2,3]]",6,"[17,39,59,75,82,99]","[1,-1,1,1,-1,1]",0,True
100,5,16,10,5,51244,5101334,511002839,9,7,63,"[20,80,68,17,10]","[1,-1,-1,1,-1]","[24,23,11,12]","[[3,4],[0,1,2,4],[0,1,3],[2,3]]",6,"[13,21,41,55,71,85]","[1,1,-1,1,-1,-1]",0,True
100,5,32,10,1,51244,5101334,511004435,26,6,156,"[20,80,68,17,10]","[1,-1,-1,1,-1]","[24,23,11,12]","[[3,4],[0,1,2,4],[0,1,3],[2,3]]",7,"[6,40,41,53,55,60,82]","[-1,1,-1,1,-1,-1,-1]",0,True
100,5,32,10,2,51244,5101334,511004436,14,18,252,"[20,80,68,17,10]","[1,-1,-1,1,-1]","[24,23,11,12]","[[3,4],[0,1,2,4],[0,1,3],[2,3]]",9,"[2,10,23,33,34,71,72,84,93]","[-1,-1,-1,1,-1,-1,1,-1,-1]",0,True
100,5,32,10,3,51244,5101334,511004437,21,11,231,"[20,80,68,17,10]","[1,-1,-1,1,-1]","[24,23,11,12]","[[3,4],[0,1,2,4],[0,1,3],[2,3]]",8,"[5,6,12,25,29,44,75,79]","[1,1,1,1,-1,-1,1,-1]",0,True
100,5,32,10,4,51244,5101334,511004438,17,15,255,"[20,80,68,17,10]","[1,-1,-1,1,-1]","[24,23,11,12]","[[3,4],[0,1,2,4],[0,1,3],[2,3]]",8,"[35,53,58,72,73,78,89,99]","[1,-1,-1,-1,-1,-1,1,1]",0,True
100,5,32,10,5,51244,5101334,511004439,18,14,252,"[20,80,68,17,10]","[1,-1,-1,1,-1]","[24,23,11,12]","[[3,4],[0,1,2,4],[0,1,3],[2,3]]",12,"[12,26,31,40,52,53,56,59,64,78,88,93]","[1,-1,1,1,1,1,1,1,1,1,1,1]",0,True
100,5,64,10,1,51244,5101334,511007635,31,33,1023,"[20,80,68,17,10]","[1,-1,-1,1,-1]","[24,23,11,12]","[[3,4],[0,1,2,4],[0,1,3],[2,3]]",13,"[7,8,23,27,50,61,68,79,84,85,88,92,94]","[1,1,-1,-1,-1,-1,-1,-1,1,1,-1,-1,-1]",0,True
100,5,64,10,2,51244,5101334,511007636,36,28,1008,"[20,80,68,17,10]","[1,-1,-1,1,-1]","[24,23,11,12]","[[3,4],[0,1,2,4],[0,1,3],[2,3]]",11,"[5,17,24,36,37,40,46,57,64,75,79]","[1,1,1,-1,1,-1,1,1,1,-1,-1]",0,True
100,5,64,10,3,51244,5101334,511007637,35,29,1015,"[20,80,68,17,10]","[1,-1,-1,1,-1]","[24,23,11,12]","[[3,4],[0,1,2,4],[0,1,3],[2,3]]",10,"[2,17,24,37,38,40,59,80,84,93]","[1,1,-1,-1,-1,1,1,-1,1,-1]",0,True
100,5,64,10,4,51244,5101334,511007638,35,29,1015,"[20,80,68,17,10]","[1,-1,-1,1,-1]","[24,23,11,12]","[[3,4],[0,1,2,4],[0,1,3],[2,3]]",13,"[14,23,33,37,41,43,45,59,62,63,65,73,84]","[-1,1,1,-1,-1,1,1,-1,1,-1,-1,1,-1]",0,True
100,5,64,10,5,51244,5101334,511007639,40,24,960,"[20,80,68,17,10]","[1,-1,-1,1,-1]","[24,23,11,12]","[[3,4],[0,1,2,4],[0,1,3],[2,3]]",9,"[17,22,38,43,46,51,65,86,93]","[1,1,1,1,1,-1,-1,-1,1]",0,True
10,5,16,11,1,51245,5111244,511102835,10,6,60,"[0,5,6,2,7]","[1,1,1,-1,-1]","[25,10,21]","[[0,3,4],[1,3],[0,2,4]]",4,"[0,1,6,9]","[1,-1,1,-1]",0,True
10,5,16,11,2,51245,5111244,511102836,10,6,60,"[0,5,6,2,7]","[1,1,1,-1,-1]","[25,10,21]","[[0,3,4],[1,3],[0,2,4]]",5,"[0,3,5,7,8]","[1,1,1,-1,-1]",0,True
10,5,16,11,3,51245,5111244,511102837,12,4,48,"[0,5,6,2,7]","[1,1,1,-1,-1]","[25,10,21]","[[0,3,4],[1,3],[0,2,4]]",3,"[4,5,8]","[1,1,1]",0,True
10,5,16,11,4,51245,5111244,511102838,10,6,60,"[0,5,6,2,7]","[1,1,1,-1,-1]","[25,10,21]","[[0,3,4],[1,3],[0,2,4]]",6,"[0,1,2,5,8,9]","[1,1,-1,1,-1,-1]",0,True
10,5,16,11,5,51245,5111244,511102839,14,2,28,"[0,5,6,2,7]","[1,1,1,-1,-1]","[25,10,21]","[[0,3,4],[1,3],[0,2,4]]",2,"[4,5]","[1,1]",0,True
10,5,32,11,1,51245,5111244,511104435,17,15,255,"[0,5,6,2,7]","[1,1,1,-1,-1]","[25,10,21]","[[0,3,4],[1,3],[0,2,4]]",5,"[0,2,5,6,7]","[1,-1,1,1,-1]",0,True
10,5,32,11,2,51245,5111244,511104436,17,15,255,"[0,5,6,2,7]","[1,1,1,-1,-1]","[25,10,21]","[[0,3,4],[1,3],[0,2,4]]",5,"[0,1,2,5,7]","[1,-1,-1,1,-1]",0,True
10,5,32,11,3,51245,5111244,511104437,19,13,247,"[0,5,6,2,7]","[1,1,1,-1,-1]","[25,10,21]","[[0,3,4],[1,3],[0,2,4]]",6,"[2,3,5,6,7,9]","[-1,1,1,1,-1,-1]",0,True
10,5,32,11,4,51245,5111244,511104438,18,14,252,"[0,5,6,2,7]","[1,1,1,-1,-1]","[25,10,21]","[[0,3,4],[1,3],[0,2,4]]",6,"[0,1,2,5,7,9]","[1,-1,-1,1,-1,-1]",0,True
10,5,32,11,5,51245,5111244,511104439,23,9,207,"[0,5,6,2,7]","[1,1,1,-1,-1]","[25,10,21]","[[0,3,4],[1,3],[0,2,4]]",5,"[0,1,4,5,7]","[-1,1,-1,1,-1]",0,True
10,5,64,11,1,51245,5111244,511107635,46,18,828,"[0,5,6,2,7]","[1,1,1,-1,-1]","[25,10,21]","[[0,3,4],[1,3],[0,2,4]]",5,"[0,2,4,5,7]","[1,-1,1,1,-1]",0,True
10,5,64,11,2,51245,5111244,511107636,41,23,943,"[0,5,6,2,7]","[1,1,1,-1,-1]","[25,10,21]","[[0,3,4],[1,3],[0,2,4]]",5,"[0,2,5,6,7]","[1,-1,1,1,-1]",0,True
10,5,64,11,3,51245,5111244,511107637,40,24,960,"[0,5,6,2,7]","[1,1,1,-1,-1]","[25,10,21]","[[0,3,4],[1,3],[0,2,4]]",5,"[0,2,5,6,7]","[1,-1,1,1,-1]",0,True
10,5,64,11,4,51245,5111244,511107638,43,21,903,"[0,5,6,2,7]","[1,1,1,-1,-1]","[25,10,21]","[[0,3,4],[1,3],[0,2,4]]",8,"[0,1,2,4,5,7,8,9]","[1,-1,-1,-1,1,-1,-1,-1]",0,True
10,5,64,11,5,51245,5111244,511107639,37,27,999,"[0,5,6,2,7]","[1,1,1,-1,-1]","[25,10,21]","[[0,3,4],[1,3],[0,2,4]]",5,"[0,2,5,6,7]","[1,-1,1,1,-1]",0,True
50,5,16,11,1,51245,5111284,511502835,9,7,63,"[35,12,6,43,11]","[1,1,1,-1,-1]","[25,10,21]","[[0,3,4],[1,3],[0,2,4]]",6,"[14,15,20,25,40,46]","[-1,-1,-1,1,1,1]",0,True
50,5,16,11,2,51245,5111284,511502836,11,5,55,"[35,12,6,43,11]","[1,1,1,-1,-1]","[25,10,21]","[[0,3,4],[1,3],[0,2,4]]",3,"[11,16,27]","[-1,1,1]",0,True
50,5,16,11,3,51245,5111284,511502837,9,7,63,"[35,12,6,43,11]","[1,1,1,-1,-1]","[25,10,21]","[[0,3,4],[1,3],[0,2,4]]",5,"[5,20,26,27,41]","[1,1,-1,1,-1]",0,True
50,5,16,11,4,51245,5111284,511502838,11,5,55,"[35,12,6,43,11]","[1,1,1,-1,-1]","[25,10,21]","[[0,3,4],[1,3],[0,2,4]]",4,"[11,12,43,44]","[-1,1,-1,1]",0,True
50,5,16,11,5,51245,5111284,511502839,7,9,63,"[35,12,6,43,11]","[1,1,1,-1,-1]","[25,10,21]","[[0,3,4],[1,3],[0,2,4]]",4,"[14,27,34,49]","[1,-1,1,1]",0,True
50,5,32,11,1,51245,5111284,511504435,22,10,220,"[35,12,6,43,11]","[1,1,1,-1,-1]","[25,10,21]","[[0,3,4],[1,3],[0,2,4]]",7,"[5,10,12,26,31,35,43]","[-1,-1,1,1,1,1,-1]",0,True
50,5,32,11,2,51245,5111284,511504436,17,15,255,"[35,12,6,43,11]","[1,1,1,-1,-1]","[25,10,21]","[[0,3,4],[1,3],[0,2,4]]",10,"[3,4,10,11,14,24,28,40,45,48]","[-1,-1,-1,-1,-1,1,-1,1,-1,1]",0,True
50,5,32,11,3,51245,5111284,511504437,22,10,220,"[35,12,6,43,11]","[1,1,1,-1,-1]","[25,10,21]","[[0,3,4],[1,3],[0,2,4]]",7,"[4,6,11,42,43,48,49]","[1,1,-1,-1,-1,1,-1]",0,True
50,5,32,11,4,51245,5111284,511504438,15,17,255,"[35,12,6,43,11]","[1,1,1,-1,-1]","[25,10,21]","[[0,3,4],[1,3],[0,2,4]]",8,"[12,16,18,26,31,38,39,41]","[1,-1,1,1,-1,1,1,-1]",0,True
50,5,32,11,5,51245,5111284,511504439,23,9,207,"[35,12,6,43,11]","[1,1,1,-1,-1]","[25,10,21]","[[0,3,4],[1,3],[0,2,4]]",7,"[4,5,14,30,31,35,38]","[1,-1,-1,-1,-1,1,1]",0,True
50,5,64,11,1,51245,5111284,511507635,36,28,1008,"[35,12,6,43,11]","[1,1,1,-1,-1]","[25,10,21]","[[0,3,4],[1,3],[0,2,4]]",7,"[4,6,11,12,17,23,43]","[1,1,-1,1,-1,1,-1]",0,True
50,5,64,11,2,51245,5111284,511507636,39,25,975,"[35,12,6,43,11]","[1,1,1,-1,-1]","[25,10,21]","[[0,3,4],[1,3],[0,2,4]]",11,"[0,6,10,12,22,28,29,33,35,41,47]","[1,1,1,1,1,-1,-1,-1,1,-1,1]",0,True
50,5,64,11,3,51245,5111284,511507637,43,21,903,"[35,12,6,43,11]","[1,1,1,-1,-1]","[25,10,21]","[[0,3,4],[1,3],[0,2,4]]",11,"[2,8,9,13,18,19,26,33,35,37,38]","[1,-1,-1,-1,1,-1,-1,-1,1,-1,-1]",0,True
50,5,64,11,4,51245,5111284,511507638,40,24,960,"[35,12,6,43,11]","[1,1,1,-1,-1]","[25,10,21]","[[0,3,4],[1,3],[0,2,4]]",12,"[3,10,12,15,18,21,22,23,32,34,40,47]","[-1,1,1,1,-1,1,1,1,1,1,1,1]",0,True
50,5,64,11,5,51245,5111284,511507639,39,25,975,"[35,12,6,43,11]","[1,1,1,-1,-1]","[25,10,21]","[[0,3,4],[1,3],[0,2,4]]",12,"[5,6,14,15,16,18,23,29,30,35,45,46]","[1,1,1,-1,1,-1,-1,1,-1,1,1,1]",0,True
100,5,16,11,1,51245,5111334,512002835,11,5,55,"[59,86,82,88,75]","[1,1,1,-1,-1]","[25,10,21]","[[0,3,4],[1,3],[0,2,4]]",4,"[25,31,57,58]","[1,-1,-1,1]",0,True
100,5,16,11,2,51245,5111334,512002836,9,7,63,"[59,86,82,88,75]","[1,1,1,-1,-1]","[25,10,21]","[[0,3,4],[1,3],[0,2,4]]",6,"[17,49,57,61,68,70]","[-1,1,-1,-1,1,-1]",0,True
100,5,16,11,3,51245,5111334,512002837,10,6,60,"[59,86,82,88,75]","[1,1,1,-1,-1]","[25,10,21]","[[0,3,4],[1,3],[0,2,4]]",4,"[2,17,48,95]","[1,-1,1,-1]",0,True
100,5,16,11,4,51245,5111334,512002838,12,4,48,"[59,86,82,88,75]","[1,1,1,-1,-1]","[25,10,21]","[[0,3,4],[1,3],[0,2,4]]",6,"[13,15,40,66,76,89]","[1,-1,1,-1,-1,1]",0,True
100,5,16,11,5,51245,5111334,512002839,13,3,39,"[59,86,82,88,75]","[1,1,1,-1,-1]","[25,10,21]","[[0,3,4],[1,3],[0,2,4]]",4,"[11,15,23,29]","[1,1,-1,-1]",0,True
100,5,32,11,1,51245,5111334,512004435,19,13,247,"[59,86,82,88,75]","[1,1,1,-1,-1]","[25,10,21]","[[0,3,4],[1,3],[0,2,4]]",7,"[28,47,57,66,83,86,88]","[1,-1,1,1,1,1,-1]",0,True
100,5,32,11,2,51245,5111334,512004436,23,9,207,"[59,86,82,88,75]","[1,1,1,-1,-1]","[25,10,21]","[[0,3,4],[1,3],[0,2,4]]",9,"[6,9,20,21,32,40,82,97,99]","[1,1,-1,1,-1,-1,1,1,-1]",0,True
100,5,32,11,3,51245,5111334,512004437,25,7,175,"[59,86,82,88,75]","[1,1,1,-1,-1]","[25,10,21]","[[0,3,4],[1,3],[0,2,4]]",9,"[4,30,46,64,65,87,90,95,99]","[-1,-1,-1,1,1,-1,-1,-1,-1]",0,True
100,5,32,11,4,51245,5111334,512004438,19,13,247,"[59,86,82,88,75]","[1,1,1,-1,-1]","[25,10,21]","[[0,3,4],[1,3],[0,2,4]]",10,"[0,6,8,14,26,39,43,64,85,96]","[1,-1,-1,-1,-1,-1,-1,1,-1,1]",0,True
100,5,32,11,5,51245,5111334,512004439,21,11,231,"[59,86,82,88,75]","[1,1,1,-1,-1]","[25,10,21]","[[0,3,4],[1,3],[0,2,4]]",8,"[16,31,39,44,51,65,67,79]","[-1,-1,1,1,-1,-1,1,-1]",0,True
100,5,64,11,1,51245,5111334,512007635,45,19,855,"[59,86,82,88,75]","[1,1,1,-1,-1]","[25,10,21]","[[0,3,4],[1,3],[0,2,4]]",11,"[7,11,14,24,59,70,72,84,86,89,94]","[1,-1,-1,-1,1,1,-1,-1,1,-1,-1]",0,True
100,5,64,11,2,51245,5111334,512007636,43,21,903,"[59,86,82,88,75]","[1,1,1,-1,-1]","[25,10,21]","[[0,3,4],[1,3],[0,2,4]]",11,"[28,31,47,49,82,92,94,95,97,98,99]","[1,-1,-1,-1,1,-1,-1,-1,1,-1,1]",0,True
100,5,64,11,3,51245,5111334,512007637,37,27,999,"[59,86,82,88,75]","[1,1,1,-1,-1]","[25,10,21]","[[0,3,4],[1,3],[0,2,4]]",13,"[0,4,16,26,28,33,37,41,43,60,61,75,89]","[1,-1,-1,-1,-1,-1,1,1,1,1,1,-1,-1]",0,True
100,5,64,11,4,51245,5111334,512007638,46,18,828,"[59,86,82,88,75]","[1,1,1,-1,-1]","[25,10,21]","[[0,3,4],[1,3],[0,2,4]]",11,"[10,15,23,53,69,70,75,85,86,90,96]","[1,1,1,1,1,-1,-1,1,1,1,-1]",0,True
100,5,64,11,5,51245,5111334,512007639,37,27,999,"[59,86,82,88,75]","[1,1,1,-1,-1]","[25,10,21]","[[0,3,4],[1,3],[0,2,4]]",15,"[5,7,20,24,25,37,38,43,48,53,74,76,77,80,84]","[1,-1,1,-1,1,1,-1,1,1,-1,-1,1,1,1,-1]",0,True
10,5,16,12,1,51246,5121244,512102835,7,9,63,"[1,6,8,3,0]","[1,-1,1,-1,1]","[3,10,6,20,17]","[[0,1],[1,3],[1,2],[2,4],[0,4]]",4,"[0,1,2,8]","[1,1,1,1]",0,True
10,5,16,12,2,51246,5121244,512102836,4,12,48,"[1,6,8,3,0]","[1,-1,1,-1,1]","[3,10,6,20,17]","[[0,1],[1,3],[1,2],[2,4],[0,4]]",3,"[1,4,6]","[1,-1,-1]",0,True
10,5,16,12,3,51246,5121244,512102837,5,11,55,"[1,6,8,3,0]","[1,-1,1,-1,1]","[3,10,6,20,17]","[[0,1],[1,3],[1,2],[2,4],[0,4]]",4,"[0,1,3,6]","[1,1,1,-1]",0,True
10,5,16,12,4,51246,5121244,512102838,8,8,64,"[1,6,8,3,0]","[1,-1,1,-1,1]","[3,10,6,20,17]","[[0,1],[1,3],[1,2],[2,4],[0,4]]",5,"[0,2,3,4,9]","[1,1,1,1,-1]",0,True
10,5,16,12,5,51246,5121244,512102839,9,7,63,"[1,6,8,3,0]","[1,-1,1,-1,1]","[3,10,6,20,17]","[[0,1],[1,3],[1,2],[2,4],[0,4]]",3,"[0,7,8]","[1,1,1]",0,True
10,5,32,12,1,51246,5121244,512104435,11,21,231,"[1,6,8,3,0]","[1,-1,1,-1,1]","[3,10,6,20,17]","[[0,1],[1,3],[1,2],[2,4],[0,4]]",4,"[0,1,6,8]","[1,1,-1,1]",0,True
10,5,32,12,2,51246,5121244,512104436,6,26,156,"[1,6,8,3,0]","[1,-1,1,-1,1]","[3,10,6,20,17]","[[0,1],[1,3],[1,2],[2,4],[0,4]]",6,"[0,1,2,4,6,7]","[1,1,1,-1,-1,-1]",0,True
10,5,32,12,3,51246,5121244,512104437,9,23,207,"[1,6,8,3,0]","[1,-1,1,-1,1]","[3,10,6,20,17]","[[0,1],[1,3],[1,2],[2,4],[0,4]]",5,"[0,1,3,6,8]","[1,1,-1,-1,1]",0,True
10,5,32,12,4,51246,5121244,512104438,12,20,240,"[1,6,8,3,0]","[1,-1,1,-1,1]","[3,10,6,20,17]","[[0,1],[1,3],[1,2],[2,4],[0,4]]",5,"[0,1,3,5,6]","[1,1,-1,1,-1]",0,True
10,5,32,12,5,51246,5121244,512104439,10,22,220,"[1,6,8,3,0]","[1,-1,1,-1,1]","[3,10,6,20,17]","[[0,1],[1,3],[1,2],[2,4],[0,4]]",4,"[1,3,6,8]","[1,-1,-1,1]",0,True
10,5,64,12,1,51246,5121244,512107635,27,37,999,"[1,6,8,3,0]","[1,-1,1,-1,1]","[3,10,6,20,17]","[[0,1],[1,3],[1,2],[2,4],[0,4]]",5,"[0,1,3,6,8]","[1,1,-1,-1,1]",0,True
10,5,64,12,2,51246,5121244,512107636,24,40,960,"[1,6,8,3,0]","[1,-1,1,-1,1]","[3,10,6,20,17]","[[0,1],[1,3],[1,2],[2,4],[0,4]]",5,"[0,1,3,6,8]","[1,1,-1,-1,1]",0,True
10,5,64,12,3,51246,5121244,512107637,20,44,880,"[1,6,8,3,0]","[1,-1,1,-1,1]","[3,10,6,20,17]","[[0,1],[1,3],[1,2],[2,4],[0,4]]",5,"[0,1,3,6,8]","[1,1,-1,-1,1]",0,True
10,5,64,12,4,51246,5121244,512107638,22,42,924,"[1,6,8,3,0]","[1,-1,1,-1,1]","[3,10,6,20,17]","[[0,1],[1,3],[1,2],[2,4],[0,4]]",5,"[0,1,3,6,8]","[1,1,-1,-1,1]",0,True
10,5,64,12,5,51246,5121244,512107639,18,46,828,"[1,6,8,3,0]","[1,-1,1,-1,1]","[3,10,6,20,17]","[[0,1],[1,3],[1,2],[2,4],[0,4]]",6,"[0,2,3,4,6,8]","[1,-1,-1,1,-1,1]",0,True
50,5,16,12,1,51246,5121284,512502835,9,7,63,"[42,18,47,17,6]","[1,-1,1,-1,1]","[3,10,6,20,17]","[[0,1],[1,3],[1,2],[2,4],[0,4]]",5,"[3,5,7,42,44]","[-1,1,-1,1,1]",0,True
50,5,16,12,2,51246,5121284,512502836,10,6,60,"[42,18,47,17,6]","[1,-1,1,-1,1]","[3,10,6,20,17]","[[0,1],[1,3],[1,2],[2,4],[0,4]]",4,"[28,30,33,48]","[1,1,1,-1]",0,True
50,5,16,12,3,51246,5121284,512502837,5,11,55,"[42,18,47,17,6]","[1,-1,1,-1,1]","[3,10,6,20,17]","[[0,1],[1,3],[1,2],[2,4],[0,4]]",4,"[0,19,37,44]","[-1,1,-1,-1]",0,True
50,5,16,12,4,51246,5121284,512502838,8,8,64,"[42,18,47,17,6]","[1,-1,1,-1,1]","[3,10,6,20,17]","[[0,1],[1,3],[1,2],[2,4],[0,4]]",3,"[15,37,40]","[-1,-1,1]",0,True
50,5,16,12,5,51246,5121284,512502839,5,11,55,"[42,18,47,17,6]","[1,-1,1,-1,1]","[3,10,6,20,17]","[[0,1],[1,3],[1,2],[2,4],[0,4]]",5,"[10,22,24,33,46]","[1,1,-1,1,1]",0,True
50,5,32,12,1,51246,5121284,512504435,13,19,247,"[42,18,47,17,6]","[1,-1,1,-1,1]","[3,10,6,20,17]","[[0,1],[1,3],[1,2],[2,4],[0,4]]",8,"[2,7,15,22,28,35,36,41]","[1,1,1,1,-1,1,-1,-1]",0,True
50,5,32,12,2,51246,5121284,512504436,15,17,255,"[42,18,47,17,6]","[1,-1,1,-1,1]","[3,10,6,20,17]","[[0,1],[1,3],[1,2],[2,4],[0,4]]",8,"[0,25,28,30,36,39,40,44]","[1,-1,-1,-1,1,-1,-1,-1]",0,True
50,5,32,12,3,51246,5121284,512504437,14,18,252,"[42,18,47,17,6]","[1,-1,1,-1,1]","[3,10,6,20,17]","[[0,1],[1,3],[1,2],[2,4],[0,4]]",7,"[0,12,21,37,40,43,45]","[-1,1,-1,-1,1,-1,1]",0,True
50,5,32,12,4,51246,5121284,512504438,16,16,256,"[42,18,47,17,6]","[1,-1,1,-1,1]","[3,10,6,20,17]","[[0,1],[1,3],[1,2],[2,4],[0,4]]",7,"[18,24,36,39,47,48,49]","[-1,1,1,-1,1,1,-1]",0,True
50,5,32,12,5,51246,5121284,512504439,13,19,247,"[42,18,47,17,6]","[1,-1,1,-1,1]","[3,10,6,20,17]","[[0,1],[1,3],[1,2],[2,4],[0,4]]",8,"[3,4,16,18,25,27,29,48]","[-1,-1,1,-1,-1,-1,-1,-1]",0,True
50,5,64,12,1,51246,5121284,512507635,21,43,903,"[42,18,47,17,6]","[1,-1,1,-1,1]","[3,10,6,20,17]","[[0,1],[1,3],[1,2],[2,4],[0,4]]",7,"[1,18,26,31,38,42,45]","[-1,-1,-1,-1,1,1,-1]",0,True
50,5,64,12,2,51246,5121284,512507636,23,41,943,"[42,18,47,17,6]","[1,-1,1,-1,1]","[3,10,6,20,17]","[[0,1],[1,3],[1,2],[2,4],[0,4]]",13,"[0,8,13,17,18,23,24,25,26,29,35,40,44]","[-1,-1,-1,-1,-1,-1,1,-1,1,1,-1,-1,-1]",0,True
50,5,64,12,3,51246,5121284,512507637,24,40,960,"[42,18,47,17,6]","[1,-1,1,-1,1]","[3,10,6,20,17]","[[0,1],[1,3],[1,2],[2,4],[0,4]]",13,"[3,5,8,10,11,13,14,15,16,20,24,39,48]","[-1,-1,-1,1,-1,-1,1,-1,-1,-1,-1,-1,1]",0,True
50,5,64,12,4,51246,5121284,512507638,21,43,903,"[42,18,47,17,6]","[1,-1,1,-1,1]","[3,10,6,20,17]","[[0,1],[1,3],[1,2],[2,4],[0,4]]",10,"[0,9,13,17,23,42,44,47,48,49]","[1,1,1,1,-1,1,-1,1,1,1]",0,True
50,5,64,12,5,51246,5121284,512507639,26,38,988,"[42,18,47,17,6]","[1,-1,1,-1,1]","[3,10,6,20,17]","[[0,1],[1,3],[1,2],[2,4],[0,4]]",12,"[0,10,15,21,30,32,37,42,44,45,46,47]","[-1,-1,-1,1,1,-1,1,1,-1,-1,1,1]",0,True
100,5,16,12,1,51246,5121334,513002835,4,12,48,"[96,89,91,7,59]","[1,-1,1,-1,1]","[3,10,6,20,17]","[[0,1],[1,3],[1,2],[2,4],[0,4]]",5,"[10,71,83,85,94]","[-1,1,1,-1,1]",0,True
100,5,16,12,2,51246,5121334,513002836,5,11,55,"[96,89,91,7,59]","[1,-1,1,-1,1]","[3,10,6,20,17]","[[0,1],[1,3],[1,2],[2,4],[0,4]]",6,"[0,22,41,49,52,86]","[-1,1,1,1,-1,1]",0,True
100,5,16,12,3,51246,5121334,513002837,8,8,64,"[96,89,91,7,59]","[1,-1,1,-1,1]","[3,10,6,20,17]","[[0,1],[1,3],[1,2],[2,4],[0,4]]",5,"[4,23,63,89,96]","[-1,-1,1,-1,1]",0,True
100,5,16,12,4,51246,5121334,513002838,6,10,60,"[96,89,91,7,59]","[1,-1,1,-1,1]","[3,10,6,20,17]","[[0,1],[1,3],[1,2],[2,4],[0,4]]",5,"[4,13,42,58,60]","[-1,-1,1,-1,-1]",0,True
100,5,16,12,5,51246,5121334,513002839,5,11,55,"[96,89,91,7,59]","[1,-1,1,-1,1]","[3,10,6,20,17]","[[0,1],[1,3],[1,2],[2,4],[0,4]]",5,"[15,71,72,89,92]","[1,1,1,-1,-1]",0,True
100,5,32,12,1,51246,5121334,513004435,12,20,240,"[96,89,91,7,59]","[1,-1,1,-1,1]","[3,10,6,20,17]","[[0,1],[1,3],[1,2],[2,4],[0,4]]",4,"[13,59,82,98]","[-1,1,-1,1]",0,True
100,5,32,12,2,51246,5121334,513004436,8,24,192,"[96,89,91,7,59]","[1,-1,1,-1,1]","[3,10,6,20,17]","[[0,1],[1,3],[1,2],[2,4],[0,4]]",7,"[21,28,47,50,60,75,98]","[-1,1,-1,1,-1,1,-1]",0,True
100,5,32,12,3,51246,5121334,513004437,9,23,207,"[96,89,91,7,59]","[1,-1,1,-1,1]","[3,10,6,20,17]","[[0,1],[1,3],[1,2],[2,4],[0,4]]",9,"[9,18,41,61,72,73,75,86,88]","[-1,1,1,1,-1,1,-1,-1,-1]",0,True
100,5,32,12,4,51246,5121334,513004438,13,19,247,"[96,89,91,7,59]","[1,-1,1,-1,1]","[3,10,6,20,17]","[[0,1],[1,3],[1,2],[2,4],[0,4]]",6,"[54,67,68,96,98,99]","[-1,1,1,1,-1,-1]",0,True
100,5,32,12,5,51246,5121334,513004439,16,16,256,"[96,89,91,7,59]","[1,-1,1,-1,1]","[3,10,6,20,17]","[[0,1],[1,3],[1,2],[2,4],[0,4]]",8,"[2,4,32,53,61,77,87,91]","[-1,1,1,1,-1,-1,1,1]",0,True
100,5,64,12,1,51246,5121334,513007635,22,42,924,"[96,89,91,7,59]","[1,-1,1,-1,1]","[3,10,6,20,17]","[[0,1],[1,3],[1,2],[2,4],[0,4]]",8,"[41,43,49,59,62,89,94,96]","[-1,1,-1,1,-1,-1,-1,1]",0,True
100,5,64,12,2,51246,5121334,513007636,28,36,1008,"[96,89,91,7,59]","[1,-1,1,-1,1]","[3,10,6,20,17]","[[0,1],[1,3],[1,2],[2,4],[0,4]]",14,"[5,7,9,20,31,37,38,40,52,58,60,64,69,95]","[1,-1,-1,1,1,-1,1,-1,-1,1,-1,1,-1,1]",0,True
100,5,64,12,3,51246,5121334,513007637,18,46,828,"[96,89,91,7,59]","[1,-1,1,-1,1]","[3,10,6,20,17]","[[0,1],[1,3],[1,2],[2,4],[0,4]]",13,"[9,18,23,36,43,44,52,57,59,69,76,83,97]","[-1,-1,1,-1,-1,1,-1,-1,1,1,1,1,-1]",0,True
100,5,64,12,4,51246,5121334,513007638,21,43,903,"[96,89,91,7,59]","[1,-1,1,-1,1]","[3,10,6,20,17]","[[0,1],[1,3],[1,2],[2,4],[0,4]]",12,"[18,30,36,48,56,65,70,86,88,94,95,96]","[-1,1,1,-1,1,1,-1,1,-1,1,-1,1]",0,True
100,5,64,12,5,51246,5121334,513007639,23,41,943,"[96,89,91,7,59]","[1,-1,1,-1,1]","[3,10,6,20,17]","[[0,1],[1,3],[1,2],[2,4],[0,4]]",12,"[7,19,24,40,41,47,48,54,61,76,78,80]","[-1,-1,-1,-1,1,-1,1,1,1,1,-1,-1]",0,True
10,5,16,13,1,51247,5131244,513102835,15,1,15,"[6,3,2,8,9]","[1,-1,-1,-1,-1]","[15,29,19]","[[0,1,2,3],[0,2,3,4],[0,1,4]]",2,"[6,8]","[1,-1]",0,True
10,5,16,13,2,51247,5131244,513102836,12,4,48,"[6,3,2,8,9]","[1,-1,-1,-1,-1]","[15,29,19]","[[0,1,2,3],[0,2,3,4],[0,1,4]]",2,"[3,6]","[-1,1]",0,True
10,5,16,13,3,51247,5131244,513102837,12,4,48,"[6,3,2,8,9]","[1,-1,-1,-1,-1]","[15,29,19]","[[0,1,2,3],[0,2,3,4],[0,1,4]]",4,"[0,1,3,6]","[-1,-1,-1,1]",0,True
10,5,16,13,4,51247,5131244,513102838,12,4,48,"[6,3,2,8,9]","[1,-1,-1,-1,-1]","[15,29,19]","[[0,1,2,3],[0,2,3,4],[0,1,4]]",5,"[0,1,2,6,9]","[1,-1,-1,1,-1]",0,True
10,5,16,13,5,51247,5131244,513102839,14,2,28,"[6,3,2,8,9]","[1,-1,-1,-1,-1]","[15,29,19]","[[0,1,2,3],[0,2,3,4],[0,1,4]]",4,"[1,2,3,5]","[-1,-1,-1,-1]",0,True
10,5,32,13,1,51247,5131244,513104435,27,5,135,"[6,3,2,8,9]","[1,-1,-1,-1,-1]","[15,29,19]","[[0,1,2,3],[0,2,3,4],[0,1,4]]",2,"[6,9]","[1,-1]",0,True
10,5,32,13,2,51247,5131244,513104436,28,4,112,"[6,3,2,8,9]","[1,-1,-1,-1,-1]","[15,29,19]","[[0,1,2,3],[0,2,3,4],[0,1,4]]",5,"[3,5,6,8,9]","[-1,-1,1,-1,-1]",0,True
10,5,32,13,3,51247,5131244,513104437,31,1,31,"[6,3,2,8,9]","[1,-1,-1,-1,-1]","[15,29,19]","[[0,1,2,3],[0,2,3,4],[0,1,4]]",3,"[1,5,6]","[-1,1,1]",0,True
10,5,32,13,4,51247,5131244,513104438,26,6,156,"[6,3,2,8,9]","[1,-1,-1,-1,-1]","[15,29,19]","[[0,1,2,3],[0,2,3,4],[0,1,4]]",7,"[1,4,5,6,7,8,9]","[1,-1,1,1,1,-1,-1]",0,True
10,5,32,13,5,51247,5131244,513104439,29,3,87,"[6,3,2,8,9]","[1,-1,-1,-1,-1]","[15,29,19]","[[0,1,2,3],[0,2,3,4],[0,1,4]]",3,"[3,6,9]","[-1,1,-1]",0,True
10,5,64,13,1,51247,5131244,513107635,47,17,799,"[6,3,2,8,9]","[1,-1,-1,-1,-1]","[15,29,19]","[[0,1,2,3],[0,2,3,4],[0,1,4]]",7,"[0,1,2,4,5,6,8]","[-1,-1,-1,1,-1,1,-1]",0,True
10,5,64,13,2,51247,5131244,513107636,57,7,399,"[6,3,2,8,9]","[1,-1,-1,-1,-1]","[15,29,19]","[[0,1,2,3],[0,2,3,4],[0,1,4]]",5,"[2,3,6,7,9]","[-1,-1,1,-1,-1]",0,True
10,5,64,13,3,51247,5131244,513107637,53,11,583,"[6,3,2,8,9]","[1,-1,-1,-1,-1]","[15,29,19]","[[0,1,2,3],[0,2,3,4],[0,1,4]]",5,"[2,3,6,8,9]","[-1,-1,1,-1,-1]",0,True
10,5,64,13,4,51247,5131244,513107638,51,13,663,"[6,3,2,8,9]","[1,-1,-1,-1,-1]","[15,29,19]","[[0,1,2,3],[0,2,3,4],[0,1,4]]",6,"[1,3,5,6,7,9]","[-1,-1,-1,1,-1,-1]",0,True
10,5,64,13,5,51247,5131244,513107639,54,10,540,"[6,3,2,8,9]","[1,-1,-1,-1,-1]","[15,29,19]","[[0,1,2,3],[0,2,3,4],[0,1,4]]",5,"[2,3,6,8,9]","[-1,-1,1,-1,-1]",0,True
50,5,16,13,1,51247,5131284,513502835,10,6,60,"[18,4,1,38,46]","[1,-1,-1,-1,-1]","[15,29,19]","[[0,1,2,3],[0,2,3,4],[0,1,4]]",5,"[7,18,27,41,42]","[1,1,1,1,-1]",0,True
50,5,16,13,2,51247,5131284,513502836,14,2,28,"[18,4,1,38,46]","[1,-1,-1,-1,-1]","[15,29,19]","[[0,1,2,3],[0,2,3,4],[0,1,4]]",5,"[15,23,28,40,47]","[1,-1,-1,-1,1]",0,True
50,5,16,13,3,51247,5131284,513502837,14,2,28,"[18,4,1,38,46]","[1,-1,-1,-1,-1]","[15,29,19]","[[0,1,2,3],[0,2,3,4],[0,1,4]]",2,"[9,35]","[1,1]",0,True
50,5,16,13,4,51247,5131284,513502838,11,5,55,"[18,4,1,38,46]","[1,-1,-1,-1,-1]","[15,29,19]","[[0,1,2,3],[0,2,3,4],[0,1,4]]",5,"[12,19,21,27,32]","[1,1,-1,-1,-1]",0,True
50,5,16,13,5,51247,5131284,513502839,13,3,39,"[18,4,1,38,46]","[1,-1,-1,-1,-1]","[15,29,19]","[[0,1,2,3],[0,2,3,4],[0,1,4]]",3,"[1,14,48]","[-1,1,-1]",0,True
50,5,32,13,1,51247,5131284,513504435,27,5,135,"[18,4,1,38,46]","[1,-1,-1,-1,-1]","[15,29,19]","[[0,1,2,3],[0,2,3,4],[0,1,4]]",6,"[3,4,8,29,36,48]","[-1,-1,1,-1,-1,-1]",0,True
50,5,32,13,2,51247,5131284,513504436,29,3,87,"[18,4,1,38,46]","[1,-1,-1,-1,-1]","[15,29,19]","[[0,1,2,3],[0,2,3,4],[0,1,4]]",5,"[7,9,24,25,35]","[1,1,-1,1,-1]",0,True
50,5,32,13,3,51247,5131284,513504437,28,4,112,"[18,4,1,38,46]","[1,-1,-1,-1,-1]","[15,29,19]","[[0,1,2,3],[0,2,3,4],[0,1,4]]",8,"[2,4,6,7,23,27,32,33]","[1,-1,-1,-1,-1,-1,1,1]",0,True
50,5,32,13,4,51247,5131284,513504438,23,9,207,"[18,4,1,38,46]","[1,-1,-1,-1,-1]","[15,29,19]","[[0,1,2,3],[0,2,3,4],[0,1,4]]",5,"[4,12,18,25,43]","[1,1,1,-1,-1]",0,True
50,5,32,13,5,51247,5131284,513504439,26,6,156,"[18,4,1,38,46]","[1,-1,-1,-1,-1]","[15,29,19]","[[0,1,2,3],[0,2,3,4],[0,1,4]]",6,"[2,20,34,37,41,46]","[-1,1,1,-1,-1,-1]",0,True
50,5,64,13,1,51247,5131284,513507635,53,11,583,"[18,4,1,38,46]","[1,-1,-1,-1,-1]","[15,29,19]","[[0,1,2,3],[0,2,3,4],[0,1,4]]",10,"[0,7,11,22,28,40,41,43,47,49]","[1,-1,1,1,-1,-1,-1,1,-1,-1]",0,True
50,5,64,13,2,51247,5131284,513507636,52,12,624,"[18,4,1,38,46]","[1,-1,-1,-1,-1]","[15,29,19]","[[0,1,2,3],[0,2,3,4],[0,1,4]]",6,"[3,4,18,29,46,48]","[1,-1,1,1,-1,1]",0,True
50,5,64,13,3,51247,5131284,513507637,53,11,583,"[18,4,1,38,46]","[1,-1,-1,-1,-1]","[15,29,19]","[[0,1,2,3],[0,2,3,4],[0,1,4]]",10,"[8,19,22,23,25,27,37,40,44,45]","[-1,1,1,-1,1,1,-1,1,1,1]",0,True
50,5,64,13,4,51247,5131284,513507638,45,19,855,"[18,4,1,38,46]","[1,-1,-1,-1,-1]","[15,29,19]","[[0,1,2,3],[0,2,3,4],[0,1,4]]",11,"[1,11,14,18,20,23,28,29,46,47,49]","[-1,1,1,1,1,1,-1,1,-1,-1,-1]",0,True
50,5,64,13,5,51247,5131284,513507639,57,7,399,"[18,4,1,38,46]","[1,-1,-1,-1,-1]","[15,29,19]","[[0,1,2,3],[0,2,3,4],[0,1,4]]",8,"[16,18,28,30,36,39,44,46]","[-1,1,1,1,-1,-1,1,-1]",0,True
100,5,16,13,1,51247,5131334,514002835,12,4,48,"[27,24,68,11,62]","[1,-1,-1,-1,-1]","[15,29,19]","[[0,1,2,3],[0,2,3,4],[0,1,4]]",6,"[37,42,46,53,57,99]","[-1,-1,1,-1,-1,-1]",0,True
100,5,16,13,2,51247,5131334,514002836,13,3,39,"[27,24,68,11,62]","[1,-1,-1,-1,-1]","[15,29,19]","[[0,1,2,3],[0,2,3,4],[0,1,4]]",7,"[8,18,22,39,66,72,97]","[1,1,-1,1,-1,-1,-1]",0,True
100,5,16,13,3,51247,5131334,514002837,12,4,48,"[27,24,68,11,62]","[1,-1,-1,-1,-1]","[15,29,19]","[[0,1,2,3],[0,2,3,4],[0,1,4]]",4,"[28,45,54,99]","[-1,-1,1,-1]",0,True
100,5,16,13,4,51247,5131334,514002838,13,3,39,"[27,24,68,11,62]","[1,-1,-1,-1,-1]","[15,29,19]","[[0,1,2,3],[0,2,3,4],[0,1,4]]",5,"[5,13,40,87,93]","[1,-1,-1,1,-1]",0,True
100,5,16,13,5,51247,5131334,514002839,14,2,28,"[27,24,68,11,62]","[1,-1,-1,-1,-1]","[15,29,19]","[[0,1,2,3],[0,2,3,4],[0,1,4]]",3,"[1,14,60]","[1,1,-1]",0,True
100,5,32,13,1,51247,5131334,514004435,28,4,112,"[27,24,68,11,62]","[1,-1,-1,-1,-1]","[15,29,19]","[[0,1,2,3],[0,2,3,4],[0,1,4]]",7,"[5,12,27,31,63,83,97]","[-1,-1,1,-1,-1,-1,1]",0,True
100,5,32,13,2,51247,5131334,514004436,26,6,156,"[27,24,68,11,62]","[1,-1,-1,-1,-1]","[15,29,19]","[[0,1,2,3],[0,2,3,4],[0,1,4]]",8,"[11,21,31,34,50,53,65,80]","[-1,1,-1,1,1,1,-1,1]",0,True
100,5,32,13,3,51247,5131334,514004437,24,8,192,"[27,24,68,11,62]","[1,-1,-1,-1,-1]","[15,29,19]","[[0,1,2,3],[0,2,3,4],[0,1,4]]",9,"[2,48,64,68,72,73,94,96,98]","[-1,-1,-1,-1,-1,-1,-1,1,1]",0,True
100,5,32,13,4,51247,5131334,514004438,23,9,207,"[27,24,68,11,62]","[1,-1,-1,-1,-1]","[15,29,19]","[[0,1,2,3],[0,2,3,4],[0,1,4]]",9,"[2,5,6,20,29,33,47,53,96]","[-1,1,-1,-1,1,-1,1,-1,1]",0,True
100,5,32,13,5,51247,5131334,514004439,27,5,135,"[27,24,68,11,62]","[1,-1,-1,-1,-1]","[15,29,19]","[[0,1,2,3],[0,2,3,4],[0,1,4]]",6,"[4,15,27,58,59,64]","[-1,-1,1,1,1,1]",0,True
100,5,64,13,1,51247,5131334,514007635,55,9,495,"[27,24,68,11,62]","[1,-1,-1,-1,-1]","[15,29,19]","[[0,1,2,3],[0,2,3,4],[0,1,4]]",9,"[22,28,42,67,69,73,78,82,97]","[1,1,-1,-1,-1,-1,-1,1,1]",0,True
100,5,64,13,2,51247,5131334,514007636,45,19,855,"[27,24,68,11,62]","[1,-1,-1,-1,-1]","[15,29,19]","[[0,1,2,3],[0,2,3,4],[0,1,4]]",11,"[9,17,28,32,37,41,46,68,83,85,87]","[-1,-1,-1,1,1,-1,1,-1,1,-1,1]",0,True
100,5,64,13,3,51247,5131334,514007637,53,11,583,"[27,24,68,11,62]","[1,-1,-1,-1,-1]","[15,29,19]","[[0,1,2,3],[0,2,3,4],[0,1,4]]",11,"[9,25,26,31,48,57,61,70,73,78,90]","[-1,1,1,1,1,1,1,1,1,1,-1]",0,True
100,5,64,13,4,51247,5131334,514007638,50,14,700,"[27,24,68,11,62]","[1,-1,-1,-1,-1]","[15,29,19]","[[0,1,2,3],[0,2,3,4],[0,1,4]]",9,"[18,41,49,56,58,60,62,80,98]","[-1,1,-1,1,-1,-1,-1,1,1]",0,True
100,5,64,13,5,51247,5131334,514007639,48,16,768,"[27,24,68,11,62]","[1,-1,-1,-1,-1]","[15,29,19]","[[0,1,2,3],[0,2,3,4],[0,1,4]]",9,"[7,24,27,36,44,56,70,78,94]","[1,-1,1,1,-1,1,1,1,-1]",0,True
10,5,16,14,1,51248,5141244,514102835,6,10,60,"[6,8,3,2,4]","[-1,-1,1,-1,-1]","[15,16]","[[0,1,2,3],[4]]",1,[4],[-1],0,True
10,5,16,14,2,51248,5141244,514102836,3,13,39,"[6,8,3,2,4]","[-1,-1,1,-1,-1]","[15,16]","[[0,1,2,3],[4]]",2,"[4,5]","[-1,-1]",0,True
10,5,16,14,3,51248,5141244,514102837,7,9,63,"[6,8,3,2,4]","[-1,-1,1,-1,-1]","[15,16]","[[0,1,2,3],[4]]",1,[4],[-1],0,True
10,5,16,14,4,51248,5141244,514102838,1,15,15,"[6,8,3,2,4]","[-1,-1,1,-1,-1]","[15,16]","[[0,1,2,3],[4]]",3,"[1,6,8]","[-1,-1,1]",0,True
10,5,16,14,5,51248,5141244,514102839,8,8,64,"[6,8,3,2,4]","[-1,-1,1,-1,-1]","[15,16]","[[0,1,2,3],[4]]",1,[4],[-1],0,True
10,5,32,14,1,51248,5141244,514104435,12,20,240,"[6,8,3,2,4]","[-1,-1,1,-1,-1]","[15,16]","[[0,1,2,3],[4]]",4,"[2,3,4,6]","[-1,1,-1,-1]",0,True
10,5,32,14,2,51248,5141244,514104436,15,17,255,"[6,8,3,2,4]","[-1,-1,1,-1,-1]","[15,16]","[[0,1,2,3],[4]]",1,[4],[-1],0,True
10,5,32,14,3,51248,5141244,514104437,11,21,231,"[6,8,3,2,4]","[-1,-1,1,-1,-1]","[15,16]","[[0,1,2,3],[4]]",4,"[0,3,4,8]","[-1,1,-1,-1]",0,True
10,5,32,14,4,51248,5141244,514104438,10,22,220,"[6,8,3,2,4]","[-1,-1,1,-1,-1]","[15,16]","[[0,1,2,3],[4]]",3,"[2,4,6]","[-1,-1,-1]",0,True
10,5,32,14,5,51248,5141244,514104439,17,15,255,"[6,8,3,2,4]","[-1,-1,1,-1,-1]","[15,16]","[[0,1,2,3],[4]]",1,[4],[-1],0,True
10,5,64,14,1,51248,5141244,514107635,27,37,999,"[6,8,3,2,4]","[-1,-1,1,-1,-1]","[15,16]","[[0,1,2,3],[4]]",5,"[2,3,4,6,8]","[-1,1,-1,-1,-1]",0,True
10,5,64,14,2,51248,5141244,514107636,24,40,960,"[6,8,3,2,4]","[-1,-1,1,-1,-1]","[15,16]","[[0,1,2,3],[4]]",5,"[1,4,5,8,9]","[-1,-1,1,-1,-1]",0,True
10,5,64,14,3,51248,5141244,514107637,27,37,999,"[6,8,3,2,4]","[-1,-1,1,-1,-1]","[15,16]","[[0,1,2,3],[4]]",5,"[0,4,5,7,9]","[-1,-1,1,-1,1]",0,True
10,5,64,14,4,51248,5141244,514107638,29,35,1015,"[6,8,3,2,4]","[-1,-1,1,-1,-1]","[15,16]","[[0,1,2,3],[4]]",4,"[2,4,6,8]","[-1,-1,-1,-1]",0,True
10,5,64,14,5,51248,5141244,514107639,29,35,1015,"[6,8,3,2,4]","[-1,-1,1,-1,-1]","[15,16]","[[0,1,2,3],[4]]",4,"[2,3,4,6]","[-1,1,-1,-1]",0,True
50,5,16,14,1,51248,5141284,514502835,10,6,60,"[20,47,7,44,21]","[-1,-1,1,-1,-1]","[15,16]","[[0,1,2,3],[4]]",3,"[21,36,46]","[-1,1,1]",0,True
50,5,16,14,2,51248,5141284,514502836,8,8,64,"[20,47,7,44,21]","[-1,-1,1,-1,-1]","[15,16]","[[0,1,2,3],[4]]",6,"[0,6,14,42,43,48]","[1,1,1,-1,1,1]",0,True
50,5,16,14,3,51248,5141284,514502837,9,7,63,"[20,47,7,44,21]","[-1,-1,1,-1,-1]","[15,16]","[[0,1,2,3],[4]]",6,"[24,28,30,33,38,48]","[-1,-1,-1,1,1,-1]",0,True
50,5,16,14,4,51248,5141284,514502838,7,9,63,"[20,47,7,44,21]","[-1,-1,1,-1,-1]","[15,16]","[[0,1,2,3],[4]]",6,"[6,25,29,41,44,49]","[1,1,1,-1,-1,-1]",0,True
50,5,16,14,5,51248,5141284,514502839,5,11,55,"[20,47,7,44,21]","[-1,-1,1,-1,-1]","[15,16]","[[0,1,2,3],[4]]",1,[21],[-1],0,True
50,5,32,14,1,51248,5141284,514504435,15,17,255,"[20,47,7,44,21]","[-1,-1,1,-1,-1]","[15,16]","[[0,1,2,3],[4]]",9,"[5,8,11,18,27,29,35,42,45]","[1,1,1,1,1,1,1,1,-1]",0,True
50,5,32,14,2,51248,5141284,514504436,19,13,247,"[20,47,7,44,21]","[-1,-1,1,-1,-1]","[15,16]","[[0,1,2,3],[4]]",9,"[0,13,16,19,25,38,41,44,46]","[-1,-1,-1,1,-1,-1,1,1,1]",0,True
50,5,32,14,3,51248,5141284,514504437,12,20,240,"[20,47,7,44,21]","[-1,-1,1,-1,-1]","[15,16]","[[0,1,2,3],[4]]",1,[21],[-1],0,True
50,5,32,14,4,51248,5141284,514504438,15,17,255,"[20,47,7,44,21]","[-1,-1,1,-1,-1]","[15,16]","[[0,1,2,3],[4]]",10,"[0,3,7,8,11,12,33,43,47,49]","[-1,-1,1,1,-1,-1,-1,1,1,-1]",0,True
50,5,32,14,5,51248,5141284,514504439,16,16,256,"[20,47,7,44,21]","[-1,-1,1,-1,-1]","[15,16]","[[0,1,2,3],[4]]",8,"[0,2,6,7,16,24,27,29]","[-1,-1,-1,1,-1,-1,1,1]",0,True
50,5,64,14,1,51248,5141284,514507635,38,26,988,"[20,47,7,44,21]","[-1,-1,1,-1,-1]","[15,16]","[[0,1,2,3],[4]]",12,"[0,3,10,13,17,23,25,32,36,42,46,47]","[-1,1,1,1,-1,-1,-1,1,1,-1,1,-1]",0,True
50,5,64,14,2,51248,5141284,514507636,34,30,1020,"[20,47,7,44,21]","[-1,-1,1,-1,-1]","[15,16]","[[0,1,2,3],[4]]",13,"[0,8,9,10,28,29,31,34,40,43,45,47,49]","[1,1,1,1,1,-1,1,1,-1,-1,-1,-1,1]",0,True
50,5,64,14,3,51248,5141284,514507637,33,31,1023,"[20,47,7,44,21]","[-1,-1,1,-1,-1]","[15,16]","[[0,1,2,3],[4]]",12,"[3,5,7,8,10,11,16,22,31,32,38,44]","[-1,1,-1,-1,1,-1,1,-1,-1,1,1,-1]",0,True
50,5,64,14,4,51248,5141284,514507638,31,33,1023,"[20,47,7,44,21]","[-1,-1,1,-1,-1]","[15,16]","[[0,1,2,3],[4]]",1,[21],[-1],0,True
50,5,64,14,5,51248,5141284,514507639,30,34,1020,"[20,47,7,44,21]","[-1,-1,1,-1,-1]","[15,16]","[[0,1,2,3],[4]]",5,"[3,10,14,20,21]","[1,-1,-1,-1,-1]",0,True
100,5,16,14,1,51248,5141334,515002835,7,9,63,"[95,65,77,39,85]","[-1,-1,1,-1,-1]","[15,16]","[[0,1,2,3],[4]]",5,"[34,64,65,67,94]","[1,-1,-1,1,-1]",0,True
100,5,16,14,2,51248,5141334,515002836,8,8,64,"[95,65,77,39,85]","[-1,-1,1,-1,-1]","[15,16]","[[0,1,2,3],[4]]",5,"[21,26,69,75,78]","[1,1,1,1,1]",0,True
100,5,16,14,3,51248,5141334,515002837,9,7,63,"[95,65,77,39,85]","[-1,-1,1,-1,-1]","[15,16]","[[0,1,2,3],[4]]",8,"[18,28,45,51,53,73,89,94]","[-1,1,-1,-1,-1,1,1,1]",0,True
100,5,16,14,4,51248,5141334,515002838,11,5,55,"[95,65,77,39,85]","[-1,-1,1,-1,-1]","[15,16]","[[0,1,2,3],[4]]",4,"[9,19,53,70]","[-1,-1,-1,1]",0,True
100,5,16,14,5,51248,5141334,515002839,7,9,63,"[95,65,77,39,85]","[-1,-1,1,-1,-1]","[15,16]","[[0,1,2,3],[4]]",4,"[4,20,32,92]","[1,1,1,1]",0,True
100,5,32,14,1,51248,5141334,515004435,15,17,255,"[95,65,77,39,85]","[-1,-1,1,-1,-1]","[15,16]","[[0,1,2,3],[4]]",4,"[4,17,62,85]","[1,1,-1,-1]",0,True
100,5,32,14,2,51248,5141334,515004436,9,23,207,"[95,65,77,39,85]","[-1,-1,1,-1,-1]","[15,16]","[[0,1,2,3],[4]]",3,"[72,81,85]","[-1,1,-1]",0,True
100,5,32,14,3,51248,5141334,515004437,18,14,252,"[95,65,77,39,85]","[-1,-1,1,-1,-1]","[15,16]","[[0,1,2,3],[4]]",8,"[14,17,47,48,50,66,72,95]","[-1,-1,-1,1,-1,-1,1,-1]",0,True
100,5,32,14,4,51248,5141334,515004438,16,16,256,"[95,65,77,39,85]","[-1,-1,1,-1,-1]","[15,16]","[[0,1,2,3],[4]]",4,"[27,29,84,85]","[-1,-1,1,-1]",0,True
100,5,32,14,5,51248,5141334,515004439,14,18,252,"[95,65,77,39,85]","[-1,-1,1,-1,-1]","[15,16]","[[0,1,2,3],[4]]",3,"[16,18,85]","[1,1,-1]",0,True
100,5,64,14,1,51248,5141334,515007635,31,33,1023,"[95,65,77,39,85]","[-1,-1,1,-1,-1]","[15,16]","[[0,1,2,3],[4]]",9,"[34,52,58,62,68,72,80,85,98]","[-1,1,-1,1,-1,1,1,-1,-1]",0,True
100,5,64,14,2,51248,5141334,515007636,32,32,1024,"[95,65,77,39,85]","[-1,-1,1,-1,-1]","[15,16]","[[0,1,2,3],[4]]",13,"[25,32,34,37,41,42,59,67,70,72,87,92,93]","[-1,1,-1,-1,1,-1,1,-1,1,-1,1,1,-1]",0,True
100,5,64,14,3,51248,5141334,515007637,30,34,1020,"[95,65,77,39,85]","[-1,-1,1,-1,-1]","[15,16]","[[0,1,2,3],[4]]",13,"[17,37,47,51,52,56,61,67,73,80,88,93,95]","[-1,1,1,-1,-1,-1,1,1,1,1,-1,1,1]",0,True
100,5,64,14,4,51248,5141334,515007638,28,36,1008,"[95,65,77,39,85]","[-1,-1,1,-1,-1]","[15,16]","[[0,1,2,3],[4]]",13,"[7,8,12,21,29,34,46,56,61,69,92,93,96]","[-1,1,1,-1,-1,1,-1,1,1,1,-1,-1,-1]",0,True
100,5,64,14,5,51248,5141334,515007639,22,42,924,"[95,65,77,39,85]","[-1,-1,1,-1,-1]","[15,16]","[[0,1,2,3],[4]]",11,"[2,13,14,35,53,55,65,66,74,76,93]","[-1,1,1,-1,-1,-1,-1,-1,-1,-1,-1]",0,True
10,5,16,15,1,51249,5151244,515102835,3,13,39,"[4,3,7,6,5]","[1,1,1,1,1]","[3,16,4,8]","[[0,1],[4],[2],[3]]",4,"[5,7,8,9]","[1,1,-1,-1]",0,True
10,5,16,15,2,51249,5151244,515102836,1,15,15,"[4,3,7,6,5]","[1,1,1,1,1]","[3,16,4,8]","[[0,1],[4],[2],[3]]",4,"[0,4,6,9]","[-1,1,1,-1]",0,True
10,5,16,15,3,51249,5151244,515102837,2,14,28,"[4,3,7,6,5]","[1,1,1,1,1]","[3,16,4,8]","[[0,1],[4],[2],[3]]",4,"[0,3,4,5]","[-1,1,1,1]",0,True
10,5,16,15,4,51249,5151244,515102838,2,14,28,"[4,3,7,6,5]","[1,1,1,1,1]","[3,16,4,8]","[[0,1],[4],[2],[3]]",5,"[1,2,5,6,9]","[-1,-1,1,1,1]",0,True
10,5,16,15,5,51249,5151244,515102839,1,15,15,"[4,3,7,6,5]","[1,1,1,1,1]","[3,16,4,8]","[[0,1],[4],[2],[3]]",3,"[3,5,8]","[1,1,-1]",0,True
10,5,32,15,1,51249,5151244,515104435,5,27,135,"[4,3,7,6,5]","[1,1,1,1,1]","[3,16,4,8]","[[0,1],[4],[2],[3]]",4,"[1,3,5,7]","[-1,1,1,1]",0,True
10,5,32,15,2,51249,5151244,515104436,4,28,112,"[4,3,7,6,5]","[1,1,1,1,1]","[3,16,4,8]","[[0,1],[4],[2],[3]]",5,"[0,1,4,5,7]","[1,-1,1,1,1]",0,True
10,5,32,15,3,51249,5151244,515104437,4,28,112,"[4,3,7,6,5]","[1,1,1,1,1]","[3,16,4,8]","[[0,1],[4],[2],[3]]",3,"[1,5,7]","[1,1,1]",0,True
10,5,32,15,4,51249,5151244,515104438,7,25,175,"[4,3,7,6,5]","[1,1,1,1,1]","[3,16,4,8]","[[0,1],[4],[2],[3]]",6,"[0,1,2,3,6,9]","[1,-1,-1,1,1,1]",0,True
10,5,32,15,5,51249,5151244,515104439,4,28,112,"[4,3,7,6,5]","[1,1,1,1,1]","[3,16,4,8]","[[0,1],[4],[2],[3]]",4,"[3,4,5,7]","[1,1,1,1]",0,True
10,5,64,15,1,51249,5151244,515107635,2,62,124,"[4,3,7,6,5]","[1,1,1,1,1]","[3,16,4,8]","[[0,1],[4],[2],[3]]",4,"[5,6,7,8]","[1,1,1,1]",0,True
10,5,64,15,2,51249,5151244,515107636,7,57,399,"[4,3,7,6,5]","[1,1,1,1,1]","[3,16,4,8]","[[0,1],[4],[2],[3]]",6,"[0,2,3,5,6,7]","[1,1,1,1,1,1]",0,True
10,5,64,15,3,51249,5151244,515107637,6,58,348,"[4,3,7,6,5]","[1,1,1,1,1]","[3,16,4,8]","[[0,1],[4],[2],[3]]",3,"[4,6,7]","[1,1,1]",0,True
10,5,64,15,4,51249,5151244,515107638,8,56,448,"[4,3,7,6,5]","[1,1,1,1,1]","[3,16,4,8]","[[0,1],[4],[2],[3]]",5,"[3,4,5,6,7]","[1,1,1,1,1]",0,True
10,5,64,15,5,51249,5151244,515107639,3,61,183,"[4,3,7,6,5]","[1,1,1,1,1]","[3,16,4,8]","[[0,1],[4],[2],[3]]",3,"[4,6,7]","[1,1,1]",0,True
50,5,16,15,1,51249,5151284,515502835,1,15,15,"[26,14,44,34,8]","[1,1,1,1,1]","[3,16,4,8]","[[0,1],[4],[2],[3]]",3,"[12,18,26]","[-1,1,1]",0,True
50,5,16,15,2,51249,5151284,515502836,2,14,28,"[26,14,44,34,8]","[1,1,1,1,1]","[3,16,4,8]","[[0,1],[4],[2],[3]]",4,"[7,15,23,24]","[1,1,1,1]",0,True
50,5,16,15,3,51249,5151284,515502837,1,15,15,"[26,14,44,34,8]","[1,1,1,1,1]","[3,16,4,8]","[[0,1],[4],[2],[3]]",3,"[6,13,21]","[1,-1,1]",0,True
50,5,16,15,4,51249,5151284,515502838,3,13,39,"[26,14,44,34,8]","[1,1,1,1,1]","[3,16,4,8]","[[0,1],[4],[2],[3]]",6,"[5,24,33,43,44,45]","[1,-1,-1,-1,1,1]",0,True
50,5,16,15,5,51249,5151284,515502839,1,15,15,"[26,14,44,34,8]","[1,1,1,1,1]","[3,16,4,8]","[[0,1],[4],[2],[3]]",3,"[1,31,45]","[-1,1,-1]",0,True
50,5,32,15,1,51249,5151284,515504435,3,29,87,"[26,14,44,34,8]","[1,1,1,1,1]","[3,16,4,8]","[[0,1],[4],[2],[3]]",6,"[0,6,12,36,38,46]","[1,-1,1,1,1,-1]",0,True
50,5,32,15,2,51249,5151284,515504436,5,27,135,"[26,14,44,34,8]","[1,1,1,1,1]","[3,16,4,8]","[[0,1],[4],[2],[3]]",8,"[5,21,26,27,30,34,37,41]","[1,1,1,-1,1,1,1,1]",0,True
50,5,32,15,3,51249,5151284,515504437,6,26,156,"[26,14,44,34,8]","[1,1,1,1,1]","[3,16,4,8]","[[0,1],[4],[2],[3]]",6,"[8,18,27,30,38,44]","[1,-1,-1,-1,1,1]",0,True
50,5,32,15,4,51249,5151284,515504438,5,27,135,"[26,14,44,34,8]","[1,1,1,1,1]","[3,16,4,8]","[[0,1],[4],[2],[3]]",6,"[5,19,26,34,40,46]","[-1,-1,1,1,1,1]",0,True
50,5,32,15,5,51249,5151284,515504439,1,31,31,"[26,14,44,34,8]","[1,1,1,1,1]","[3,16,4,8]","[[0,1],[4],[2],[3]]",4,"[2,17,19,21]","[1,-1,-1,-1]",0,True
50,5,64,15,1,51249,5151284,515507635,7,57,399,"[26,14,44,34,8]","[1,1,1,1,1]","[3,16,4,8]","[[0,1],[4],[2],[3]]",11,"[0,13,18,20,22,24,29,31,46,47,49]","[-1,-1,1,1,-1,1,1,1,-1,-1,1]",0,True
50,5,64,15,2,51249,5151284,515507636,5,59,295,"[26,14,44,34,8]","[1,1,1,1,1]","[3,16,4,8]","[[0,1],[4],[2],[3]]",6,"[0,2,7,8,11,34]","[1,-1,-1,1,-1,1]",0,True
50,5,64,15,3,51249,5151284,515507637,8,56,448,"[26,14,44,34,8]","[1,1,1,1,1]","[3,16,4,8]","[[0,1],[4],[2],[3]]",8,"[4,5,8,9,18,33,42,45]","[1,1,1,-1,-1,-1,-1,-1]",0,True
50,5,64,15,4,51249,5151284,515507638,4,60,240,"[26,14,44,34,8]","[1,1,1,1,1]","[3,16,4,8]","[[0,1],[4],[2],[3]]",7,"[3,7,9,19,30,35,48]","[1,-1,-1,-1,-1,-1,1]",0,True
50,5,64,15,5,51249,5151284,515507639,6,58,348,"[26,14,44,34,8]","[1,1,1,1,1]","[3,16,4,8]","[[0,1],[4],[2],[3]]",6,"[8,21,24,30,31,46]","[1,1,-1,-1,-1,-1]",0,True
100,5,16,15,1,51249,5151334,516002835,1,15,15,"[9,88,27,47,10]","[1,1,1,1,1]","[3,16,4,8]","[[0,1],[4],[2],[3]]",3,"[34,45,85]","[1,1,-1]",0,True
100,5,16,15,2,51249,5151334,516002836,3,13,39,"[9,88,27,47,10]","[1,1,1,1,1]","[3,16,4,8]","[[0,1],[4],[2],[3]]",4,"[19,32,36,48]","[1,1,1,1]",0,True
100,5,16,15,3,51249,5151334,516002837,3,13,39,"[9,88,27,47,10]","[1,1,1,1,1]","[3,16,4,8]","[[0,1],[4],[2],[3]]",5,"[36,46,57,71,86]","[-1,1,-1,1,1]",0,True
100,5,16,15,4,51249,5151334,516002838,2,14,28,"[9,88,27,47,10]","[1,1,1,1,1]","[3,16,4,8]","[[0,1],[4],[2],[3]]",4,"[9,17,24,57]","[1,1,-1,1]",0,True
100,5,16,15,5,51249,5151334,516002839,1,15,15,"[9,88,27,47,10]","[1,1,1,1,1]","[3,16,4,8]","[[0,1],[4],[2],[3]]",3,"[32,85,91]","[1,1,1]",0,True
100,5,32,15,1,51249,5151334,516004435,1,31,31,"[9,88,27,47,10]","[1,1,1,1,1]","[3,16,4,8]","[[0,1],[4],[2],[3]]",4,"[24,53,60,77]","[1,-1,1,1]",0,True
100,5,32,15,2,51249,5151334,516004436,5,27,135,"[9,88,27,47,10]","[1,1,1,1,1]","[3,16,4,8]","[[0,1],[4],[2],[3]]",6,"[11,18,41,75,76,97]","[-1,1,-1,1,-1,1]",0,True
100,5,32,15,3,51249,5151334,516004437,5,27,135,"[9,88,27,47,10]","[1,1,1,1,1]","[3,16,4,8]","[[0,1],[4],[2],[3]]",9,"[7,13,21,25,26,59,67,75,87]","[-1,1,-1,-1,1,-1,1,1,-1]",0,True
100,5,32,15,4,51249,5151334,516004438,2,30,60,"[9,88,27,47,10]","[1,1,1,1,1]","[3,16,4,8]","[[0,1],[4],[2],[3]]",5,"[34,43,76,78,83]","[1,1,-1,-1,1]",0,True
100,5,32,15,5,51249,5151334,516004439,1,31,31,"[9,88,27,47,10]","[1,1,1,1,1]","[3,16,4,8]","[[0,1],[4],[2],[3]]",5,"[27,52,55,58,80]","[1,-1,-1,1,-1]",0,True
100,5,64,15,1,51249,5151334,516007635,4,60,240,"[9,88,27,47,10]","[1,1,1,1,1]","[3,16,4,8]","[[0,1],[4],[2],[3]]",8,"[0,6,27,57,58,71,75,90]","[1,-1,1,-1,1,1,1,1]",0,True
100,5,64,15,2,51249,5151334,516007636,6,58,348,"[9,88,27,47,10]","[1,1,1,1,1]","[3,16,4,8]","[[0,1],[4],[2],[3]]",8,"[33,45,47,64,91,95,98,99]","[1,1,1,-1,-1,1,-1,1]",0,True
100,5,64,15,3,51249,5151334,516007637,4,60,240,"[9,88,27,47,10]","[1,1,1,1,1]","[3,16,4,8]","[[0,1],[4],[2],[3]]",8,"[7,26,29,33,41,49,51,75]","[-1,1,1,1,-1,1,1,1]",0,True
100,5,64,15,4,51249,5151334,516007638,4,60,240,"[9,88,27,47,10]","[1,1,1,1,1]","[3,16,4,8]","[[0,1],[4],[2],[3]]",8,"[29,55,57,59,61,75,76,98]","[1,1,1,1,-1,1,-1,1]",0,True
100,5,64,15,5,51249,5151334,516007639,2,62,124,"[9,88,27,47,10]","[1,1,1,1,1]","[3,16,4,8]","[[0,1],[4],[2],[3]]",7,"[1,15,43,46,48,60,96]","[1,-1,-1,1,-1,1,1]",0,True
10,6,32,1,1,61235,6011244,601104435,6,26,156,"[9,7,4,2,6,8]","[1,-1,1,-1,-1,-1]","[48,25,18,10,36,20,33,13,34,6,3,40]","[[4,5],[0,3,4],[1,4],[1,3],[2,5],[2,4],[0,5],[0,2,3],[1,5],[1,2],[0,1],[3,5]]",4,"[4,6,7,8]","[1,-1,-1,-1]",0,True
10,6,32,1,2,61235,6011244,601104436,8,24,192,"[9,7,4,2,6,8]","[1,-1,1,-1,-1,-1]","[48,25,18,10,36,20,33,13,34,6,3,40]","[[4,5],[0,3,4],[1,4],[1,3],[2,5],[2,4],[0,5],[0,2,3],[1,5],[1,2],[0,1],[3,5]]",5,"[2,4,6,7,8]","[-1,1,-1,-1,-1]",0,True
10,6,32,1,3,61235,6011244,601104437,3,29,87,"[9,7,4,2,6,8]","[1,-1,1,-1,-1,-1]","[48,25,18,10,36,20,33,13,34,6,3,40]","[[4,5],[0,3,4],[1,4],[1,3],[2,5],[2,4],[0,5],[0,2,3],[1,5],[1,2],[0,1],[3,5]]",5,"[2,4,6,7,8]","[-1,1,-1,-1,-1]",0,True
10,6,32,1,4,61235,6011244,601104438,10,22,220,"[9,7,4,2,6,8]","[1,-1,1,-1,-1,-1]","[48,25,18,10,36,20,33,13,34,6,3,40]","[[4,5],[0,3,4],[1,4],[1,3],[2,5],[2,4],[0,5],[0,2,3],[1,5],[1,2],[0,1],[3,5]]",5,"[2,4,6,7,8]","[-1,1,-1,-1,-1]",0,True
10,6,32,1,5,61235,6011244,601104439,7,25,175,"[9,7,4,2,6,8]","[1,-1,1,-1,-1,-1]","[48,25,18,10,36,20,33,13,34,6,3,40]","[[4,5],[0,3,4],[1,4],[1,3],[2,5],[2,4],[0,5],[0,2,3],[1,5],[1,2],[0,1],[3,5]]",6,"[4,5,6,7,8,9]","[1,-1,-1,-1,-1,1]",0,True
10,6,64,1,1,61235,6011244,601107635,12,52,624,"[9,7,4,2,6,8]","[1,-1,1,-1,-1,-1]","[48,25,18,10,36,20,33,13,34,6,3,40]","[[4,5],[0,3,4],[1,4],[1,3],[2,5],[2,4],[0,5],[0,2,3],[1,5],[1,2],[0,1],[3,5]]",5,"[4,6,7,8,9]","[1,-1,-1,-1,1]",0,True
10,6,64,1,2,61235,6011244,601107636,8,56,448,"[9,7,4,2,6,8]","[1,-1,1,-1,-1,-1]","[48,25,18,10,36,20,33,13,34,6,3,40]","[[4,5],[0,3,4],[1,4],[1,3],[2,5],[2,4],[0,5],[0,2,3],[1,5],[1,2],[0,1],[3,5]]",6,"[0,3,4,6,7,8]","[-1,-1,1,-1,-1,-1]",0,True
10,6,64,1,3,61235,6011244,601107637,17,47,799,"[9,7,4,2,6,8]","[1,-1,1,-1,-1,-1]","[48,25,18,10,36,20,33,13,34,6,3,40]","[[4,5],[0,3,4],[1,4],[1,3],[2,5],[2,4],[0,5],[0,2,3],[1,5],[1,2],[0,1],[3,5]]",5,"[1,4,6,7,8]","[1,1,-1,-1,-1]",0,True
10,6,64,1,4,61235,6011244,601107638,13,51,663,"[9,7,4,2,6,8]","[1,-1,1,-1,-1,-1]","[48,25,18,10,36,20,33,13,34,6,3,40]","[[4,5],[0,3,4],[1,4],[1,3],[2,5],[2,4],[0,5],[0,2,3],[1,5],[1,2],[0,1],[3,5]]",6,"[2,4,6,7,8,9]","[-1,1,-1,-1,-1,1]",0,True
10,6,64,1,5,61235,6011244,601107639,12,52,624,"[9,7,4,2,6,8]","[1,-1,1,-1,-1,-1]","[48,25,18,10,36,20,33,13,34,6,3,40]","[[4,5],[0,3,4],[1,4],[1,3],[2,5],[2,4],[0,5],[0,2,3],[1,5],[1,2],[0,1],[3,5]]",6,"[2,4,6,7,8,9]","[-1,1,-1,-1,-1,1]",0,True
10,6,128,1,1,61235,6011244,601114035,24,104,2496,"[9,7,4,2,6,8]","[1,-1,1,-1,-1,-1]","[48,25,18,10,36,20,33,13,34,6,3,40]","[[4,5],[0,3,4],[1,4],[1,3],[2,5],[2,4],[0,5],[0,2,3],[1,5],[1,2],[0,1],[3,5]]",6,"[2,4,6,7,8,9]","[-1,1,-1,-1,-1,1]",0,True
10,6,128,1,2,61235,6011244,601114036,18,110,1980,"[9,7,4,2,6,8]","[1,-1,1,-1,-1,-1]","[48,25,18,10,36,20,33,13,34,6,3,40]","[[4,5],[0,3,4],[1,4],[1,3],[2,5],[2,4],[0,5],[0,2,3],[1,5],[1,2],[0,1],[3,5]]",6,"[2,4,6,7,8,9]","[-1,1,-1,-1,-1,1]",0,True
10,6,128,1,3,61235,6011244,601114037,22,106,2332,"[9,7,4,2,6,8]","[1,-1,1,-1,-1,-1]","[48,25,18,10,36,20,33,13,34,6,3,40]","[[4,5],[0,3,4],[1,4],[1,3],[2,5],[2,4],[0,5],[0,2,3],[1,5],[1,2],[0,1],[3,5]]",6,"[2,4,6,7,8,9]","[-1,1,-1,-1,-1,1]",0,True
10,6,128,1,4,61235,6011244,601114038,25,103,2575,"[9,7,4,2,6,8]","[1,-1,1,-1,-1,-1]","[48,25,18,10,36,20,33,13,34,6,3,40]","[[4,5],[0,3,4],[1,4],[1,3],[2,5],[2,4],[0,5],[0,2,3],[1,5],[1,2],[0,1],[3,5]]",6,"[2,4,6,7,8,9]","[-1,1,-1,-1,-1,1]",0,True
10,6,128,1,5,61235,6011244,601114039,22,106,2332,"[9,7,4,2,6,8]","[1,-1,1,-1,-1,-1]","[48,25,18,10,36,20,33,13,34,6,3,40]","[[4,5],[0,3,4],[1,4],[1,3],[2,5],[2,4],[0,5],[0,2,3],[1,5],[1,2],[0,1],[3,5]]",6,"[2,4,6,7,8,9]","[-1,1,-1,-1,-1,1]",0,True
50,6,32,1,1,61235,6011284,601504435,2,30,60,"[46,49,24,17,10,47]","[1,-1,1,-1,-1,-1]","[48,25,18,10,36,20,33,13,34,6,3,40]","[[4,5],[0,3,4],[1,4],[1,3],[2,5],[2,4],[0,5],[0,2,3],[1,5],[1,2],[0,1],[3,5]]",5,"[11,17,18,20,32]","[-1,-1,1,-1,1]",0,True
50,6,32,1,2,61235,6011284,601504436,5,27,135,"[46,49,24,17,10,47]","[1,-1,1,-1,-1,-1]","[48,25,18,10,36,20,33,13,34,6,3,40]","[[4,5],[0,3,4],[1,4],[1,3],[2,5],[2,4],[0,5],[0,2,3],[1,5],[1,2],[0,1],[3,5]]",7,"[0,11,15,22,25,26,32]","[1,1,1,-1,-1,-1,1]",0,True
50,6,32,1,3,61235,6011284,601504437,5,27,135,"[46,49,24,17,10,47]","[1,-1,1,-1,-1,-1]","[48,25,18,10,36,20,33,13,34,6,3,40]","[[4,5],[0,3,4],[1,4],[1,3],[2,5],[2,4],[0,5],[0,2,3],[1,5],[1,2],[0,1],[3,5]]",9,"[1,2,5,7,9,21,23,35,46]","[1,-1,1,1,-1,1,-1,-1,1]",0,True
50,6,32,1,4,61235,6011284,601504438,5,27,135,"[46,49,24,17,10,47]","[1,-1,1,-1,-1,-1]","[48,25,18,10,36,20,33,13,34,6,3,40]","[[4,5],[0,3,4],[1,4],[1,3],[2,5],[2,4],[0,5],[0,2,3],[1,5],[1,2],[0,1],[3,5]]",6,"[13,18,29,37,39,46]","[1,1,1,-1,-1,1]",0,True
50,6,32,1,5,61235,6011284,601504439,3,29,87,"[46,49,24,17,10,47]","[1,-1,1,-1,-1,-1]","[48,25,18,10,36,20,33,13,34,6,3,40]","[[4,5],[0,3,4],[1,4],[1,3],[2,5],[2,4],[0,5],[0,2,3],[1,5],[1,2],[0,1],[3,5]]",3,"[30,31,49]","[-1,1,-1]",0,True
50,6,64,1,1,61235,6011284,601507635,6,58,348,"[46,49,24,17,10,47]","[1,-1,1,-1,-1,-1]","[48,25,18,10,36,20,33,13,34,6,3,40]","[[4,5],[0,3,4],[1,4],[1,3],[2,5],[2,4],[0,5],[0,2,3],[1,5],[1,2],[0,1],[3,5]]",9,"[7,10,11,18,27,31,36,40,47]","[1,-1,1,-1,-1,-1,-1,1,-1]",0,True
50,6,64,1,2,61235,6011284,601507636,10,54,540,"[46,49,24,17,10,47]","[1,-1,1,-1,-1,-1]","[48,25,18,10,36,20,33,13,34,6,3,40]","[[4,5],[0,3,4],[1,4],[1,3],[2,5],[2,4],[0,5],[0,2,3],[1,5],[1,2],[0,1],[3,5]]",9,"[4,5,14,19,24,34,44,46,47]","[-1,-1,1,1,1,1,-1,-1,-1]",0,True
50,6,64,1,3,61235,6011284,601507637,12,52,624,"[46,49,24,17,10,47]","[1,-1,1,-1,-1,-1]","[48,25,18,10,36,20,33,13,34,6,3,40]","[[4,5],[0,3,4],[1,4],[1,3],[2,5],[2,4],[0,5],[0,2,3],[1,5],[1,2],[0,1],[3,5]]",10,"[10,11,17,20,21,27,30,33,37,49]","[-1,-1,-1,-1,1,-1,-1,-1,1,-1]",0,True
50,6,64,1,4,61235,6011284,601507638,10,54,540,"[46,49,24,17,10,47]","[1,-1,1,-1,-1,-1]","[48,25,18,10,36,20,33,13,34,6,3,40]","[[4,5],[0,3,4],[1,4],[1,3],[2,5],[2,4],[0,5],[0,2,3],[1,5],[1,2],[0,1],[3,5]]",10,"[4,5,13,25,29,34,35,42,46,48]","[1,1,-1,1,1,-1,-1,-1,1,-1]",0,True
50,6,64,1,5,61235,6011284,601507639,12,52,624,"[46,49,24,17,10,47]","[1,-1,1,-1,-1,-1]","[48,25,18,10,36,20,33,13,34,6,3,40]","[[4,5],[0,3,4],[1,4],[1,3],[2,5],[2,4],[0,5],[0,2,3],[1,5],[1,2],[0,1],[3,5]]",9,"[4,5,6,10,31,42,43,44,47]","[1,-1,-1,-1,-1,-1,1,1,-1]",0,True
50,6,128,1,1,61235,6011284,601514035,20,108,2160,"[46,49,24,17,10,47]","[1,-1,1,-1,-1,-1]","[48,25,18,10,36,20,33,13,34,6,3,40]","[[4,5],[0,3,4],[1,4],[1,3],[2,5],[2,4],[0,5],[0,2,3],[1,5],[1,2],[0,1],[3,5]]",12,"[0,5,6,7,10,20,33,35,37,41,42,47]","[1,1,-1,-1,-1,1,-1,-1,1,1,-1,-1]",0,True
50,6,128,1,2,61235,6011284,601514036,24,104,2496,"[46,49,24,17,10,47]","[1,-1,1,-1,-1,-1]","[48,25,18,10,36,20,33,13,34,6,3,40]","[[4,5],[0,3,4],[1,4],[1,3],[2,5],[2,4],[0,5],[0,2,3],[1,5],[1,2],[0,1],[3,5]]",15,"[9,10,11,15,21,22,28,31,32,34,38,40,42,45,46]","[1,-1,-1,-1,1,-1,1,-1,1,-1,1,-1,-1,-1,1]",0,True
50,6,128,1,3,61235,6011284,601514037,21,107,2247,"[46,49,24,17,10,47]","[1,-1,1,-1,-1,-1]","[48,25,18,10,36,20,33,13,34,6,3,40]","[[4,5],[0,3,4],[1,4],[1,3],[2,5],[2,4],[0,5],[0,2,3],[1,5],[1,2],[0,1],[3,5]]",15,"[1,3,4,6,14,17,20,21,24,26,29,33,39,40,44]","[1,-1,1,1,-1,-1,-1,-1,1,1,-1,-1,1,1,-1]",0,True
50,6,128,1,4,61235,6011284,601514038,22,106,2332,"[46,49,24,17,10,47]","[1,-1,1,-1,-1,-1]","[48,25,18,10,36,20,33,13,34,6,3,40]","[[4,5],[0,3,4],[1,4],[1,3],[2,5],[2,4],[0,5],[0,2,3],[1,5],[1,2],[0,1],[3,5]]",16,"[0,1,5,10,16,17,21,25,26,32,33,35,36,41,44,48]","[-1,-1,1,1,1,-1,1,1,-1,-1,-1,-1,-1,-1,-1,1]",0,True
50,6,128,1,5,61235,6011284,601514039,24,104,2496,"[46,49,24,17,10,47]","[1,-1,1,-1,-1,-1]","[48,25,18,10,36,20,33,13,34,6,3,40]","[[4,5],[0,3,4],[1,4],[1,3],[2,5],[2,4],[0,5],[0,2,3],[1,5],[1,2],[0,1],[3,5]]",14,"[1,4,10,20,24,25,28,37,40,41,43,44,45,47]","[1,1,-1,-1,1,-1,1,-1,1,1,1,1,1,-1]",0,True
100,6,32,1,1,61235,6011334,602004435,7,25,175,"[41,46,43,32,87,72]","[1,-1,1,-1,-1,-1]","[48,25,18,10,36,20,33,13,34,6,3,40]","[[4,5],[0,3,4],[1,4],[1,3],[2,5],[2,4],[0,5],[0,2,3],[1,5],[1,2],[0,1],[3,5]]",8,"[42,44,45,52,69,88,91,93]","[-1,-1,1,-1,1,1,-1,1]",0,True
100,6,32,1,2,61235,6011334,602004436,6,26,156,"[41,46,43,32,87,72]","[1,-1,1,-1,-1,-1]","[48,25,18,10,36,20,33,13,34,6,3,40]","[[4,5],[0,3,4],[1,4],[1,3],[2,5],[2,4],[0,5],[0,2,3],[1,5],[1,2],[0,1],[3,5]]",7,"[33,34,35,43,66,71,92]","[-1,-1,1,1,1,-1,-1]",0,True
100,6,32,1,3,61235,6011334,602004437,10,22,220,"[41,46,43,32,87,72]","[1,-1,1,-1,-1,-1]","[48,25,18,10,36,20,33,13,34,6,3,40]","[[4,5],[0,3,4],[1,4],[1,3],[2,5],[2,4],[0,5],[0,2,3],[1,5],[1,2],[0,1],[3,5]]",8,"[22,25,29,31,37,58,88,93]","[1,-1,-1,1,-1,-1,1,1]",0,True
100,6,32,1,4,61235,6011334,602004438,8,24,192,"[41,46,43,32,87,72]","[1,-1,1,-1,-1,-1]","[48,25,18,10,36,20,33,13,34,6,3,40]","[[4,5],[0,3,4],[1,4],[1,3],[2,5],[2,4],[0,5],[0,2,3],[1,5],[1,2],[0,1],[3,5]]",7,"[3,15,18,19,21,51,84]","[-1,-1,-1,1,1,-1,1]",0,True
100,6,32,1,5,61235,6011334,602004439,7,25,175,"[41,46,43,32,87,72]","[1,-1,1,-1,-1,-1]","[48,25,18,10,36,20,33,13,34,6,3,40]","[[4,5],[0,3,4],[1,4],[1,3],[2,5],[2,4],[0,5],[0,2,3],[1,5],[1,2],[0,1],[3,5]]",7,"[32,64,71,75,86,94,97]","[1,1,-1,1,1,-1,1]",0,True
100,6,64,1,1,61235,6011334,602007635,14,50,700,"[41,46,43,32,87,72]","[1,-1,1,-1,-1,-1]","[48,25,18,10,36,20,33,13,34,6,3,40]","[[4,5],[0,3,4],[1,4],[1,3],[2,5],[2,4],[0,5],[0,2,3],[1,5],[1,2],[0,1],[3,5]]",9,"[6,14,18,23,26,38,42,86,87]","[1,1,1,-1,-1,-1,-1,1,-1]",0,True
100,6,64,1,2,61235,6011334,602007636,6,58,348,"[41,46,43,32,87,72]","[1,-1,1,-1,-1,-1]","[48,25,18,10,36,20,33,13,34,6,3,40]","[[4,5],[0,3,4],[1,4],[1,3],[2,5],[2,4],[0,5],[0,2,3],[1,5],[1,2],[0,1],[3,5]]",7,"[1,6,43,51,90,91,96]","[-1,1,1,-1,1,1,-1]",0,True
100,6,64,1,3,61235,6011334,602007637,12,52,624,"[41,46,43,32,87,72]","[1,-1,1,-1,-1,-1]","[48,25,18,10,36,20,33,13,34,6,3,40]","[[4,5],[0,3,4],[1,4],[1,3],[2,5],[2,4],[0,5],[0,2,3],[1,5],[1,2],[0,1],[3,5]]",10,"[7,11,43,47,58,63,72,83,85,91]","[-1,1,1,1,1,1,-1,1,1,1]",0,True
100,6,64,1,4,61235,6011334,602007638,7,57,399,"[41,46,43,32,87,72]","[1,-1,1,-1,-1,-1]","[48,25,18,10,36,20,33,13,34,6,3,40]","[[4,5],[0,3,4],[1,4],[1,3],[2,5],[2,4],[0,5],[0,2,3],[1,5],[1,2],[0,1],[3,5]]",10,"[6,12,24,37,45,46,51,55,59,68]","[-1,1,-1,-1,1,-1,-1,1,-1,1]",0,True
100,6,64,1,5,61235,6011334,602007639,9,55,495,"[41,46,43,32,87,72]","[1,-1,1,-1,-1,-1]","[48,25,18,10,36,20,33,13,34,6,3,40]","[[4,5],[0,3,4],[1,4],[1,3],[2,5],[2,4],[0,5],[0,2,3],[1,5],[1,2],[0,1],[3,5]]",10,"[7,13,15,24,54,69,71,72,89,93]","[1,1,1,1,-1,1,-1,-1,-1,1]",0,True
100,6,128,1,1,61235,6011334,602014035,24,104,2496,"[41,46,43,32,87,72]","[1,-1,1,-1,-1,-1]","[48,25,18,10,36,20,33,13,34,6,3,40]","[[4,5],[0,3,4],[1,4],[1,3],[2,5],[2,4],[0,5],[0,2,3],[1,5],[1,2],[0,1],[3,5]]",14,"[9,22,26,30,32,34,42,48,73,80,89,95,97,99]","[-1,-1,-1,1,-1,-1,-1,1,1,1,1,1,-1,1]",0,True
100,6,128,1,2,61235,6011334,602014036,21,107,2247,"[41,46,43,32,87,72]","[1,-1,1,-1,-1,-1]","[48,25,18,10,36,20,33,13,34,6,3,40]","[[4,5],[0,3,4],[1,4],[1,3],[2,5],[2,4],[0,5],[0,2,3],[1,5],[1,2],[0,1],[3,5]]",14,"[6,24,27,28,29,32,35,37,39,40,46,75,87,97]","[-1,1,-1,1,1,-1,-1,1,1,-1,-1,1,-1,-1]",0,True
100,6,128,1,3,61235,6011334,602014037,18,110,1980,"[41,46,43,32,87,72]","[1,-1,1,-1,-1,-1]","[48,25,18,10,36,20,33,13,34,6,3,40]","[[4,5],[0,3,4],[1,4],[1,3],[2,5],[2,4],[0,5],[0,2,3],[1,5],[1,2],[0,1],[3,5]]",16,"[0,5,7,20,21,22,25,27,52,55,61,69,75,78,87,98]","[1,-1,1,1,1,1,1,1,-1,-1,-1,1,-1,-1,-1,-1]",0,True
100,6,128,1,4,61235,6011334,602014038,18,110,1980,"[41,46,43,32,87,72]","[1,-1,1,-1,-1,-1]","[48,25,18,10,36,20,33,13,34,6,3,40]","[[4,5],[0,3,4],[1,4],[1,3],[2,5],[2,4],[0,5],[0,2,3],[1,5],[1,2],[0,1],[3,5]]",11,"[5,11,20,27,30,35,44,46,49,67,72]","[1,-1,1,1,1,1,-1,-1,-1,-1,-1]",0,True
100,6,128,1,5,61235,6011334,602014039,18,110,1980,"[41,46,43,32,87,72]","[1,-1,1,-1,-1,-1]","[48,25,18,10,36,20,33,13,34,6,3,40]","[[4,5],[0,3,4],[1,4],[1,3],[2,5],[2,4],[0,5],[0,2,3],[1,5],[1,2],[0,1],[3,5]]",14,"[7,11,14,25,26,32,33,34,35,54,62,64,71,81]","[1,1,1,1,1,-1,-1,1,-1,-1,-1,-1,1,1]",0,True
10,6,32,2,1,61236,6021244,602104435,16,16,256,"[5,8,1,6,7,4]","[1,1,-1,1,1,1]","[19,29,33,15,52,46,56,22,50,26]","[[0,1,4],[0,2,3,4],[0,5],[0,1,2,3],[2,4,5],[1,2,3,5],[3,4,5],[1,2,4],[1,4,5],[1,3,4]]",7,"[1,2,5,6,7,8,9]","[-1,1,1,1,1,1,-1]",0,True
10,6,32,2,2,61236,6021244,602104436,14,18,252,"[5,8,1,6,7,4]","[1,1,-1,1,1,1]","[19,29,33,15,52,46,56,22,50,26]","[[0,1,4],[0,2,3,4],[0,5],[0,1,2,3],[2,4,5],[1,2,3,5],[3,4,5],[1,2,4],[1,4,5],[1,3,4]]",6,"[0,2,3,4,5,9]","[-1,-1,-1,1,1,-1]",0,True
10,6,32,2,3,61236,6021244,602104437,20,12,240,"[5,8,1,6,7,4]","[1,1,-1,1,1,1]","[19,29,33,15,52,46,56,22,50,26]","[[0,1,4],[0,2,3,4],[0,5],[0,1,2,3],[2,4,5],[1,2,3,5],[3,4,5],[1,2,4],[1,4,5],[1,3,4]]",5,"[3,4,6,7,8]","[1,1,1,1,1]",0,True
10,6,32,2,4,61236,6021244,602104438,17,15,255,"[5,8,1,6,7,4]","[1,1,-1,1,1,1]","[19,29,33,15,52,46,56,22,50,26]","[[0,1,4],[0,2,3,4],[0,5],[0,1,2,3],[2,4,5],[1,2,3,5],[3,4,5],[1,2,4],[1,4,5],[1,3,4]]",8,"[0,1,2,4,5,6,7,9]","[1,-1,1,1,1,1,1,-1]",0,True
10,6,32,2,5,61236,6021244,602104439,13,19,247,"[5,8,1,6,7,4]","[1,1,-1,1,1,1]","[19,29,33,15,52,46,56,22,50,26]","[[0,1,4],[0,2,3,4],[0,5],[0,1,2,3],[2,4,5],[1,2,3,5],[3,4,5],[1,2,4],[1,4,5],[1,3,4]]",5,"[1,4,5,7,8]","[-1,1,1,1,1]",0,True
10,6,64,2,1,61236,6021244,602107635,33,31,1023,"[5,8,1,6,7,4]","[1,1,-1,1,1,1]","[19,29,33,15,52,46,56,22,50,26]","[[0,1,4],[0,2,3,4],[0,5],[0,1,2,3],[2,4,5],[1,2,3,5],[3,4,5],[1,2,4],[1,4,5],[1,3,4]]",6,"[1,2,4,5,7,8]","[-1,-1,1,1,1,1]",0,True
10,6,64,2,2,61236,6021244,602107636,33,31,1023,"[5,8,1,6,7,4]","[1,1,-1,1,1,1]","[19,29,33,15,52,46,56,22,50,26]","[[0,1,4],[0,2,3,4],[0,5],[0,1,2,3],[2,4,5],[1,2,3,5],[3,4,5],[1,2,4],[1,4,5],[1,3,4]]",6,"[1,4,5,6,7,8]","[-1,1,1,1,1,1]",0,True
10,6,64,2,3,61236,6021244,602107637,30,34,1020,"[5,8,1,6,7,4]","[1,1,-1,1,1,1]","[19,29,33,15,52,46,56,22,50,26]","[[0,1,4],[0,2,3,4],[0,5],[0,1,2,3],[2,4,5],[1,2,3,5],[3,4,5],[1,2,4],[1,4,5],[1,3,4]]",6,"[1,4,5,6,7,8]","[-1,1,1,1,1,1]",0,True
10,6,64,2,4,61236,6021244,602107638,35,29,1015,"[5,8,1,6,7,4]","[1,1,-1,1,1,1]","[19,29,33,15,52,46,56,22,50,26]","[[0,1,4],[0,2,3,4],[0,5],[0,1,2,3],[2,4,5],[1,2,3,5],[3,4,5],[1,2,4],[1,4,5],[1,3,4]]",6,"[1,4,5,6,7,8]","[-1,1,1,1,1,1]",0,True
10,6,64,2,5,61236,6021244,602107639,36,28,1008,"[5,8,1,6,7,4]","[1,1,-1,1,1,1]","[19,29,33,15,52,46,56,22,50,26]","[[0,1,4],[0,2,3,4],[0,5],[0,1,2,3],[2,4,5],[1,2,3,5],[3,4,5],[1,2,4],[1,4,5],[1,3,4]]",6,"[1,4,5,6,7,8]","[-1,1,1,1,1,1]",0,True
10,6,128,2,1,61236,6021244,602114035,55,73,4015,"[5,8,1,6,7,4]","[1,1,-1,1,1,1]","[19,29,33,15,52,46,56,22,50,26]","[[0,1,4],[0,2,3,4],[0,5],[0,1,2,3],[2,4,5],[1,2,3,5],[3,4,5],[1,2,4],[1,4,5],[1,3,4]]",6,"[1,4,5,6,7,8]","[-1,1,1,1,1,1]",0,True
10,6,128,2,2,61236,6021244,602114036,61,67,4087,"[5,8,1,6,7,4]","[1,1,-1,1,1,1]","[19,29,33,15,52,46,56,22,50,26]","[[0,1,4],[0,2,3,4],[0,5],[0,1,2,3],[2,4,5],[1,2,3,5],[3,4,5],[1,2,4],[1,4,5],[1,3,4]]",6,"[1,4,5,6,7,8]","[-1,1,1,1,1,1]",0,True
10,6,128,2,3,61236,6021244,602114037,72,56,4032,"[5,8,1,6,7,4]","[1,1,-1,1,1,1]","[19,29,33,15,52,46,56,22,50,26]","[[0,1,4],[0,2,3,4],[0,5],[0,1,2,3],[2,4,5],[1,2,3,5],[3,4,5],[1,2,4],[1,4,5],[1,3,4]]",6,"[1,4,5,6,7,8]","[-1,1,1,1,1,1]",0,True
10,6,128,2,4,61236,6021244,602114038,63,65,4095,"[5,8,1,6,7,4]","[1,1,-1,1,1,1]","[19,29,33,15,52,46,56,22,50,26]","[[0,1,4],[0,2,3,4],[0,5],[0,1,2,3],[2,4,5],[1,2,3,5],[3,4,5],[1,2,4],[1,4,5],[1,3,4]]",6,"[1,4,5,6,7,8]","[-1,1,1,1,1,1]",0,True
10,6,128,2,5,61236,6021244,602114039,58,70,4060,"[5,8,1,6,7,4]","[1,1,-1,1,1,1]","[19,29,33,15,52,46,56,22,50,26]","[[0,1,4],[0,2,3,4],[0,5],[0,1,2,3],[2,4,5],[1,2,3,5],[3,4,5],[1,2,4],[1,4,5],[1,3,4]]",6,"[1,4,5,6,7,8]","[-1,1,1,1,1,1]",0,True
50,6,32,2,1,61236,6021284,602504435,16,16,256,"[43,7,28,4,5,25]","[1,1,-1,1,1,1]","[19,29,33,15,52,46,56,22,50,26]","[[0,1,4],[0,2,3,4],[0,5],[0,1,2,3],[2,4,5],[1,2,3,5],[3,4,5],[1,2,4],[1,4,5],[1,3,4]]",7,"[9,10,21,24,25,35,48]","[1,1,-1,-1,1,1,1]",0,True
50,6,32,2,2,61236,6021284,602504436,13,19,247,"[43,7,28,4,5,25]","[1,1,-1,1,1,1]","[19,29,33,15,52,46,56,22,50,26]","[[0,1,4],[0,2,3,4],[0,5],[0,1,2,3],[2,4,5],[1,2,3,5],[3,4,5],[1,2,4],[1,4,5],[1,3,4]]",9,"[5,8,14,15,18,21,24,28,29]","[1,1,1,-1,1,-1,1,-1,1]",0,True
50,6,32,2,3,61236,6021284,602504437,22,10,220,"[43,7,28,4,5,25]","[1,1,-1,1,1,1]","[19,29,33,15,52,46,56,22,50,26]","[[0,1,4],[0,2,3,4],[0,5],[0,1,2,3],[2,4,5],[1,2,3,5],[3,4,5],[1,2,4],[1,4,5],[1,3,4]]",7,"[5,13,21,24,25,33,43]","[1,1,-1,-1,1,-1,1]",0,True
50,6,32,2,4,61236,6021284,602504438,16,16,256,"[43,7,28,4,5,25]","[1,1,-1,1,1,1]","[19,29,33,15,52,46,56,22,50,26]","[[0,1,4],[0,2,3,4],[0,5],[0,1,2,3],[2,4,5],[1,2,3,5],[3,4,5],[1,2,4],[1,4,5],[1,3,4]]",6,"[4,5,10,12,28,35]","[1,1,-1,-1,-1,1]",0,True
50,6,32,2,5,61236,6021284,602504439,15,17,255,"[43,7,28,4,5,25]","[1,1,-1,1,1,1]","[19,29,33,15,52,46,56,22,50,26]","[[0,1,4],[0,2,3,4],[0,5],[0,1,2,3],[2,4,5],[1,2,3,5],[3,4,5],[1,2,4],[1,4,5],[1,3,4]]",8,"[10,12,20,28,34,36,43,49]","[1,-1,1,-1,1,1,1,-1]",0,True
50,6,64,2,1,61236,6021284,602507635,37,27,999,"[43,7,28,4,5,25]","[1,1,-1,1,1,1]","[19,29,33,15,52,46,56,22,50,26]","[[0,1,4],[0,2,3,4],[0,5],[0,1,2,3],[2,4,5],[1,2,3,5],[3,4,5],[1,2,4],[1,4,5],[1,3,4]]",11,"[4,5,8,11,18,24,27,30,36,42,43]","[1,1,1,1,-1,1,1,1,-1,1,1]",0,True
50,6,64,2,2,61236,6021284,602507636,34,30,1020,"[43,7,28,4,5,25]","[1,1,-1,1,1,1]","[19,29,33,15,52,46,56,22,50,26]","[[0,1,4],[0,2,3,4],[0,5],[0,1,2,3],[2,4,5],[1,2,3,5],[3,4,5],[1,2,4],[1,4,5],[1,3,4]]",11,"[1,6,10,17,23,25,30,40,42,46,48]","[-1,1,1,1,1,1,-1,-1,1,-1,-1]",0,True
50,6,64,2,3,61236,6021284,602507637,34,30,1020,"[43,7,28,4,5,25]","[1,1,-1,1,1,1]","[19,29,33,15,52,46,56,22,50,26]","[[0,1,4],[0,2,3,4],[0,5],[0,1,2,3],[2,4,5],[1,2,3,5],[3,4,5],[1,2,4],[1,4,5],[1,3,4]]",12,"[1,3,8,16,17,18,19,25,34,36,37,45]","[1,-1,-1,1,-1,1,-1,1,1,1,1,1]",0,True
50,6,64,2,4,61236,6021284,602507638,30,34,1020,"[43,7,28,4,5,25]","[1,1,-1,1,1,1]","[19,29,33,15,52,46,56,22,50,26]","[[0,1,4],[0,2,3,4],[0,5],[0,1,2,3],[2,4,5],[1,2,3,5],[3,4,5],[1,2,4],[1,4,5],[1,3,4]]",12,"[18,20,24,25,27,29,31,32,38,40,41,47]","[1,1,1,1,1,-1,1,1,-1,1,1,1]",0,True
50,6,64,2,5,61236,6021284,602507639,32,32,1024,"[43,7,28,4,5,25]","[1,1,-1,1,1,1]","[19,29,33,15,52,46,56,22,50,26]","[[0,1,4],[0,2,3,4],[0,5],[0,1,2,3],[2,4,5],[1,2,3,5],[3,4,5],[1,2,4],[1,4,5],[1,3,4]]",10,"[3,11,12,22,25,31,38,39,44,47]","[1,-1,-1,-1,1,1,1,1,-1,1]",0,True
50,6,128,2,1,61236,6021284,602514035,63,65,4095,"[43,7,28,4,5,25]","[1,1,-1,1,1,1]","[19,29,33,15,52,46,56,22,50,26]","[[0,1,4],[0,2,3,4],[0,5],[0,1,2,3],[2,4,5],[1,2,3,5],[3,4,5],[1,2,4],[1,4,5],[1,3,4]]",16,"[4,7,13,16,17,18,20,25,28,29,35,39,43,45,47,48]","[-1,1,1,-1,-1,-1,-1,1,-1,-1,1,-1,1,1,-1,1]",0,True
50,6,128,2,2,61236,6021284,602514036,70,58,4060,"[43,7,28,4,5,25]","[1,1,-1,1,1,1]","[19,29,33,15,52,46,56,22,50,26]","[[0,1,4],[0,2,3,4],[0,5],[0,1,2,3],[2,4,5],[1,2,3,5],[3,4,5],[1,2,4],[1,4,5],[1,3,4]]",15,"[1,6,7,10,14,20,25,28,29,30,32,36,38,44,47]","[1,1,1,-1,1,-1,1,-1,1,-1,-1,-1,-1,1,1]",0,True
50,6,128,2,3,61236,6021284,602514037,65,63,4095,"[43,7,28,4,5,25]","[1,1,-1,1,1,1]","[19,29,33,15,52,46,56,22,50,26]","[[0,1,4],[0,2,3,4],[0,5],[0,1,2,3],[2,4,5],[1,2,3,5],[3,4,5],[1,2,4],[1,4,5],[1,3,4]]",16,"[0,1,2,3,5,7,15,19,27,32,33,36,39,42,44,47]","[1,1,1,-1,1,1,1,1,-1,1,-1,1,-1,-1,-1,-1]",0,True
50,6,128,2,4,61236,6021284,602514038,69,59,4071,"[43,7,28,4,5,25]","[1,1,-1,1,1,1]","[19,29,33,15,52,46,56,22,50,26]","[[0,1,4],[0,2,3,4],[0,5],[0,1,2,3],[2,4,5],[1,2,3,5],[3,4,5],[1,2,4],[1,4,5],[1,3,4]]",11,"[3,5,20,21,22,25,28,31,36,43,46]","[1,1,-1,1,1,1,-1,1,-1,1,-1]",0,True
50,6,128,2,5,61236,6021284,602514039,60,68,4080,"[43,7,28,4,5,25]","[1,1,-1,1,1,1]","[19,29,33,15,52,46,56,22,50,26]","[[0,1,4],[0,2,3,4],[0,5],[0,1,2,3],[2,4,5],[1,2,3,5],[3,4,5],[1,2,4],[1,4,5],[1,3,4]]",16,"[2,3,6,7,9,11,16,19,22,23,26,27,28,32,34,48]","[-1,-1,1,1,1,-1,-1,-1,1,-1,-1,1,-1,-1,1,1]",0,True
100,6,32,2,1,61236,6021334,603004435,14,18,252,"[5,59,98,82,78,68]","[1,1,-1,1,1,1]","[19,29,33,15,52,46,56,22,50,26]","[[0,1,4],[0,2,3,4],[0,5],[0,1,2,3],[2,4,5],[1,2,3,5],[3,4,5],[1,2,4],[1,4,5],[1,3,4]]",11,"[1,2,4,16,22,28,41,51,65,83,94]","[-1,-1,1,-1,1,1,1,-1,-1,1,-1]",0,True
100,6,32,2,2,61236,6021334,603004436,20,12,240,"[5,59,98,82,78,68]","[1,1,-1,1,1,1]","[19,29,33,15,52,46,56,22,50,26]","[[0,1,4],[0,2,3,4],[0,5],[0,1,2,3],[2,4,5],[1,2,3,5],[3,4,5],[1,2,4],[1,4,5],[1,3,4]]",8,"[11,32,34,61,69,85,92,94]","[-1,1,-1,1,1,1,1,-1]",0,True
100,6,32,2,3,61236,6021334,603004437,11,21,231,"[5,59,98,82,78,68]","[1,1,-1,1,1,1]","[19,29,33,15,52,46,56,22,50,26]","[[0,1,4],[0,2,3,4],[0,5],[0,1,2,3],[2,4,5],[1,2,3,5],[3,4,5],[1,2,4],[1,4,5],[1,3,4]]",9,"[5,24,28,32,39,49,52,77,79]","[1,1,-1,-1,-1,1,-1,-1,1]",0,True
100,6,32,2,4,61236,6021334,603004438,20,12,240,"[5,59,98,82,78,68]","[1,1,-1,1,1,1]","[19,29,33,15,52,46,56,22,50,26]","[[0,1,4],[0,2,3,4],[0,5],[0,1,2,3],[2,4,5],[1,2,3,5],[3,4,5],[1,2,4],[1,4,5],[1,3,4]]",7,"[5,40,51,55,68,78,89]","[1,-1,1,1,1,1,-1]",0,True
100,6,32,2,5,61236,6021334,603004439,20,12,240,"[5,59,98,82,78,68]","[1,1,-1,1,1,1]","[19,29,33,15,52,46,56,22,50,26]","[[0,1,4],[0,2,3,4],[0,5],[0,1,2,3],[2,4,5],[1,2,3,5],[3,4,5],[1,2,4],[1,4,5],[1,3,4]]",7,"[12,71,74,75,81,82,95]","[1,1,-1,1,-1,1,1]",0,True
100,6,64,2,1,61236,6021334,603007635,33,31,1023,"[5,59,98,82,78,68]","[1,1,-1,1,1,1]","[19,29,33,15,52,46,56,22,50,26]","[[0,1,4],[0,2,3,4],[0,5],[0,1,2,3],[2,4,5],[1,2,3,5],[3,4,5],[1,2,4],[1,4,5],[1,3,4]]",9,"[19,24,28,31,56,78,84,89,95]","[-1,1,1,-1,-1,1,-1,1,-1]",0,True
100,6,64,2,2,61236,6021334,603007636,29,35,1015,"[5,59,98,82,78,68]","[1,1,-1,1,1,1]","[19,29,33,15,52,46,56,22,50,26]","[[0,1,4],[0,2,3,4],[0,5],[0,1,2,3],[2,4,5],[1,2,3,5],[3,4,5],[1,2,4],[1,4,5],[1,3,4]]",12,"[1,5,12,13,41,51,54,65,72,76,89,91]","[-1,1,-1,-1,-1,-1,-1,-1,-1,1,1,1]",0,True
100,6,64,2,3,61236,6021334,603007637,27,37,999,"[5,59,98,82,78,68]","[1,1,-1,1,1,1]","[19,29,33,15,52,46,56,22,50,26]","[[0,1,4],[0,2,3,4],[0,5],[0,1,2,3],[2,4,5],[1,2,3,5],[3,4,5],[1,2,4],[1,4,5],[1,3,4]]",11,"[3,8,23,30,34,48,57,74,76,83,98]","[1,1,1,-1,1,-1,-1,-1,1,1,-1]",0,True
100,6,64,2,4,61236,6021334,603007638,29,35,1015,"[5,59,98,82,78,68]","[1,1,-1,1,1,1]","[19,29,33,15,52,46,56,22,50,26]","[[0,1,4],[0,2,3,4],[0,5],[0,1,2,3],[2,4,5],[1,2,3,5],[3,4,5],[1,2,4],[1,4,5],[1,3,4]]",11,"[1,13,20,22,45,46,51,62,78,85,92]","[1,-1,1,-1,-1,1,-1,1,1,1,1]",0,True
100,6,64,2,5,61236,6021334,603007639,32,32,1024,"[5,59,98,82,78,68]","[1,1,-1,1,1,1]","[19,29,33,15,52,46,56,22,50,26]","[[0,1,4],[0,2,3,4],[0,5],[0,1,2,3],[2,4,5],[1,2,3,5],[3,4,5],[1,2,4],[1,4,5],[1,3,4]]",13,"[16,19,32,40,45,46,51,53,71,73,77,85,93]","[-1,-1,-1,1,1,-1,1,1,1,1,-1,1,-1]",0,True
100,6,128,2,1,61236,6021334,603014035,62,66,4092,"[5,59,98,82,78,68]","[1,1,-1,1,1,1]","[19,29,33,15,52,46,56,22,50,26]","[[0,1,4],[0,2,3,4],[0,5],[0,1,2,3],[2,4,5],[1,2,3,5],[3,4,5],[1,2,4],[1,4,5],[1,3,4]]",18,"[1,4,7,28,29,43,44,48,53,54,56,61,66,77,80,83,85,87]","[-1,1,-1,-1,1,-1,1,1,-1,1,-1,1,1,1,1,1,-1,-1]",0,True
100,6,128,2,2,61236,6021334,603014036,72,56,4032,"[5,59,98,82,78,68]","[1,1,-1,1,1,1]","[19,29,33,15,52,46,56,22,50,26]","[[0,1,4],[0,2,3,4],[0,5],[0,1,2,3],[2,4,5],[1,2,3,5],[3,4,5],[1,2,4],[1,4,5],[1,3,4]]",15,"[1,8,36,40,43,52,54,59,66,68,69,70,71,92,96]","[-1,-1,-1,1,-1,-1,-1,1,-1,1,-1,-1,-1,1,-1]",0,True
100,6,128,2,3,61236,6021334,603014037,62,66,4092,"[5,59,98,82,78,68]","[1,1,-1,1,1,1]","[19,29,33,15,52,46,56,22,50,26]","[[0,1,4],[0,2,3,4],[0,5],[0,1,2,3],[2,4,5],[1,2,3,5],[3,4,5],[1,2,4],[1,4,5],[1,3,4]]",16,"[0,5,8,14,16,43,62,63,64,65,69,71,74,88,91,92]","[-1,1,-1,-1,-1,-1,1,-1,1,1,1,-1,-1,1,1,1]",0,True
100,6,128,2,4,61236,6021334,603014038,59,69,4071,"[5,59,98,82,78,68]","[1,1,-1,1,1,1]","[19,29,33,15,52,46,56,22,50,26]","[[0,1,4],[0,2,3,4],[0,5],[0,1,2,3],[2,4,5],[1,2,3,5],[3,4,5],[1,2,4],[1,4,5],[1,3,4]]",17,"[0,29,33,37,40,43,60,64,67,70,73,74,78,79,82,90,99]","[-1,1,1,-1,-1,-1,1,-1,1,1,-1,1,1,-1,1,-1,1]",0,True
100,6,128,2,5,61236,6021334,603014039,55,73,4015,"[5,59,98,82,78,68]","[1,1,-1,1,1,1]","[19,29,33,15,52,46,56,22,50,26]","[[0,1,4],[0,2,3,4],[0,5],[0,1,2,3],[2,4,5],[1,2,3,5],[3,4,5],[1,2,4],[1,4,5],[1,3,4]]",15,"[3,29,36,42,44,53,54,57,61,68,70,73,93,94,95]","[-1,1,1,1,1,1,1,-1,-1,1,1,1,1,-1,-1]",0,True
10,6,32,3,1,61237,6031244,603104435,9,23,207,"[1,2,7,5,9,4]","[-1,1,1,1,-1,1]","[1,24,54,14,44,42]","[[0],[3,4],[1,2,4,5],[1,2,3],[2,3,5],[1,3,5]]",5,"[1,2,3,7,9]","[-1,1,-1,1,-1]",0,True
10,6,32,3,2,61237,6031244,603104436,10,22,220,"[1,2,7,5,9,4]","[-1,1,1,1,-1,1]","[1,24,54,14,44,42]","[[0],[3,4],[1,2,4,5],[1,2,3],[2,3,5],[1,3,5]]",1,[1],[-1],0,True
10,6,32,3,3,61237,6031244,603104437,6,26,156,"[1,2,7,5,9,4]","[-1,1,1,1,-1,1]","[1,24,54,14,44,42]","[[0],[3,4],[1,2,4,5],[1,2,3],[2,3,5],[1,3,5]]",4,"[1,5,6,8]","[-1,1,-1,1]",0,True
10,6,32,3,4,61237,6031244,603104438,16,16,256,"[1,2,7,5,9,4]","[-1,1,1,1,-1,1]","[1,24,54,14,44,42]","[[0],[3,4],[1,2,4,5],[1,2,3],[2,3,5],[1,3,5]]",5,"[1,4,5,6,9]","[-1,1,1,-1,-1]",0,True
10,6,32,3,5,61237,6031244,603104439,10,22,220,"[1,2,7,5,9,4]","[-1,1,1,1,-1,1]","[1,24,54,14,44,42]","[[0],[3,4],[1,2,4,5],[1,2,3],[2,3,5],[1,3,5]]",3,"[1,5,9]","[-1,1,-1]",0,True
10,6,64,3,1,61237,6031244,603107635,26,38,988,"[1,2,7,5,9,4]","[-1,1,1,1,-1,1]","[1,24,54,14,44,42]","[[0],[3,4],[1,2,4,5],[1,2,3],[2,3,5],[1,3,5]]",5,"[1,2,4,5,9]","[-1,1,1,1,-1]",0,True
10,6,64,3,2,61237,6031244,603107636,20,44,880,"[1,2,7,5,9,4]","[-1,1,1,1,-1,1]","[1,24,54,14,44,42]","[[0],[3,4],[1,2,4,5],[1,2,3],[2,3,5],[1,3,5]]",5,"[1,4,5,6,9]","[-1,1,1,1,-1]",0,True
10,6,64,3,3,61237,6031244,603107637,27,37,999,"[1,2,7,5,9,4]","[-1,1,1,1,-1,1]","[1,24,54,14,44,42]","[[0],[3,4],[1,2,4,5],[1,2,3],[2,3,5],[1,3,5]]",5,"[0,1,2,3,5]","[-1,-1,1,1,1]",0,True
10,6,64,3,4,61237,6031244,603107638,19,45,855,"[1,2,7,5,9,4]","[-1,1,1,1,-1,1]","[1,24,54,14,44,42]","[[0],[3,4],[1,2,4,5],[1,2,3],[2,3,5],[1,3,5]]",5,"[1,2,5,6,8]","[-1,1,1,1,-1]",0,True
10,6,64,3,5,61237,6031244,603107639,16,48,768,"[1,2,7,5,9,4]","[-1,1,1,1,-1,1]","[1,24,54,14,44,42]","[[0],[3,4],[1,2,4,5],[1,2,3],[2,3,5],[1,3,5]]",6,"[1,3,4,5,7,9]","[-1,1,1,1,1,-1]",0,True
10,6,128,3,1,61237,6031244,603114035,40,88,3520,"[1,2,7,5,9,4]","[-1,1,1,1,-1,1]","[1,24,54,14,44,42]","[[0],[3,4],[1,2,4,5],[1,2,3],[2,3,5],[1,3,5]]",6,"[1,2,4,5,7,9]","[-1,1,1,1,1,-1]",0,True
10,6,128,3,2,61237,6031244,603114036,36,92,3312,"[1,2,7,5,9,4]","[-1,1,1,1,-1,1]","[1,24,54,14,44,42]","[[0],[3,4],[1,2,4,5],[1,2,3],[2,3,5],[1,3,5]]",6,"[1,2,4,5,7,9]","[-1,1,1,1,1,-1]",0,True
10,6,128,3,3,61237,6031244,603114037,38,90,3420,"[1,2,7,5,9,4]","[-1,1,1,1,-1,1]","[1,24,54,14,44,42]","[[0],[3,4],[1,2,4,5],[1,2,3],[2,3,5],[1,3,5]]",6,"[1,2,4,5,7,9]","[-1,1,1,1,1,-1]",0,True
10,6,128,3,4,61237,6031244,603114038,43,85,3655,"[1,2,7,5,9,4]","[-1,1,1,1,-1,1]","[1,24,54,14,44,42]","[[0],[3,4],[1,2,4,5],[1,2,3],[2,3,5],[1,3,5]]",6,"[1,2,4,5,7,9]","[-1,1,1,1,1,-1]",0,True
10,6,128,3,5,61237,6031244,603114039,43,85,3655,"[1,2,7,5,9,4]","[-1,1,1,1,-1,1]","[1,24,54,14,44,42]","[[0],[3,4],[1,2,4,5],[1,2,3],[2,3,5],[1,3,5]]",6,"[0,1,2,5,6,9]","[-1,-1,1,1,1,-1]",0,True
50,6,32,3,1,61237,6031284,603504435,11,21,231,"[25,3,28,10,24,8]","[-1,1,1,1,-1,1]","[1,24,54,14,44,42]","[[0],[3,4],[1,2,4,5],[1,2,3],[2,3,5],[1,3,5]]",3,"[13,25,30]","[-1,-1,1]",0,True
50,6,32,3,2,61237,6031284,603504436,9,23,207,"[25,3,28,10,24,8]","[-1,1,1,1,-1,1]","[1,24,54,14,44,42]","[[0],[3,4],[1,2,4,5],[1,2,3],[2,3,5],[1,3,5]]",7,"[2,8,10,18,20,25,37]","[1,1,1,-1,1,-1,-1]",0,True
50,6,32,3,3,61237,6031284,603504437,10,22,220,"[25,3,28,10,24,8]","[-1,1,1,1,-1,1]","[1,24,54,14,44,42]","[[0],[3,4],[1,2,4,5],[1,2,3],[2,3,5],[1,3,5]]",8,"[1,2,7,20,25,37,41,46]","[1,1,-1,1,-1,-1,1,-1]",0,True
50,6,32,3,4,61237,6031284,603504438,12,20,240,"[25,3,28,10,24,8]","[-1,1,1,1,-1,1]","[1,24,54,14,44,42]","[[0],[3,4],[1,2,4,5],[1,2,3],[2,3,5],[1,3,5]]",10,"[8,11,13,16,23,25,28,32,33,42]","[1,-1,1,-1,1,-1,1,1,-1,-1]",0,True
50,6,32,3,5,61237,6031284,603504439,13,19,247,"[25,3,28,10,24,8]","[-1,1,1,1,-1,1]","[1,24,54,14,44,42]","[[0],[3,4],[1,2,4,5],[1,2,3],[2,3,5],[1,3,5]]",7,"[1,8,19,28,33,43,47]","[1,1,-1,-1,1,1,-1]",0,True
50,6,64,3,1,61237,6031284,603507635,25,39,975,"[25,3,28,10,24,8]","[-1,1,1,1,-1,1]","[1,24,54,14,44,42]","[[0],[3,4],[1,2,4,5],[1,2,3],[2,3,5],[1,3,5]]",9,"[2,19,21,25,34,46,47,48,49]","[1,1,-1,-1,-1,-1,1,-1,-1]",0,True
50,6,64,3,2,61237,6031284,603507636,22,42,924,"[25,3,28,10,24,8]","[-1,1,1,1,-1,1]","[1,24,54,14,44,42]","[[0],[3,4],[1,2,4,5],[1,2,3],[2,3,5],[1,3,5]]",7,"[4,10,18,22,24,25,45]","[1,1,1,-1,-1,-1,-1]",0,True
50,6,64,3,3,61237,6031284,603507637,29,35,1015,"[25,3,28,10,24,8]","[-1,1,1,1,-1,1]","[1,24,54,14,44,42]","[[0],[3,4],[1,2,4,5],[1,2,3],[2,3,5],[1,3,5]]",12,"[0,10,18,19,23,26,30,31,35,41,42,43]","[-1,1,1,-1,-1,-1,1,1,-1,-1,1,-1]",0,True
50,6,64,3,4,61237,6031284,603507638,18,46,828,"[25,3,28,10,24,8]","[-1,1,1,1,-1,1]","[1,24,54,14,44,42]","[[0],[3,4],[1,2,4,5],[1,2,3],[2,3,5],[1,3,5]]",11,"[3,5,7,12,15,24,29,30,37,45,47]","[1,-1,-1,1,-1,-1,-1,1,-1,1,-1]",0,True
50,6,64,3,5,61237,6031284,603507639,28,36,1008,"[25,3,28,10,24,8]","[-1,1,1,1,-1,1]","[1,24,54,14,44,42]","[[0],[3,4],[1,2,4,5],[1,2,3],[2,3,5],[1,3,5]]",8,"[1,10,14,22,23,25,26,29]","[1,1,1,1,1,-1,-1,1]",0,True
50,6,128,3,1,61237,6031284,603514035,39,89,3471,"[25,3,28,10,24,8]","[-1,1,1,1,-1,1]","[1,24,54,14,44,42]","[[0],[3,4],[1,2,4,5],[1,2,3],[2,3,5],[1,3,5]]",14,"[3,4,11,13,16,17,19,25,29,30,34,35,42,45]","[1,1,-1,-1,1,-1,-1,-1,-1,-1,1,1,1,-1]",0,True
50,6,128,3,2,61237,6031284,603514036,39,89,3471,"[25,3,28,10,24,8]","[-1,1,1,1,-1,1]","[1,24,54,14,44,42]","[[0],[3,4],[1,2,4,5],[1,2,3],[2,3,5],[1,3,5]]",10,"[0,3,10,14,19,25,26,39,40,43]","[-1,1,1,1,-1,-1,1,-1,1,-1]",0,True
50,6,128,3,3,61237,6031284,603514037,39,89,3471,"[25,3,28,10,24,8]","[-1,1,1,1,-1,1]","[1,24,54,14,44,42]","[[0],[3,4],[1,2,4,5],[1,2,3],[2,3,5],[1,3,5]]",13,"[1,5,7,9,15,25,30,31,34,39,41,43,47]","[-1,-1,-1,-1,-1,-1,1,1,1,1,1,1,-1]",0,True
50,6,128,3,4,61237,6031284,603514038,38,90,3420,"[25,3,28,10,24,8]","[-1,1,1,1,-1,1]","[1,24,54,14,44,42]","[[0],[3,4],[1,2,4,5],[1,2,3],[2,3,5],[1,3,5]]",16,"[6,8,10,11,12,18,22,23,24,28,29,30,34,37,45,49]","[1,1,1,-1,-1,-1,-1,-1,-1,-1,-1,1,1,1,1,1]",0,True
50,6,128,3,5,61237,6031284,603514039,28,100,2800,"[25,3,28,10,24,8]","[-1,1,1,1,-1,1]","[1,24,54,14,44,42]","[[0],[3,4],[1,2,4,5],[1,2,3],[2,3,5],[1,3,5]]",14,"[1,3,4,8,10,15,23,24,27,28,31,34,41,45]","[-1,1,1,-1,1,-1,-1,1,-1,1,-1,-1,1,-1]",0,True
100,6,32,3,1,61237,6031334,604004435,6,26,156,"[92,11,40,93,6,43]","[-1,1,1,1,-1,1]","[1,24,54,14,44,42]","[[0],[3,4],[1,2,4,5],[1,2,3],[2,3,5],[1,3,5]]",7,"[3,25,29,30,51,75,94]","[1,1,1,-1,-1,-1,-1]",0,True
100,6,32,3,2,61237,6031334,604004436,7,25,175,"[92,11,40,93,6,43]","[-1,1,1,1,-1,1]","[1,24,54,14,44,42]","[[0],[3,4],[1,2,4,5],[1,2,3],[2,3,5],[1,3,5]]",9,"[7,23,39,53,55,64,74,79,80]","[-1,1,-1,-1,1,1,-1,-1,-1]",0,True
100,6,32,3,3,61237,6031334,604004437,8,24,192,"[92,11,40,93,6,43]","[-1,1,1,1,-1,1]","[1,24,54,14,44,42]","[[0],[3,4],[1,2,4,5],[1,2,3],[2,3,5],[1,3,5]]",10,"[8,17,21,28,38,64,69,71,81,87]","[-1,1,-1,-1,-1,-1,-1,-1,-1,1]",0,True
100,6,32,3,4,61237,6031334,604004438,8,24,192,"[92,11,40,93,6,43]","[-1,1,1,1,-1,1]","[1,24,54,14,44,42]","[[0],[3,4],[1,2,4,5],[1,2,3],[2,3,5],[1,3,5]]",8,"[0,44,57,64,67,77,78,91]","[-1,1,1,-1,1,-1,-1,1]",0,True
100,6,32,3,5,61237,6031334,604004439,5,27,135,"[92,11,40,93,6,43]","[-1,1,1,1,-1,1]","[1,24,54,14,44,42]","[[0],[3,4],[1,2,4,5],[1,2,3],[2,3,5],[1,3,5]]",8,"[3,4,12,14,47,54,57,72]","[1,-1,1,-1,1,1,1,-1]",0,True
100,6,64,3,1,61237,6031334,604007635,20,44,880,"[92,11,40,93,6,43]","[-1,1,1,1,-1,1]","[1,24,54,14,44,42]","[[0],[3,4],[1,2,4,5],[1,2,3],[2,3,5],[1,3,5]]",9,"[0,12,17,36,70,74,92,97,98]","[-1,1,1,1,1,1,-1,-1,1]",0,True
100,6,64,3,2,61237,6031334,604007636,28,36,1008,"[92,11,40,93,6,43]","[-1,1,1,1,-1,1]","[1,24,54,14,44,42]","[[0],[3,4],[1,2,4,5],[1,2,3],[2,3,5],[1,3,5]]",14,"[1,12,19,41,49,51,56,63,66,74,76,80,98,99]","[-1,1,-1,-1,-1,-1,-1,-1,1,1,-1,1,-1,-1]",0,True
100,6,64,3,3,61237,6031334,604007637,17,47,799,"[92,11,40,93,6,43]","[-1,1,1,1,-1,1]","[1,24,54,14,44,42]","[[0],[3,4],[1,2,4,5],[1,2,3],[2,3,5],[1,3,5]]",11,"[2,21,30,37,40,43,65,79,91,93,99]","[1,-1,1,1,1,-1,1,1,1,1,-1]",0,True
100,6,64,3,4,61237,6031334,604007638,19,45,855,"[92,11,40,93,6,43]","[-1,1,1,1,-1,1]","[1,24,54,14,44,42]","[[0],[3,4],[1,2,4,5],[1,2,3],[2,3,5],[1,3,5]]",11,"[13,17,28,39,51,59,66,84,85,88,93]","[-1,-1,1,1,1,1,-1,-1,1,-1,1]",0,True
100,6,64,3,5,61237,6031334,604007639,20,44,880,"[92,11,40,93,6,43]","[-1,1,1,1,-1,1]","[1,24,54,14,44,42]","[[0],[3,4],[1,2,4,5],[1,2,3],[2,3,5],[1,3,5]]",13,"[3,11,25,32,39,53,58,61,64,78,90,91,96]","[1,1,1,1,-1,1,-1,1,-1,1,-1,-1,-1]",0,True
100,6,128,3,1,61237,6031334,604014035,39,89,3471,"[92,11,40,93,6,43]","[-1,1,1,1,-1,1]","[1,24,54,14,44,42]","[[0],[3,4],[1,2,4,5],[1,2,3],[2,3,5],[1,3,5]]",15,"[15,19,25,31,35,40,44,59,67,74,76,79,91,95,98]","[-1,-1,-1,1,-1,1,1,1,1,-1,1,1,-1,1,1]",0,True
100,6,128,3,2,61237,6031334,604014036,39,89,3471,"[92,11,40,93,6,43]","[-1,1,1,1,-1,1]","[1,24,54,14,44,42]","[[0],[3,4],[1,2,4,5],[1,2,3],[2,3,5],[1,3,5]]",17,"[5,17,25,32,39,41,45,46,56,58,67,70,72,77,78,79,80]","[-1,-1,1,-1,1,-1,-1,1,1,1,1,1,1,1,-1,-1,1]",0,True
100,6,128,3,3,61237,6031334,604014037,43,85,3655,"[92,11,40,93,6,43]","[-1,1,1,1,-1,1]","[1,24,54,14,44,42]","[[0],[3,4],[1,2,4,5],[1,2,3],[2,3,5],[1,3,5]]",15,"[4,37,39,42,44,48,53,59,61,69,78,80,84,92,97]","[1,1,1,-1,1,-1,-1,-1,-1,-1,1,1,1,-1,-1]",0,True
100,6,128,3,4,61237,6031334,604014038,42,86,3612,"[92,11,40,93,6,43]","[-1,1,1,1,-1,1]","[1,24,54,14,44,42]","[[0],[3,4],[1,2,4,5],[1,2,3],[2,3,5],[1,3,5]]",17,"[21,24,27,30,33,34,40,46,55,60,66,71,83,89,91,97,98]","[1,1,-1,-1,-1,1,1,-1,-1,1,1,1,-1,-1,1,1,-1]",0,True
100,6,128,3,5,61237,6031334,604014039,34,94,3196,"[92,11,40,93,6,43]","[-1,1,1,1,-1,1]","[1,24,54,14,44,42]","[[0],[3,4],[1,2,4,5],[1,2,3],[2,3,5],[1,3,5]]",17,"[3,9,10,24,30,36,39,45,58,67,68,72,73,80,91,94,97]","[-1,-1,-1,-1,1,1,1,1,1,-1,1,1,-1,1,1,-1,1]",0,True
10,6,32,4,1,61238,6041244,604104435,12,20,240,"[8,3,9,1,7,6]","[1,1,1,-1,1,1]","[6,53,26,9,28]","[[1,2],[0,2,4,5],[1,3,4],[0,3],[2,3,4]]",5,"[1,3,5,8,9]","[-1,1,1,1,1]",0,True
10,6,32,4,2,61238,6041244,604104436,15,17,255,"[8,3,9,1,7,6]","[1,1,1,-1,1,1]","[6,53,26,9,28]","[[1,2],[0,2,4,5],[1,3,4],[0,3],[2,3,4]]",5,"[1,3,7,8,9]","[-1,1,1,1,1]",0,True
10,6,32,4,3,61238,6041244,604104437,13,19,247,"[8,3,9,1,7,6]","[1,1,1,-1,1,1]","[6,53,26,9,28]","[[1,2],[0,2,4,5],[1,3,4],[0,3],[2,3,4]]",5,"[1,2,3,5,9]","[-1,-1,1,1,1]",0,True
10,6,32,4,4,61238,6041244,604104438,12,20,240,"[8,3,9,1,7,6]","[1,1,1,-1,1,1]","[6,53,26,9,28]","[[1,2],[0,2,4,5],[1,3,4],[0,3],[2,3,4]]",4,"[1,7,8,9]","[-1,1,1,1]",0,True
10,6,32,4,5,61238,6041244,604104439,12,20,240,"[8,3,9,1,7,6]","[1,1,1,-1,1,1]","[6,53,26,9,28]","[[1,2],[0,2,4,5],[1,3,4],[0,3],[2,3,4]]",5,"[1,3,7,8,9]","[-1,1,1,1,1]",0,True
10,6,64,4,1,61238,6041244,604107635,36,28,1008,"[8,3,9,1,7,6]","[1,1,1,-1,1,1]","[6,53,26,9,28]","[[1,2],[0,2,4,5],[1,3,4],[0,3],[2,3,4]]",6,"[1,3,6,7,8,9]","[-1,1,1,1,1,1]",0,True
10,6,64,4,2,61238,6041244,604107636,32,32,1024,"[8,3,9,1,7,6]","[1,1,1,-1,1,1]","[6,53,26,9,28]","[[1,2],[0,2,4,5],[1,3,4],[0,3],[2,3,4]]",6,"[1,2,3,7,8,9]","[-1,-1,1,1,1,1]",0,True
10,6,64,4,3,61238,6041244,604107637,22,42,924,"[8,3,9,1,7,6]","[1,1,1,-1,1,1]","[6,53,26,9,28]","[[1,2],[0,2,4,5],[1,3,4],[0,3],[2,3,4]]",6,"[1,3,6,7,8,9]","[-1,1,1,1,1,1]",0,True
10,6,64,4,4,61238,6041244,604107638,31,33,1023,"[8,3,9,1,7,6]","[1,1,1,-1,1,1]","[6,53,26,9,28]","[[1,2],[0,2,4,5],[1,3,4],[0,3],[2,3,4]]",6,"[1,2,3,7,8,9]","[-1,1,1,1,1,1]",0,True
10,6,64,4,5,61238,6041244,604107639,28,36,1008,"[8,3,9,1,7,6]","[1,1,1,-1,1,1]","[6,53,26,9,28]","[[1,2],[0,2,4,5],[1,3,4],[0,3],[2,3,4]]",6,"[1,3,4,7,8,9]","[-1,1,-1,1,1,1]",0,True
10,6,128,4,1,61238,6041244,604114035,69,59,4071,"[8,3,9,1,7,6]","[1,1,1,-1,1,1]","[6,53,26,9,28]","[[1,2],[0,2,4,5],[1,3,4],[0,3],[2,3,4]]",5,"[1,3,7,8,9]","[-1,1,1,1,1]",0,True
10,6,128,4,2,61238,6041244,604114036,69,59,4071,"[8,3,9,1,7,6]","[1,1,1,-1,1,1]","[6,53,26,9,28]","[[1,2],[0,2,4,5],[1,3,4],[0,3],[2,3,4]]",5,"[1,3,7,8,9]","[-1,1,1,1,1]",0,True
10,6,128,4,3,61238,6041244,604114037,65,63,4095,"[8,3,9,1,7,6]","[1,1,1,-1,1,1]","[6,53,26,9,28]","[[1,2],[0,2,4,5],[1,3,4],[0,3],[2,3,4]]",5,"[1,3,7,8,9]","[-1,1,1,1,1]",0,True
10,6,128,4,4,61238,6041244,604114038,67,61,4087,"[8,3,9,1,7,6]","[1,1,1,-1,1,1]","[6,53,26,9,28]","[[1,2],[0,2,4,5],[1,3,4],[0,3],[2,3,4]]",5,"[1,3,7,8,9]","[-1,1,1,1,1]",0,True
10,6,128,4,5,61238,6041244,604114039,62,66,4092,"[8,3,9,1,7,6]","[1,1,1,-1,1,1]","[6,53,26,9,28]","[[1,2],[0,2,4,5],[1,3,4],[0,3],[2,3,4]]",5,"[1,3,7,8,9]","[-1,1,1,1,1]",0,True
50,6,32,4,1,61238,6041284,604504435,14,18,252,"[47,37,3,41,4,48]","[1,1,1,-1,1,1]","[6,53,26,9,28]","[[1,2],[0,2,4,5],[1,3,4],[0,3],[2,3,4]]",11,"[1,5,6,13,18,19,27,28,43,47,48]","[-1,1,1,-1,1,1,1,1,1,1,-1]",0,True
50,6,32,4,2,61238,6041284,604504436,17,15,255,"[47,37,3,41,4,48]","[1,1,1,-1,1,1]","[6,53,26,9,28]","[[1,2],[0,2,4,5],[1,3,4],[0,3],[2,3,4]]",9,"[0,9,17,27,31,37,41,45,49]","[-1,-1,1,-1,1,1,-1,1,-1]",0,True
50,6,32,4,3,61238,6041284,604504437,22,10,220,"[47,37,3,41,4,48]","[1,1,1,-1,1,1]","[6,53,26,9,28]","[[1,2],[0,2,4,5],[1,3,4],[0,3],[2,3,4]]",8,"[2,6,10,16,19,22,40,41]","[1,1,1,-1,-1,1,1,-1]",0,True
50,6,32,4,4,61238,6041284,604504438,20,12,240,"[47,37,3,41,4,48]","[1,1,1,-1,1,1]","[6,53,26,9,28]","[[1,2],[0,2,4,5],[1,3,4],[0,3],[2,3,4]]",6,"[3,12,19,20,41,47]","[1,1,1,1,-1,1]",0,True
50,6,32,4,5,61238,6041284,604504439,24,8,192,"[47,37,3,41,4,48]","[1,1,1,-1,1,1]","[6,53,26,9,28]","[[1,2],[0,2,4,5],[1,3,4],[0,3],[2,3,4]]",9,"[0,2,4,30,32,36,38,44,45]","[-1,-1,1,1,1,-1,1,-1,-1]",0,True
50,6,64,4,1,61238,6041284,604507635,30,34,1020,"[47,37,3,41,4,48]","[1,1,1,-1,1,1]","[6,53,26,9,28]","[[1,2],[0,2,4,5],[1,3,4],[0,3],[2,3,4]]",9,"[5,7,16,36,37,38,41,48,49]","[1,1,-1,1,1,1,-1,-1,-1]",0,True
50,6,64,4,2,61238,6041284,604507636,31,33,1023,"[47,37,3,41,4,48]","[1,1,1,-1,1,1]","[6,53,26,9,28]","[[1,2],[0,2,4,5],[1,3,4],[0,3],[2,3,4]]",10,"[3,8,10,16,31,34,36,37,38,41]","[1,-1,-1,-1,-1,-1,-1,1,1,-1]",0,True
50,6,64,4,3,61238,6041284,604507637,30,34,1020,"[47,37,3,41,4,48]","[1,1,1,-1,1,1]","[6,53,26,9,28]","[[1,2],[0,2,4,5],[1,3,4],[0,3],[2,3,4]]",10,"[0,3,4,7,17,28,41,42,44,47]","[-1,1,1,-1,-1,-1,-1,1,1,1]",0,True
50,6,64,4,4,61238,6041284,604507638,32,32,1024,"[47,37,3,41,4,48]","[1,1,1,-1,1,1]","[6,53,26,9,28]","[[1,2],[0,2,4,5],[1,3,4],[0,3],[2,3,4]]",11,"[3,4,12,13,14,21,23,33,34,46,49]","[1,1,1,-1,1,-1,-1,1,1,1,-1]",0,True
50,6,64,4,5,61238,6041284,604507639,25,39,975,"[47,37,3,41,4,48]","[1,1,1,-1,1,1]","[6,53,26,9,28]","[[1,2],[0,2,4,5],[1,3,4],[0,3],[2,3,4]]",12,"[4,10,12,14,24,28,29,30,31,33,37,46]","[1,-1,-1,1,-1,1,-1,-1,-1,1,1,-1]",0,True
50,6,128,4,1,61238,6041284,604514035,64,64,4096,"[47,37,3,41,4,48]","[1,1,1,-1,1,1]","[6,53,26,9,28]","[[1,2],[0,2,4,5],[1,3,4],[0,3],[2,3,4]]",15,"[0,1,11,13,17,22,24,27,28,35,36,38,42,47,49]","[1,-1,-1,-1,1,-1,1,1,-1,-1,-1,-1,-1,1,1]",0,True
50,6,128,4,2,61238,6041284,604514036,59,69,4071,"[47,37,3,41,4,48]","[1,1,1,-1,1,1]","[6,53,26,9,28]","[[1,2],[0,2,4,5],[1,3,4],[0,3],[2,3,4]]",10,"[3,24,31,37,39,41,43,44,45,47]","[1,1,-1,1,-1,-1,-1,-1,-1,1]",0,True
50,6,128,4,3,61238,6041284,604514037,68,60,4080,"[47,37,3,41,4,48]","[1,1,1,-1,1,1]","[6,53,26,9,28]","[[1,2],[0,2,4,5],[1,3,4],[0,3],[2,3,4]]",17,"[1,6,7,9,11,14,16,21,22,23,24,25,28,29,32,38,48]","[1,1,1,-1,1,-1,-1,1,-1,-1,1,-1,1,1,1,-1,1]",0,True
50,6,128,4,4,61238,6041284,604514038,64,64,4096,"[47,37,3,41,4,48]","[1,1,1,-1,1,1]","[6,53,26,9,28]","[[1,2],[0,2,4,5],[1,3,4],[0,3],[2,3,4]]",8,"[3,19,30,31,37,41,47,48]","[1,1,-1,1,1,-1,1,1]",0,True
50,6,128,4,5,61238,6041284,604514039,54,74,3996,"[47,37,3,41,4,48]","[1,1,1,-1,1,1]","[6,53,26,9,28]","[[1,2],[0,2,4,5],[1,3,4],[0,3],[2,3,4]]",14,"[1,3,4,5,13,18,27,33,34,36,37,40,41,48]","[1,1,1,-1,-1,1,1,-1,1,-1,1,-1,-1,1]",0,True
100,6,32,4,1,61238,6041334,605004435,15,17,255,"[6,21,64,45,40,11]","[1,1,1,-1,1,1]","[6,53,26,9,28]","[[1,2],[0,2,4,5],[1,3,4],[0,3],[2,3,4]]",9,"[1,5,7,35,49,64,67,88,89]","[-1,1,-1,1,1,1,1,-1,-1]",0,True
100,6,32,4,2,61238,6041334,605004436,19,13,247,"[6,21,64,45,40,11]","[1,1,1,-1,1,1]","[6,53,26,9,28]","[[1,2],[0,2,4,5],[1,3,4],[0,3],[2,3,4]]",10,"[2,3,4,16,17,42,52,66,67,69]","[-1,1,1,-1,1,-1,1,1,-1,1]",0,True
100,6,32,4,3,61238,6041334,605004437,17,15,255,"[6,21,64,45,40,11]","[1,1,1,-1,1,1]","[6,53,26,9,28]","[[1,2],[0,2,4,5],[1,3,4],[0,3],[2,3,4]]",9,"[0,31,45,46,66,67,78,79,92]","[-1,-1,-1,-1,-1,1,-1,1,1]",0,True
100,6,32,4,4,61238,6041334,605004438,16,16,256,"[6,21,64,45,40,11]","[1,1,1,-1,1,1]","[6,53,26,9,28]","[[1,2],[0,2,4,5],[1,3,4],[0,3],[2,3,4]]",5,"[17,21,32,48,78]","[-1,1,1,1,1]",0,True
100,6,32,4,5,61238,6041334,605004439,11,21,231,"[6,21,64,45,40,11]","[1,1,1,-1,1,1]","[6,53,26,9,28]","[[1,2],[0,2,4,5],[1,3,4],[0,3],[2,3,4]]",9,"[20,22,37,40,61,75,77,83,84]","[-1,-1,-1,1,-1,-1,1,1,-1]",0,True
100,6,64,4,1,61238,6041334,605007635,32,32,1024,"[6,21,64,45,40,11]","[1,1,1,-1,1,1]","[6,53,26,9,28]","[[1,2],[0,2,4,5],[1,3,4],[0,3],[2,3,4]]",12,"[1,5,14,41,61,65,68,73,81,82,83,95]","[-1,-1,-1,1,-1,1,1,1,-1,1,1,1]",0,True
100,6,64,4,2,61238,6041334,605007636,31,33,1023,"[6,21,64,45,40,11]","[1,1,1,-1,1,1]","[6,53,26,9,28]","[[1,2],[0,2,4,5],[1,3,4],[0,3],[2,3,4]]",12,"[20,31,38,56,61,64,75,76,81,83,84,90]","[1,1,1,-1,-1,1,-1,1,-1,-1,-1,-1]",0,True
100,6,64,4,3,61238,6041334,605007637,33,31,1023,"[6,21,64,45,40,11]","[1,1,1,-1,1,1]","[6,53,26,9,28]","[[1,2],[0,2,4,5],[1,3,4],[0,3],[2,3,4]]",13,"[0,10,11,14,26,32,45,59,63,71,72,83,86]","[-1,1,1,-1,1,-1,-1,-1,1,-1,1,1,-1]",0,True
100,6,64,4,4,61238,6041334,605007638,27,37,999,"[6,21,64,45,40,11]","[1,1,1,-1,1,1]","[6,53,26,9,28]","[[1,2],[0,2,4,5],[1,3,4],[0,3],[2,3,4]]",13,"[7,19,25,34,45,48,52,59,66,69,84,92,99]","[1,1,-1,-1,-1,1,1,-1,1,-1,1,1,1]",0,True
100,6,64,4,5,61238,6041334,605007639,31,33,1023,"[6,21,64,45,40,11]","[1,1,1,-1,1,1]","[6,53,26,9,28]","[[1,2],[0,2,4,5],[1,3,4],[0,3],[2,3,4]]",11,"[12,15,16,45,58,68,75,78,79,90,92]","[-1,-1,-1,-1,1,1,-1,-1,-1,-1,1]",0,True
100,6,128,4,1,61238,6041334,605014035,66,62,4092,"[6,21,64,45,40,11]","[1,1,1,-1,1,1]","[6,53,26,9,28]","[[1,2],[0,2,4,5],[1,3,4],[0,3],[2,3,4]]",18,"[7,11,29,35,36,41,43,51,54,63,64,67,81,82,86,92,94,99]","[-1,-1,-1,-1,-1,1,1,-1,1,1,1,-1,-1,1,1,1,1,1]",0,True
100,6,128,4,2,61238,6041334,605014036,62,66,4092,"[6,21,64,45,40,11]","[1,1,1,-1,1,1]","[6,53,26,9,28]","[[1,2],[0,2,4,5],[1,3,4],[0,3],[2,3,4]]",17,"[2,5,12,15,19,29,31,33,34,54,64,67,73,79,85,88,92]","[-1,-1,-1,1,1,-1,1,-1,1,1,1,-1,1,1,1,1,-1]",0,True
100,6,128,4,3,61238,6041334,605014037,67,61,4087,"[6,21,64,45,40,11]","[1,1,1,-1,1,1]","[6,53,26,9,28]","[[1,2],[0,2,4,5],[1,3,4],[0,3],[2,3,4]]",16,"[1,5,6,13,31,42,49,55,63,67,68,79,80,86,88,92]","[1,-1,1,-1,1,-1,1,-1,1,-1,1,1,1,1,1,1]",0,True
100,6,128,4,4,61238,6041334,605014038,61,67,4087,"[6,21,64,45,40,11]","[1,1,1,-1,1,1]","[6,53,26,9,28]","[[1,2],[0,2,4,5],[1,3,4],[0,3],[2,3,4]]",15,"[1,14,20,21,28,30,31,44,45,55,58,70,71,80,93]","[1,1,1,1,-1,1,-1,-1,-1,-1,1,-1,-1,1,1]",0,True
100,6,128,4,5,61238,6041334,605014039,59,69,4071,"[6,21,64,45,40,11]","[1,1,1,-1,1,1]","[6,53,26,9,28]","[[1,2],[0,2,4,5],[1,3,4],[0,3],[2,3,4]]",18,"[3,7,20,22,24,25,34,35,41,49,51,55,56,58,68,77,89,90]","[1,-1,-1,1,-1,1,1,-1,1,1,-1,1,-1,1,-1,1,1,-1]",0,True
10,6,32,5,1,61239,6051244,605104435,23,9,207,"[6,7,0,3,8,2]","[-1,1,-1,1,-1,1]","[44,59,20,13,39,14]","[[2,3,5],[0,1,3,4,5],[2,4],[0,2,3],[0,1,2,5],[1,2,3]]",4,"[0,3,8,9]","[-1,1,-1,-1]",0,True
10,6,32,5,2,61239,6051244,605104436,22,10,220,"[6,7,0,3,8,2]","[-1,1,-1,1,-1,1]","[44,59,20,13,39,14]","[[2,3,5],[0,1,3,4,5],[2,4],[0,2,3],[0,1,2,5],[1,2,3]]",4,"[0,4,5,6]","[-1,1,1,-1]",0,True
10,6,32,5,3,61239,6051244,605104437,22,10,220,"[6,7,0,3,8,2]","[-1,1,-1,1,-1,1]","[44,59,20,13,39,14]","[[2,3,5],[0,1,3,4,5],[2,4],[0,2,3],[0,1,2,5],[1,2,3]]",6,"[0,3,6,7,8,9]","[-1,1,-1,1,-1,1]",0,True
10,6,32,5,4,61239,6051244,605104438,19,13,247,"[6,7,0,3,8,2]","[-1,1,-1,1,-1,1]","[44,59,20,13,39,14]","[[2,3,5],[0,1,3,4,5],[2,4],[0,2,3],[0,1,2,5],[1,2,3]]",6,"[0,2,5,6,7,8]","[-1,1,-1,-1,1,-1]",0,True
10,6,32,5,5,61239,6051244,605104439,19,13,247,"[6,7,0,3,8,2]","[-1,1,-1,1,-1,1]","[44,59,20,13,39,14]","[[2,3,5],[0,1,3,4,5],[2,4],[0,2,3],[0,1,2,5],[1,2,3]]",5,"[0,3,7,8,9]","[-1,1,1,-1,1]",0,True
10,6,64,5,1,61239,6051244,605107635,35,29,1015,"[6,7,0,3,8,2]","[-1,1,-1,1,-1,1]","[44,59,20,13,39,14]","[[2,3,5],[0,1,3,4,5],[2,4],[0,2,3],[0,1,2,5],[1,2,3]]",6,"[0,1,2,6,7,8]","[-1,1,1,-1,1,-1]",0,True
10,6,64,5,2,61239,6051244,605107636,41,23,943,"[6,7,0,3,8,2]","[-1,1,-1,1,-1,1]","[44,59,20,13,39,14]","[[2,3,5],[0,1,3,4,5],[2,4],[0,2,3],[0,1,2,5],[1,2,3]]",6,"[0,2,3,4,8,9]","[-1,1,1,1,-1,-1]",0,True
10,6,64,5,3,61239,6051244,605107637,39,25,975,"[6,7,0,3,8,2]","[-1,1,-1,1,-1,1]","[44,59,20,13,39,14]","[[2,3,5],[0,1,3,4,5],[2,4],[0,2,3],[0,1,2,5],[1,2,3]]",7,"[0,1,3,4,5,8,9]","[-1,-1,1,1,-1,-1,-1]",0,True
10,6,64,5,4,61239,6051244,605107638,37,27,999,"[6,7,0,3,8,2]","[-1,1,-1,1,-1,1]","[44,59,20,13,39,14]","[[2,3,5],[0,1,3,4,5],[2,4],[0,2,3],[0,1,2,5],[1,2,3]]",5,"[0,3,6,8,9]","[-1,1,-1,-1,1]",0,True
10,6,64,5,5,61239,6051244,605107639,46,18,828,"[6,7,0,3,8,2]","[-1,1,-1,1,-1,1]","[44,59,20,13,39,14]","[[2,3,5],[0,1,3,4,5],[2,4],[0,2,3],[0,1,2,5],[1,2,3]]",7,"[0,1,4,5,6,7,8]","[-1,1,1,-1,-1,1,-1]",0,True
10,6,128,5,1,61239,6051244,605114035,79,49,3871,"[6,7,0,3,8,2]","[-1,1,-1,1,-1,1]","[44,59,20,13,39,14]","[[2,3,5],[0,1,3,4,5],[2,4],[0,2,3],[0,1,2,5],[1,2,3]]",6,"[0,2,3,6,7,8]","[-1,1,1,-1,1,-1]",0,True
10,6,128,5,2,61239,6051244,605114036,75,53,3975,"[6,7,0,3,8,2]","[-1,1,-1,1,-1,1]","[44,59,20,13,39,14]","[[2,3,5],[0,1,3,4,5],[2,4],[0,2,3],[0,1,2,5],[1,2,3]]",8,"[0,2,3,4,5,7,8,9]","[-1,1,1,-1,1,1,-1,1]",0,True
10,6,128,5,3,61239,6051244,605114037,82,46,3772,"[6,7,0,3,8,2]","[-1,1,-1,1,-1,1]","[44,59,20,13,39,14]","[[2,3,5],[0,1,3,4,5],[2,4],[0,2,3],[0,1,2,5],[1,2,3]]",6,"[0,2,3,7,8,9]","[-1,1,1,1,-1,1]",0,True
10,6,128,5,4,61239,6051244,605114038,76,52,3952,"[6,7,0,3,8,2]","[-1,1,-1,1,-1,1]","[44,59,20,13,39,14]","[[2,3,5],[0,1,3,4,5],[2,4],[0,2,3],[0,1,2,5],[1,2,3]]",6,"[0,2,3,6,7,8]","[-1,1,1,-1,1,-1]",0,True
10,6,128,5,5,61239,6051244,605114039,77,51,3927,"[6,7,0,3,8,2]","[-1,1,-1,1,-1,1]","[44,59,20,13,39,14]","[[2,3,5],[0,1,3,4,5],[2,4],[0,2,3],[0,1,2,5],[1,2,3]]",6,"[0,2,3,6,7,8]","[-1,1,1,-1,1,-1]",0,True
50,6,32,5,1,61239,6051284,605504435,21,11,231,"[38,1,2,36,19,32]","[-1,1,-1,1,-1,1]","[44,59,20,13,39,14]","[[2,3,5],[0,1,3,4,5],[2,4],[0,2,3],[0,1,2,5],[1,2,3]]",7,"[12,19,25,36,41,43,49]","[1,-1,-1,1,-1,1,-1]",0,True
50,6,32,5,2,61239,6051284,605504436,19,13,247,"[38,1,2,36,19,32]","[-1,1,-1,1,-1,1]","[44,59,20,13,39,14]","[[2,3,5],[0,1,3,4,5],[2,4],[0,2,3],[0,1,2,5],[1,2,3]]",5,"[2,13,18,32,44]","[-1,-1,1,1,1]",0,True
50,6,32,5,3,61239,6051284,605504437,19,13,247,"[38,1,2,36,19,32]","[-1,1,-1,1,-1,1]","[44,59,20,13,39,14]","[[2,3,5],[0,1,3,4,5],[2,4],[0,2,3],[0,1,2,5],[1,2,3]]",9,"[12,18,30,38,40,41,43,45,46]","[-1,1,-1,-1,-1,-1,-1,1,-1]",0,True
50,6,32,5,4,61239,6051284,605504438,21,11,231,"[38,1,2,36,19,32]","[-1,1,-1,1,-1,1]","[44,59,20,13,39,14]","[[2,3,5],[0,1,3,4,5],[2,4],[0,2,3],[0,1,2,5],[1,2,3]]",9,"[0,6,11,24,30,32,39,43,49]","[-1,1,-1,1,1,-1,1,-1,1]",0,True
50,6,32,5,5,61239,6051284,605504439,22,10,220,"[38,1,2,36,19,32]","[-1,1,-1,1,-1,1]","[44,59,20,13,39,14]","[[2,3,5],[0,1,3,4,5],[2,4],[0,2,3],[0,1,2,5],[1,2,3]]",7,"[6,26,31,32,33,37,38]","[1,-1,1,1,-1,1,-1]",0,True
50,6,64,5,1,61239,6051284,605507635,32,32,1024,"[38,1,2,36,19,32]","[-1,1,-1,1,-1,1]","[44,59,20,13,39,14]","[[2,3,5],[0,1,3,4,5],[2,4],[0,2,3],[0,1,2,5],[1,2,3]]",9,"[2,3,10,20,28,31,35,39,46]","[-1,-1,1,-1,1,-1,1,1,1]",0,True
50,6,64,5,2,61239,6051284,605507636,40,24,960,"[38,1,2,36,19,32]","[-1,1,-1,1,-1,1]","[44,59,20,13,39,14]","[[2,3,5],[0,1,3,4,5],[2,4],[0,2,3],[0,1,2,5],[1,2,3]]",8,"[1,2,5,25,31,38,41,42]","[1,-1,-1,1,1,-1,-1,-1]",0,True
50,6,64,5,3,61239,6051284,605507637,41,23,943,"[38,1,2,36,19,32]","[-1,1,-1,1,-1,1]","[44,59,20,13,39,14]","[[2,3,5],[0,1,3,4,5],[2,4],[0,2,3],[0,1,2,5],[1,2,3]]",8,"[1,2,5,9,12,24,33,43]","[1,-1,-1,-1,-1,-1,1,-1]",0,True
50,6,64,5,4,61239,6051284,605507638,37,27,999,"[38,1,2,36,19,32]","[-1,1,-1,1,-1,1]","[44,59,20,13,39,14]","[[2,3,5],[0,1,3,4,5],[2,4],[0,2,3],[0,1,2,5],[1,2,3]]",13,"[3,8,9,14,15,16,27,31,32,34,42,45,47]","[-1,-1,-1,-1,1,1,-1,1,1,1,-1,-1,1]",0,True
50,6,64,5,5,61239,6051284,605507639,46,18,828,"[38,1,2,36,19,32]","[-1,1,-1,1,-1,1]","[44,59,20,13,39,14]","[[2,3,5],[0,1,3,4,5],[2,4],[0,2,3],[0,1,2,5],[1,2,3]]",12,"[0,1,2,11,20,23,27,29,32,37,39,43]","[1,-1,-1,1,1,1,1,-1,1,-1,-1,1]",0,True
50,6,128,5,1,61239,6051284,605514035,88,40,3520,"[38,1,2,36,19,32]","[-1,1,-1,1,-1,1]","[44,59,20,13,39,14]","[[2,3,5],[0,1,3,4,5],[2,4],[0,2,3],[0,1,2,5],[1,2,3]]",15,"[8,11,12,17,19,23,27,29,35,36,43,45,46,47,49]","[-1,1,1,1,-1,-1,-1,-1,1,1,-1,-1,1,-1,1]",0,True
50,6,128,5,2,61239,6051284,605514036,83,45,3735,"[38,1,2,36,19,32]","[-1,1,-1,1,-1,1]","[44,59,20,13,39,14]","[[2,3,5],[0,1,3,4,5],[2,4],[0,2,3],[0,1,2,5],[1,2,3]]",13,"[0,1,2,4,6,13,18,21,23,24,30,35,48]","[1,1,-1,-1,1,1,-1,1,-1,1,-1,1,1]",0,True
50,6,128,5,3,61239,6051284,605514037,74,54,3996,"[38,1,2,36,19,32]","[-1,1,-1,1,-1,1]","[44,59,20,13,39,14]","[[2,3,5],[0,1,3,4,5],[2,4],[0,2,3],[0,1,2,5],[1,2,3]]",11,"[1,2,19,21,24,26,30,34,38,45,46]","[1,-1,-1,-1,1,1,1,-1,-1,1,1]",0,True
50,6,128,5,4,61239,6051284,605514038,81,47,3807,"[38,1,2,36,19,32]","[-1,1,-1,1,-1,1]","[44,59,20,13,39,14]","[[2,3,5],[0,1,3,4,5],[2,4],[0,2,3],[0,1,2,5],[1,2,3]]",12,"[2,8,13,17,18,26,31,32,33,37,43,45]","[-1,1,1,1,1,-1,1,1,1,1,1,1]",0,True
50,6,128,5,5,61239,6051284,605514039,72,56,4032,"[38,1,2,36,19,32]","[-1,1,-1,1,-1,1]","[44,59,20,13,39,14]","[[2,3,5],[0,1,3,4,5],[2,4],[0,2,3],[0,1,2,5],[1,2,3]]",14,"[0,2,17,21,22,29,32,34,36,37,44,45,46,49]","[-1,-1,-1,1,-1,-1,1,1,1,-1,1,1,1,-1]",0,True
100,6,32,5,1,61239,6051334,606004435,21,11,231,"[98,60,43,45,93,29]","[-1,1,-1,1,-1,1]","[44,59,20,13,39,14]","[[2,3,5],[0,1,3,4,5],[2,4],[0,2,3],[0,1,2,5],[1,2,3]]",8,"[1,38,45,48,53,59,71,96]","[1,-1,1,-1,1,1,-1,-1]",0,True
100,6,32,5,2,61239,6051334,606004436,23,9,207,"[98,60,43,45,93,29]","[-1,1,-1,1,-1,1]","[44,59,20,13,39,14]","[[2,3,5],[0,1,3,4,5],[2,4],[0,2,3],[0,1,2,5],[1,2,3]]",8,"[7,22,31,49,58,63,70,94]","[-1,-1,-1,1,-1,1,-1,1]",0,True
100,6,32,5,3,61239,6051334,606004437,20,12,240,"[98,60,43,45,93,29]","[-1,1,-1,1,-1,1]","[44,59,20,13,39,14]","[[2,3,5],[0,1,3,4,5],[2,4],[0,2,3],[0,1,2,5],[1,2,3]]",10,"[19,37,41,44,55,64,70,80,82,83]","[1,1,1,1,1,-1,1,1,-1,1]",0,True
100,6,32,5,4,61239,6051334,606004438,20,12,240,"[98,60,43,45,93,29]","[-1,1,-1,1,-1,1]","[44,59,20,13,39,14]","[[2,3,5],[0,1,3,4,5],[2,4],[0,2,3],[0,1,2,5],[1,2,3]]",9,"[14,32,53,55,65,72,80,91,94]","[1,-1,1,-1,1,1,-1,1,1]",0,True
100,6,32,5,5,61239,6051334,606004439,20,12,240,"[98,60,43,45,93,29]","[-1,1,-1,1,-1,1]","[44,59,20,13,39,14]","[[2,3,5],[0,1,3,4,5],[2,4],[0,2,3],[0,1,2,5],[1,2,3]]",10,"[7,13,20,23,28,62,63,66,67,98]","[1,-1,1,-1,1,-1,1,-1,-1,-1]",0,True
100,6,64,5,1,61239,6051334,606007635,40,24,960,"[98,60,43,45,93,29]","[-1,1,-1,1,-1,1]","[44,59,20,13,39,14]","[[2,3,5],[0,1,3,4,5],[2,4],[0,2,3],[0,1,2,5],[1,2,3]]",12,"[3,20,23,25,41,44,49,58,68,71,77,85]","[-1,-1,-1,-1,1,-1,-1,1,1,1,1,1]",0,True
100,6,64,5,2,61239,6051334,606007636,40,24,960,"[98,60,43,45,93,29]","[-1,1,-1,1,-1,1]","[44,59,20,13,39,14]","[[2,3,5],[0,1,3,4,5],[2,4],[0,2,3],[0,1,2,5],[1,2,3]]",13,"[1,11,27,32,47,51,53,54,66,76,79,85,95]","[1,-1,1,1,-1,-1,-1,-1,-1,-1,-1,1,-1]",0,True
100,6,64,5,3,61239,6051334,606007637,41,23,943,"[98,60,43,45,93,29]","[-1,1,-1,1,-1,1]","[44,59,20,13,39,14]","[[2,3,5],[0,1,3,4,5],[2,4],[0,2,3],[0,1,2,5],[1,2,3]]",7,"[2,9,21,43,56,73,98]","[1,-1,1,-1,1,-1,-1]",0,True
100,6,64,5,4,61239,6051334,606007638,33,31,1023,"[98,60,43,45,93,29]","[-1,1,-1,1,-1,1]","[44,59,20,13,39,14]","[[2,3,5],[0,1,3,4,5],[2,4],[0,2,3],[0,1,2,5],[1,2,3]]",9,"[22,31,38,43,49,65,67,70,87]","[1,-1,1,-1,1,1,1,1,1]",0,True
100,6,64,5,5,61239,6051334,606007639,45,19,855,"[98,60,43,45,93,29]","[-1,1,-1,1,-1,1]","[44,59,20,13,39,14]","[[2,3,5],[0,1,3,4,5],[2,4],[0,2,3],[0,1,2,5],[1,2,3]]",14,"[11,13,23,33,36,37,55,60,66,68,74,82,87,89]","[1,1,-1,-1,-1,-1,-1,-1,1,-1,-1,-1,-1,1]",0,True
100,6,128,5,1,61239,6051334,606014035,74,54,3996,"[98,60,43,45,93,29]","[-1,1,-1,1,-1,1]","[44,59,20,13,39,14]","[[2,3,5],[0,1,3,4,5],[2,4],[0,2,3],[0,1,2,5],[1,2,3]]",17,"[8,9,14,21,33,34,35,38,50,71,79,80,83,85,89,95,96]","[1,-1,1,1,-1,-1,1,-1,-1,-1,-1,1,1,-1,1,1,1]",0,True
100,6,128,5,2,61239,6051334,606014036,78,50,3900,"[98,60,43,45,93,29]","[-1,1,-1,1,-1,1]","[44,59,20,13,39,14]","[[2,3,5],[0,1,3,4,5],[2,4],[0,2,3],[0,1,2,5],[1,2,3]]",18,"[1,4,15,18,30,38,39,44,48,53,55,58,65,76,79,85,90,97]","[-1,1,-1,1,1,-1,-1,1,1,1,-1,1,1,-1,-1,-1,-1,-1]",0,True
100,6,128,5,3,61239,6051334,606014037,78,50,3900,"[98,60,43,45,93,29]","[-1,1,-1,1,-1,1]","[44,59,20,13,39,14]","[[2,3,5],[0,1,3,4,5],[2,4],[0,2,3],[0,1,2,5],[1,2,3]]",14,"[0,9,22,23,26,35,43,50,54,57,59,68,71,84]","[-1,1,1,1,-1,1,-1,-1,1,1,-1,1,1,1]",0,True
100,6,128,5,4,61239,6051334,606014038,80,48,3840,"[98,60,43,45,93,29]","[-1,1,-1,1,-1,1]","[44,59,20,13,39,14]","[[2,3,5],[0,1,3,4,5],[2,4],[0,2,3],[0,1,2,5],[1,2,3]]",16,"[2,20,24,36,44,45,49,58,61,62,65,67,80,86,87,94]","[1,1,-1,-1,-1,1,-1,-1,-1,1,1,1,1,1,1,1]",0,True
100,6,128,5,5,61239,6051334,606014039,78,50,3900,"[98,60,43,45,93,29]","[-1,1,-1,1,-1,1]","[44,59,20,13,39,14]","[[2,3,5],[0,1,3,4,5],[2,4],[0,2,3],[0,1,2,5],[1,2,3]]",16,"[0,3,17,18,27,33,34,40,43,58,68,85,87,90,92,94]","[1,-1,1,-1,1,1,-1,1,-1,-1,-1,1,1,1,-1,1]",0,True
10,6,32,6,1,61240,6061244,606104435,11,21,231,"[3,9,5,8,7,4]","[-1,-1,-1,1,1,-1]","[17,12,56,33,36,50,3,42,22,5,26,9]","[[0,4],[2,3],[3,4,5],[0,5],[2,5],[1,4,5],[0,1],[1,3,5],[1,2,4],[0,2],[1,3,4],[0,3]]",5,"[3,4,5,6,9]","[-1,-1,-1,1,-1]",0,True
10,6,32,6,2,61240,6061244,606104436,14,18,252,"[3,9,5,8,7,4]","[-1,-1,-1,1,1,-1]","[17,12,56,33,36,50,3,42,22,5,26,9]","[[0,4],[2,3],[3,4,5],[0,5],[2,5],[1,4,5],[0,1],[1,3,5],[1,2,4],[0,2],[1,3,4],[0,3]]",5,"[3,4,5,6,9]","[-1,-1,-1,-1,-1]",0,True
10,6,32,6,3,61240,6061244,606104437,11,21,231,"[3,9,5,8,7,4]","[-1,-1,-1,1,1,-1]","[17,12,56,33,36,50,3,42,22,5,26,9]","[[0,4],[2,3],[3,4,5],[0,5],[2,5],[1,4,5],[0,1],[1,3,5],[1,2,4],[0,2],[1,3,4],[0,3]]",5,"[1,3,4,5,8]","[1,-1,-1,-1,1]",0,True
10,6,32,6,4,61240,6061244,606104438,3,29,87,"[3,9,5,8,7,4]","[-1,-1,-1,1,1,-1]","[17,12,56,33,36,50,3,42,22,5,26,9]","[[0,4],[2,3],[3,4,5],[0,5],[2,5],[1,4,5],[0,1],[1,3,5],[1,2,4],[0,2],[1,3,4],[0,3]]",5,"[0,1,3,5,6]","[1,1,-1,-1,-1]",0,True
10,6,32,6,5,61240,6061244,606104439,7,25,175,"[3,9,5,8,7,4]","[-1,-1,-1,1,1,-1]","[17,12,56,33,36,50,3,42,22,5,26,9]","[[0,4],[2,3],[3,4,5],[0,5],[2,5],[1,4,5],[0,1],[1,3,5],[1,2,4],[0,2],[1,3,4],[0,3]]",5,"[0,3,5,6,8]","[-1,-1,-1,1,1]",0,True
10,6,64,6,1,61240,6061244,606107635,10,54,540,"[3,9,5,8,7,4]","[-1,-1,-1,1,1,-1]","[17,12,56,33,36,50,3,42,22,5,26,9]","[[0,4],[2,3],[3,4,5],[0,5],[2,5],[1,4,5],[0,1],[1,3,5],[1,2,4],[0,2],[1,3,4],[0,3]]",6,"[0,2,3,4,5,8]","[-1,-1,-1,-1,-1,1]",0,True
10,6,64,6,2,61240,6061244,606107636,17,47,799,"[3,9,5,8,7,4]","[-1,-1,-1,1,1,-1]","[17,12,56,33,36,50,3,42,22,5,26,9]","[[0,4],[2,3],[3,4,5],[0,5],[2,5],[1,4,5],[0,1],[1,3,5],[1,2,4],[0,2],[1,3,4],[0,3]]",6,"[3,4,5,7,8,9]","[-1,-1,-1,1,1,-1]",0,True
10,6,64,6,3,61240,6061244,606107637,17,47,799,"[3,9,5,8,7,4]","[-1,-1,-1,1,1,-1]","[17,12,56,33,36,50,3,42,22,5,26,9]","[[0,4],[2,3],[3,4,5],[0,5],[2,5],[1,4,5],[0,1],[1,3,5],[1,2,4],[0,2],[1,3,4],[0,3]]",6,"[3,4,5,7,8,9]","[-1,-1,-1,1,1,-1]",0,True
10,6,64,6,4,61240,6061244,606107638,21,43,903,"[3,9,5,8,7,4]","[-1,-1,-1,1,1,-1]","[17,12,56,33,36,50,3,42,22,5,26,9]","[[0,4],[2,3],[3,4,5],[0,5],[2,5],[1,4,5],[0,1],[1,3,5],[1,2,4],[0,2],[1,3,4],[0,3]]",6,"[3,4,5,7,8,9]","[-1,-1,-1,1,1,-1]",0,True
10,6,64,6,5,61240,6061244,606107639,18,46,828,"[3,9,5,8,7,4]","[-1,-1,-1,1,1,-1]","[17,12,56,33,36,50,3,42,22,5,26,9]","[[0,4],[2,3],[3,4,5],[0,5],[2,5],[1,4,5],[0,1],[1,3,5],[1,2,4],[0,2],[1,3,4],[0,3]]",6,"[3,4,5,7,8,9]","[-1,-1,-1,1,1,-1]",0,True
10,6,128,6,1,61240,6061244,606114035,27,101,2727,"[3,9,5,8,7,4]","[-1,-1,-1,1,1,-1]","[17,12,56,33,36,50,3,42,22,5,26,9]","[[0,4],[2,3],[3,4,5],[0,5],[2,5],[1,4,5],[0,1],[1,3,5],[1,2,4],[0,2],[1,3,4],[0,3]]",6,"[3,4,5,7,8,9]","[-1,-1,-1,1,1,-1]",0,True
10,6,128,6,2,61240,6061244,606114036,31,97,3007,"[3,9,5,8,7,4]","[-1,-1,-1,1,1,-1]","[17,12,56,33,36,50,3,42,22,5,26,9]","[[0,4],[2,3],[3,4,5],[0,5],[2,5],[1,4,5],[0,1],[1,3,5],[1,2,4],[0,2],[1,3,4],[0,3]]",6,"[3,4,5,7,8,9]","[-1,-1,-1,1,1,-1]",0,True
10,6,128,6,3,61240,6061244,606114037,32,96,3072,"[3,9,5,8,7,4]","[-1,-1,-1,1,1,-1]","[17,12,56,33,36,50,3,42,22,5,26,9]","[[0,4],[2,3],[3,4,5],[0,5],[2,5],[1,4,5],[0,1],[1,3,5],[1,2,4],[0,2],[1,3,4],[0,3]]",6,"[3,4,5,7,8,9]","[-1,-1,-1,1,1,-1]",0,True
10,6,128,6,4,61240,6061244,606114038,35,93,3255,"[3,9,5,8,7,4]","[-1,-1,-1,1,1,-1]","[17,12,56,33,36,50,3,42,22,5,26,9]","[[0,4],[2,3],[3,4,5],[0,5],[2,5],[1,4,5],[0,1],[1,3,5],[1,2,4],[0,2],[1,3,4],[0,3]]",6,"[3,4,5,7,8,9]","[-1,-1,-1,1,1,-1]",0,True
10,6,128,6,5,61240,6061244,606114039,30,98,2940,"[3,9,5,8,7,4]","[-1,-1,-1,1,1,-1]","[17,12,56,33,36,50,3,42,22,5,26,9]","[[0,4],[2,3],[3,4,5],[0,5],[2,5],[1,4,5],[0,1],[1,3,5],[1,2,4],[0,2],[1,3,4],[0,3]]",8,"[1,2,3,4,5,6,8,9]","[-1,1,-1,-1,-1,-1,1,-1]",0,True
50,6,32,6,1,61240,6061284,606504435,4,28,112,"[43,26,46,49,6,16]","[-1,-1,-1,1,1,-1]","[17,12,56,33,36,50,3,42,22,5,26,9]","[[0,4],[2,3],[3,4,5],[0,5],[2,5],[1,4,5],[0,1],[1,3,5],[1,2,4],[0,2],[1,3,4],[0,3]]",6,"[1,29,35,37,39,44]","[1,1,1,1,1,1]",0,True
50,6,32,6,2,61240,6061284,606504436,7,25,175,"[43,26,46,49,6,16]","[-1,-1,-1,1,1,-1]","[17,12,56,33,36,50,3,42,22,5,26,9]","[[0,4],[2,3],[3,4,5],[0,5],[2,5],[1,4,5],[0,1],[1,3,5],[1,2,4],[0,2],[1,3,4],[0,3]]",7,"[12,18,21,38,42,46,49]","[-1,-1,-1,1,-1,-1,1]",0,True
50,6,32,6,3,61240,6061284,606504437,6,26,156,"[43,26,46,49,6,16]","[-1,-1,-1,1,1,-1]","[17,12,56,33,36,50,3,42,22,5,26,9]","[[0,4],[2,3],[3,4,5],[0,5],[2,5],[1,4,5],[0,1],[1,3,5],[1,2,4],[0,2],[1,3,4],[0,3]]",8,"[5,11,17,31,32,34,40,43]","[-1,1,-1,1,1,-1,-1,-1]",0,True
50,6,32,6,4,61240,6061284,606504438,13,19,247,"[43,26,46,49,6,16]","[-1,-1,-1,1,1,-1]","[17,12,56,33,36,50,3,42,22,5,26,9]","[[0,4],[2,3],[3,4,5],[0,5],[2,5],[1,4,5],[0,1],[1,3,5],[1,2,4],[0,2],[1,3,4],[0,3]]",8,"[4,12,14,17,19,26,38,46]","[-1,-1,-1,1,-1,-1,-1,-1]",0,True
50,6,32,6,5,61240,6061284,606504439,10,22,220,"[43,26,46,49,6,16]","[-1,-1,-1,1,1,-1]","[17,12,56,33,36,50,3,42,22,5,26,9]","[[0,4],[2,3],[3,4,5],[0,5],[2,5],[1,4,5],[0,1],[1,3,5],[1,2,4],[0,2],[1,3,4],[0,3]]",10,"[6,8,16,17,28,29,30,43,47,48]","[1,1,1,-1,1,1,1,-1,-1,-1]",0,True
50,6,64,6,1,61240,6061284,606507635,12,52,624,"[43,26,46,49,6,16]","[-1,-1,-1,1,1,-1]","[17,12,56,33,36,50,3,42,22,5,26,9]","[[0,4],[2,3],[3,4,5],[0,5],[2,5],[1,4,5],[0,1],[1,3,5],[1,2,4],[0,2],[1,3,4],[0,3]]",10,"[6,12,13,14,16,21,29,36,41,43]","[1,-1,-1,-1,-1,1,-1,1,1,-1]",0,True
50,6,64,6,2,61240,6061284,606507636,12,52,624,"[43,26,46,49,6,16]","[-1,-1,-1,1,1,-1]","[17,12,56,33,36,50,3,42,22,5,26,9]","[[0,4],[2,3],[3,4,5],[0,5],[2,5],[1,4,5],[0,1],[1,3,5],[1,2,4],[0,2],[1,3,4],[0,3]]",11,"[1,8,9,12,13,14,15,26,38,40,44]","[-1,1,1,1,1,1,-1,-1,-1,-1,1]",0,True
50,6,64,6,3,61240,6061284,606507637,11,53,583,"[43,26,46,49,6,16]","[-1,-1,-1,1,1,-1]","[17,12,56,33,36,50,3,42,22,5,26,9]","[[0,4],[2,3],[3,4,5],[0,5],[2,5],[1,4,5],[0,1],[1,3,5],[1,2,4],[0,2],[1,3,4],[0,3]]",8,"[1,2,7,8,26,36,38,43]","[1,1,-1,1,-1,1,1,-1]",0,True
50,6,64,6,4,61240,6061284,606507638,17,47,799,"[43,26,46,49,6,16]","[-1,-1,-1,1,1,-1]","[17,12,56,33,36,50,3,42,22,5,26,9]","[[0,4],[2,3],[3,4,5],[0,5],[2,5],[1,4,5],[0,1],[1,3,5],[1,2,4],[0,2],[1,3,4],[0,3]]",13,"[6,12,13,14,19,20,25,28,32,38,46,47,48]","[1,-1,1,1,1,1,-1,-1,-1,-1,-1,-1,1]",0,True
50,6,64,6,5,61240,6061284,606507639,16,48,768,"[43,26,46,49,6,16]","[-1,-1,-1,1,1,-1]","[17,12,56,33,36,50,3,42,22,5,26,9]","[[0,4],[2,3],[3,4,5],[0,5],[2,5],[1,4,5],[0,1],[1,3,5],[1,2,4],[0,2],[1,3,4],[0,3]]",12,"[4,6,9,12,13,17,21,28,36,37,46,48]","[1,1,-1,-1,-1,-1,1,1,-1,-1,-1,-1]",0,True
50,6,128,6,1,61240,6061284,606514035,31,97,3007,"[43,26,46,49,6,16]","[-1,-1,-1,1,1,-1]","[17,12,56,33,36,50,3,42,22,5,26,9]","[[0,4],[2,3],[3,4,5],[0,5],[2,5],[1,4,5],[0,1],[1,3,5],[1,2,4],[0,2],[1,3,4],[0,3]]",13,"[4,8,19,23,24,25,26,35,36,39,44,47,49]","[1,-1,-1,1,1,-1,-1,1,1,1,1,1,1]",0,True
50,6,128,6,2,61240,6061284,606514036,30,98,2940,"[43,26,46,49,6,16]","[-1,-1,-1,1,1,-1]","[17,12,56,33,36,50,3,42,22,5,26,9]","[[0,4],[2,3],[3,4,5],[0,5],[2,5],[1,4,5],[0,1],[1,3,5],[1,2,4],[0,2],[1,3,4],[0,3]]",15,"[1,11,14,19,24,26,28,29,31,34,37,39,42,47,48]","[-1,1,1,1,1,-1,-1,-1,-1,1,-1,1,-1,-1,-1]",0,True
50,6,128,6,3,61240,6061284,606514037,18,110,1980,"[43,26,46,49,6,16]","[-1,-1,-1,1,1,-1]","[17,12,56,33,36,50,3,42,22,5,26,9]","[[0,4],[2,3],[3,4,5],[0,5],[2,5],[1,4,5],[0,1],[1,3,5],[1,2,4],[0,2],[1,3,4],[0,3]]",12,"[3,7,30,31,32,35,36,38,42,43,48,49]","[1,-1,1,1,-1,-1,-1,1,1,-1,-1,1]",0,True
50,6,128,6,4,61240,6061284,606514038,28,100,2800,"[43,26,46,49,6,16]","[-1,-1,-1,1,1,-1]","[17,12,56,33,36,50,3,42,22,5,26,9]","[[0,4],[2,3],[3,4,5],[0,5],[2,5],[1,4,5],[0,1],[1,3,5],[1,2,4],[0,2],[1,3,4],[0,3]]",12,"[8,15,19,27,37,40,41,43,44,46,47,49]","[1,1,1,1,1,1,1,-1,-1,-1,-1,1]",0,True
50,6,128,6,5,61240,6061284,606514039,28,100,2800,"[43,26,46,49,6,16]","[-1,-1,-1,1,1,-1]","[17,12,56,33,36,50,3,42,22,5,26,9]","[[0,4],[2,3],[3,4,5],[0,5],[2,5],[1,4,5],[0,1],[1,3,5],[1,2,4],[0,2],[1,3,4],[0,3]]",14,"[1,4,6,8,11,17,19,20,22,30,39,41,43,48]","[-1,1,1,-1,-1,1,-1,-1,1,-1,1,1,-1,-1]",0,True
100,6,32,6,1,61240,6061334,607004435,9,23,207,"[79,43,42,62,54,80]","[-1,-1,-1,1,1,-1]","[17,12,56,33,36,50,3,42,22,5,26,9]","[[0,4],[2,3],[3,4,5],[0,5],[2,5],[1,4,5],[0,1],[1,3,5],[1,2,4],[0,2],[1,3,4],[0,3]]",9,"[4,18,34,53,65,67,75,86,96]","[-1,-1,-1,1,1,1,-1,-1,1]",0,True
100,6,32,6,2,61240,6061334,607004436,10,22,220,"[79,43,42,62,54,80]","[-1,-1,-1,1,1,-1]","[17,12,56,33,36,50,3,42,22,5,26,9]","[[0,4],[2,3],[3,4,5],[0,5],[2,5],[1,4,5],[0,1],[1,3,5],[1,2,4],[0,2],[1,3,4],[0,3]]",9,"[21,24,44,49,53,72,74,84,91]","[1,-1,-1,1,-1,-1,-1,-1,-1]",0,True
100,6,32,6,3,61240,6061334,607004437,7,25,175,"[79,43,42,62,54,80]","[-1,-1,-1,1,1,-1]","[17,12,56,33,36,50,3,42,22,5,26,9]","[[0,4],[2,3],[3,4,5],[0,5],[2,5],[1,4,5],[0,1],[1,3,5],[1,2,4],[0,2],[1,3,4],[0,3]]",6,"[16,26,52,57,68,95]","[-1,1,-1,1,1,1]",0,True
100,6,32,6,4,61240,6061334,607004438,6,26,156,"[79,43,42,62,54,80]","[-1,-1,-1,1,1,-1]","[17,12,56,33,36,50,3,42,22,5,26,9]","[[0,4],[2,3],[3,4,5],[0,5],[2,5],[1,4,5],[0,1],[1,3,5],[1,2,4],[0,2],[1,3,4],[0,3]]",7,"[17,22,23,47,58,72,82]","[-1,1,1,-1,-1,-1,1]",0,True
100,6,32,6,5,61240,6061334,607004439,10,22,220,"[79,43,42,62,54,80]","[-1,-1,-1,1,1,-1]","[17,12,56,33,36,50,3,42,22,5,26,9]","[[0,4],[2,3],[3,4,5],[0,5],[2,5],[1,4,5],[0,1],[1,3,5],[1,2,4],[0,2],[1,3,4],[0,3]]",8,"[14,18,19,32,39,53,79,81]","[1,-1,-1,-1,-1,1,-1,-1]",0,True
100,6,64,6,1,61240,6061334,607007635,11,53,583,"[79,43,42,62,54,80]","[-1,-1,-1,1,1,-1]","[17,12,56,33,36,50,3,42,22,5,26,9]","[[0,4],[2,3],[3,4,5],[0,5],[2,5],[1,4,5],[0,1],[1,3,5],[1,2,4],[0,2],[1,3,4],[0,3]]",10,"[12,14,15,27,32,35,40,55,77,97]","[-1,1,1,-1,-1,-1,-1,1,-1,1]",0,True
100,6,64,6,2,61240,6061334,607007636,12,52,624,"[79,43,42,62,54,80]","[-1,-1,-1,1,1,-1]","[17,12,56,33,36,50,3,42,22,5,26,9]","[[0,4],[2,3],[3,4,5],[0,5],[2,5],[1,4,5],[0,1],[1,3,5],[1,2,4],[0,2],[1,3,4],[0,3]]",12,"[3,21,25,37,38,41,51,60,62,72,76,91]","[1,1,-1,-1,-1,-1,1,1,1,-1,1,-1]",0,True
100,6,64,6,3,61240,6061334,607007637,16,48,768,"[79,43,42,62,54,80]","[-1,-1,-1,1,1,-1]","[17,12,56,33,36,50,3,42,22,5,26,9]","[[0,4],[2,3],[3,4,5],[0,5],[2,5],[1,4,5],[0,1],[1,3,5],[1,2,4],[0,2],[1,3,4],[0,3]]",10,"[10,19,43,44,54,60,71,72,78,94]","[-1,1,-1,1,1,-1,1,1,-1,-1]",0,True
100,6,64,6,4,61240,6061334,607007638,15,49,735,"[79,43,42,62,54,80]","[-1,-1,-1,1,1,-1]","[17,12,56,33,36,50,3,42,22,5,26,9]","[[0,4],[2,3],[3,4,5],[0,5],[2,5],[1,4,5],[0,1],[1,3,5],[1,2,4],[0,2],[1,3,4],[0,3]]",10,"[29,33,37,39,57,61,69,84,97,99]","[1,-1,1,1,-1,-1,-1,1,-1,1]",0,True
100,6,64,6,5,61240,6061334,607007639,13,51,663,"[79,43,42,62,54,80]","[-1,-1,-1,1,1,-1]","[17,12,56,33,36,50,3,42,22,5,26,9]","[[0,4],[2,3],[3,4,5],[0,5],[2,5],[1,4,5],[0,1],[1,3,5],[1,2,4],[0,2],[1,3,4],[0,3]]",11,"[0,16,36,39,45,49,54,59,60,92,98]","[1,-1,-1,1,1,-1,1,1,-1,-1,1]",0,True
100,6,128,6,1,61240,6061334,607014035,25,103,2575,"[79,43,42,62,54,80]","[-1,-1,-1,1,1,-1]","[17,12,56,33,36,50,3,42,22,5,26,9]","[[0,4],[2,3],[3,4,5],[0,5],[2,5],[1,4,5],[0,1],[1,3,5],[1,2,4],[0,2],[1,3,4],[0,3]]",15,"[3,14,18,35,36,37,50,54,57,68,77,78,81,93,99]","[-1,1,1,-1,1,-1,-1,1,-1,-1,1,-1,-1,-1,1]",0,True
100,6,128,6,2,61240,6061334,607014036,37,91,3367,"[79,43,42,62,54,80]","[-1,-1,-1,1,1,-1]","[17,12,56,33,36,50,3,42,22,5,26,9]","[[0,4],[2,3],[3,4,5],[0,5],[2,5],[1,4,5],[0,1],[1,3,5],[1,2,4],[0,2],[1,3,4],[0,3]]",16,"[3,4,19,20,22,32,37,56,61,63,70,76,78,89,90,95]","[-1,1,1,-1,-1,1,1,1,-1,-1,-1,1,1,-1,-1,-1]",0,True
100,6,128,6,3,61240,6061334,607014037,28,100,2800,"[79,43,42,62,54,80]","[-1,-1,-1,1,1,-1]","[17,12,56,33,36,50,3,42,22,5,26,9]","[[0,4],[2,3],[3,4,5],[0,5],[2,5],[1,4,5],[0,1],[1,3,5],[1,2,4],[0,2],[1,3,4],[0,3]]",12,"[2,4,8,23,39,46,47,50,78,79,80,93]","[1,-1,-1,1,-1,-1,1,1,1,-1,-1,1]",0,True
100,6,128,6,4,61240,6061334,607014038,34,94,3196,"[79,43,42,62,54,80]","[-1,-1,-1,1,1,-1]","[17,12,56,33,36,50,3,42,22,5,26,9]","[[0,4],[2,3],[3,4,5],[0,5],[2,5],[1,4,5],[0,1],[1,3,5],[1,2,4],[0,2],[1,3,4],[0,3]]",17,"[5,11,14,15,17,20,32,34,38,48,53,59,70,85,88,91,95]","[1,1,1,-1,1,-1,1,1,1,-1,1,-1,1,1,-1,1,1]",0,True
100,6,128,6,5,61240,6061334,607014039,34,94,3196,"[79,43,42,62,54,80]","[-1,-1,-1,1,1,-1]","[17,12,56,33,36,50,3,42,22,5,26,9]","[[0,4],[2,3],[3,4,5],[0,5],[2,5],[1,4,5],[0,1],[1,3,5],[1,2,4],[0,2],[1,3,4],[0,3]]",14,"[7,10,14,17,19,20,25,65,66,79,80,84,92,96]","[-1,-1,1,-1,1,1,1,-1,-1,-1,-1,1,-1,1]",0,True
10,6,32,7,1,61241,6071244,607104435,21,11,231,"[0,1,3,5,2,9]","[1,1,-1,-1,1,1]","[56,46,18,15]","[[3,4,5],[1,2,3,5],[1,4],[0,1,2,3]]",5,"[0,1,2,5,9]","[1,1,1,-1,1]",0,True
10,6,32,7,2,61241,6071244,607104436,20,12,240,"[0,1,3,5,2,9]","[1,1,-1,-1,1,1]","[56,46,18,15]","[[3,4,5],[1,2,3,5],[1,4],[0,1,2,3]]",5,"[0,1,4,5,7]","[1,1,-1,-1,-1]",0,True
10,6,32,7,3,61241,6071244,607104437,23,9,207,"[0,1,3,5,2,9]","[1,1,-1,-1,1,1]","[56,46,18,15]","[[3,4,5],[1,2,3,5],[1,4],[0,1,2,3]]",5,"[1,2,4,5,9]","[1,1,-1,-1,1]",0,True
10,6,32,7,4,61241,6071244,607104438,21,11,231,"[0,1,3,5,2,9]","[1,1,-1,-1,1,1]","[56,46,18,15]","[[3,4,5],[1,2,3,5],[1,4],[0,1,2,3]]",5,"[0,1,2,4,5]","[-1,1,1,1,-1]",0,True
10,6,32,7,5,61241,6071244,607104439,21,11,231,"[0,1,3,5,2,9]","[1,1,-1,-1,1,1]","[56,46,18,15]","[[3,4,5],[1,2,3,5],[1,4],[0,1,2,3]]",5,"[1,2,5,7,9]","[1,1,-1,-1,1]",0,True
10,6,64,7,1,61241,6071244,607107635,49,15,735,"[0,1,3,5,2,9]","[1,1,-1,-1,1,1]","[56,46,18,15]","[[3,4,5],[1,2,3,5],[1,4],[0,1,2,3]]",6,"[0,1,2,3,5,7]","[1,1,1,-1,-1,-1]",0,True
10,6,64,7,2,61241,6071244,607107636,39,25,975,"[0,1,3,5,2,9]","[1,1,-1,-1,1,1]","[56,46,18,15]","[[3,4,5],[1,2,3,5],[1,4],[0,1,2,3]]",5,"[1,2,3,5,9]","[1,1,-1,-1,1]",0,True
10,6,64,7,3,61241,6071244,607107637,36,28,1008,"[0,1,3,5,2,9]","[1,1,-1,-1,1,1]","[56,46,18,15]","[[3,4,5],[1,2,3,5],[1,4],[0,1,2,3]]",6,"[0,1,2,5,7,9]","[1,1,1,-1,1,1]",0,True
10,6,64,7,4,61241,6071244,607107638,47,17,799,"[0,1,3,5,2,9]","[1,1,-1,-1,1,1]","[56,46,18,15]","[[3,4,5],[1,2,3,5],[1,4],[0,1,2,3]]",5,"[1,2,3,5,9]","[1,1,-1,-1,1]",0,True
10,6,64,7,5,61241,6071244,607107639,43,21,903,"[0,1,3,5,2,9]","[1,1,-1,-1,1,1]","[56,46,18,15]","[[3,4,5],[1,2,3,5],[1,4],[0,1,2,3]]",6,"[1,2,3,5,6,9]","[1,1,-1,-1,-1,1]",0,True
10,6,128,7,1,61241,6071244,607114035,88,40,3520,"[0,1,3,5,2,9]","[1,1,-1,-1,1,1]","[56,46,18,15]","[[3,4,5],[1,2,3,5],[1,4],[0,1,2,3]]",6,"[1,2,3,5,8,9]","[1,1,-1,-1,-1,1]",0,True
10,6,128,7,2,61241,6071244,607114036,85,43,3655,"[0,1,3,5,2,9]","[1,1,-1,-1,1,1]","[56,46,18,15]","[[3,4,5],[1,2,3,5],[1,4],[0,1,2,3]]",6,"[0,1,2,3,5,9]","[1,1,1,-1,-1,1]",0,True
10,6,128,7,3,61241,6071244,607114037,88,40,3520,"[0,1,3,5,2,9]","[1,1,-1,-1,1,1]","[56,46,18,15]","[[3,4,5],[1,2,3,5],[1,4],[0,1,2,3]]",6,"[1,2,3,5,7,9]","[1,1,-1,-1,-1,1]",0,True
10,6,128,7,4,61241,6071244,607114038,82,46,3772,"[0,1,3,5,2,9]","[1,1,-1,-1,1,1]","[56,46,18,15]","[[3,4,5],[1,2,3,5],[1,4],[0,1,2,3]]",6,"[1,2,3,5,7,9]","[1,1,-1,-1,-1,1]",0,True
10,6,128,7,5,61241,6071244,607114039,74,54,3996,"[0,1,3,5,2,9]","[1,1,-1,-1,1,1]","[56,46,18,15]","[[3,4,5],[1,2,3,5],[1,4],[0,1,2,3]]",6,"[0,1,2,3,5,9]","[1,1,1,-1,-1,1]",0,True
50,6,32,7,1,61241,6071284,607504435,21,11,231,"[10,47,46,14,22,35]","[1,1,-1,-1,1,1]","[56,46,18,15]","[[3,4,5],[1,2,3,5],[1,4],[0,1,2,3]]",7,"[1,6,10,22,28,33,40]","[-1,1,1,1,-1,1,-1]",0,True
50,6,32,7,2,61241,6071284,607504436,23,9,207,"[10,47,46,14,22,35]","[1,1,-1,-1,1,1]","[56,46,18,15]","[[3,4,5],[1,2,3,5],[1,4],[0,1,2,3]]",9,"[5,15,17,36,37,39,42,43,48]","[1,-1,1,-1,1,1,-1,-1,-1]",0,True
50,6,32,7,3,61241,6071284,607504437,21,11,231,"[10,47,46,14,22,35]","[1,1,-1,-1,1,1]","[56,46,18,15]","[[3,4,5],[1,2,3,5],[1,4],[0,1,2,3]]",10,"[3,14,19,23,29,32,44,46,47,48]","[-1,1,-1,1,-1,1,1,-1,1,-1]",0,True
50,6,32,7,4,61241,6071284,607504438,23,9,207,"[10,47,46,14,22,35]","[1,1,-1,-1,1,1]","[56,46,18,15]","[[3,4,5],[1,2,3,5],[1,4],[0,1,2,3]]",9,"[7,10,21,28,30,31,36,45,47]","[-1,-1,-1,1,1,-1,1,1,1]",0,True
50,6,32,7,5,61241,6071284,607504439,22,10,220,"[10,47,46,14,22,35]","[1,1,-1,-1,1,1]","[56,46,18,15]","[[3,4,5],[1,2,3,5],[1,4],[0,1,2,3]]",9,"[4,6,14,18,26,31,33,34,48]","[1,1,1,1,1,-1,-1,-1,-1]",0,True
50,6,64,7,1,61241,6071284,607507635,40,24,960,"[10,47,46,14,22,35]","[1,1,-1,-1,1,1]","[56,46,18,15]","[[3,4,5],[1,2,3,5],[1,4],[0,1,2,3]]",13,"[3,4,11,12,13,15,18,21,22,27,30,31,41]","[-1,-1,-1,1,1,-1,-1,1,1,1,1,1,1]",0,True
50,6,64,7,2,61241,6071284,607507636,47,17,799,"[10,47,46,14,22,35]","[1,1,-1,-1,1,1]","[56,46,18,15]","[[3,4,5],[1,2,3,5],[1,4],[0,1,2,3]]",11,"[4,5,6,14,15,17,20,22,27,30,35]","[1,-1,-1,-1,1,1,1,1,-1,1,1]",0,True
50,6,64,7,3,61241,6071284,607507637,43,21,903,"[10,47,46,14,22,35]","[1,1,-1,-1,1,1]","[56,46,18,15]","[[3,4,5],[1,2,3,5],[1,4],[0,1,2,3]]",11,"[1,2,5,10,11,13,33,40,46,48,49]","[1,1,-1,1,1,-1,1,-1,-1,1,1]",0,True
50,6,64,7,4,61241,6071284,607507638,39,25,975,"[10,47,46,14,22,35]","[1,1,-1,-1,1,1]","[56,46,18,15]","[[3,4,5],[1,2,3,5],[1,4],[0,1,2,3]]",11,"[2,13,15,16,20,26,27,33,35,45,47]","[-1,-1,1,-1,1,-1,1,-1,1,-1,1]",0,True
50,6,64,7,5,61241,6071284,607507639,40,24,960,"[10,47,46,14,22,35]","[1,1,-1,-1,1,1]","[56,46,18,15]","[[3,4,5],[1,2,3,5],[1,4],[0,1,2,3]]",10,"[2,7,10,24,25,28,29,34,37,47]","[-1,1,1,1,-1,-1,1,-1,1,1]",0,True
50,6,128,7,1,61241,6071284,607514035,79,49,3871,"[10,47,46,14,22,35]","[1,1,-1,-1,1,1]","[56,46,18,15]","[[3,4,5],[1,2,3,5],[1,4],[0,1,2,3]]",16,"[6,10,11,14,15,24,26,27,34,37,38,40,43,47,48,49]","[-1,-1,-1,1,-1,1,1,1,1,1,-1,-1,1,1,-1,-1]",0,True
50,6,128,7,2,61241,6071284,607514036,90,38,3420,"[10,47,46,14,22,35]","[1,1,-1,-1,1,1]","[56,46,18,15]","[[3,4,5],[1,2,3,5],[1,4],[0,1,2,3]]",13,"[6,10,12,15,18,22,23,27,28,35,39,41,42]","[1,1,-1,1,-1,1,1,1,1,1,-1,-1,-1]",0,True
50,6,128,7,3,61241,6071284,607514037,83,45,3735,"[10,47,46,14,22,35]","[1,1,-1,-1,1,1]","[56,46,18,15]","[[3,4,5],[1,2,3,5],[1,4],[0,1,2,3]]",11,"[1,14,20,22,25,26,31,39,40,47,49]","[1,-1,1,1,1,-1,1,1,1,1,-1]",0,True
50,6,128,7,4,61241,6071284,607514038,78,50,3900,"[10,47,46,14,22,35]","[1,1,-1,-1,1,1]","[56,46,18,15]","[[3,4,5],[1,2,3,5],[1,4],[0,1,2,3]]",14,"[1,2,8,9,13,22,23,24,28,31,37,39,41,47]","[1,1,1,-1,1,1,1,1,-1,1,-1,-1,1,1]",0,True
50,6,128,7,5,61241,6071284,607514039,88,40,3520,"[10,47,46,14,22,35]","[1,1,-1,-1,1,1]","[56,46,18,15]","[[3,4,5],[1,2,3,5],[1,4],[0,1,2,3]]",17,"[0,1,3,4,7,10,15,20,23,25,30,36,41,42,45,47,48]","[-1,-1,-1,1,-1,1,1,1,1,-1,1,-1,-1,1,-1,1,-1]",0,True
100,6,32,7,1,61241,6071334,608004435,19,13,247,"[41,78,57,46,79,98]","[1,1,-1,-1,1,1]","[56,46,18,15]","[[3,4,5],[1,2,3,5],[1,4],[0,1,2,3]]",7,"[6,43,59,79,84,85,96]","[-1,1,1,1,1,1,-1]",0,True
100,6,32,7,2,61241,6071334,608004436,13,19,247,"[41,78,57,46,79,98]","[1,1,-1,-1,1,1]","[56,46,18,15]","[[3,4,5],[1,2,3,5],[1,4],[0,1,2,3]]",9,"[24,26,37,51,58,74,87,98,99]","[-1,-1,1,-1,1,1,-1,1,1]",0,True
100,6,32,7,3,61241,6071334,608004437,28,4,112,"[41,78,57,46,79,98]","[1,1,-1,-1,1,1]","[56,46,18,15]","[[3,4,5],[1,2,3,5],[1,4],[0,1,2,3]]",7,"[0,19,28,40,86,92,99]","[1,-1,1,-1,-1,1,-1]",0,True
100,6,32,7,4,61241,6071334,608004438,23,9,207,"[41,78,57,46,79,98]","[1,1,-1,-1,1,1]","[56,46,18,15]","[[3,4,5],[1,2,3,5],[1,4],[0,1,2,3]]",8,"[5,18,19,25,35,82,84,99]","[1,-1,-1,1,1,1,1,-1]",0,True
100,6,32,7,5,61241,6071334,608004439,21,11,231,"[41,78,57,46,79,98]","[1,1,-1,-1,1,1]","[56,46,18,15]","[[3,4,5],[1,2,3,5],[1,4],[0,1,2,3]]",8,"[3,20,25,45,68,75,84,89]","[-1,1,1,-1,-1,1,-1,1]",0,True
100,6,64,7,1,61241,6071334,608007635,46,18,828,"[41,78,57,46,79,98]","[1,1,-1,-1,1,1]","[56,46,18,15]","[[3,4,5],[1,2,3,5],[1,4],[0,1,2,3]]",10,"[10,14,21,29,36,46,52,54,68,79]","[1,-1,1,1,1,-1,1,-1,1,1]",0,True
100,6,64,7,2,61241,6071334,608007636,36,28,1008,"[41,78,57,46,79,98]","[1,1,-1,-1,1,1]","[56,46,18,15]","[[3,4,5],[1,2,3,5],[1,4],[0,1,2,3]]",11,"[20,23,48,53,62,63,64,71,77,86,94]","[1,-1,1,-1,1,1,1,1,-1,1,1]",0,True
100,6,64,7,3,61241,6071334,608007637,40,24,960,"[41,78,57,46,79,98]","[1,1,-1,-1,1,1]","[56,46,18,15]","[[3,4,5],[1,2,3,5],[1,4],[0,1,2,3]]",12,"[9,12,16,26,31,32,34,36,78,84,85,88]","[1,-1,-1,-1,1,-1,1,1,1,-1,1,-1]",0,True
100,6,64,7,4,61241,6071334,608007638,37,27,999,"[41,78,57,46,79,98]","[1,1,-1,-1,1,1]","[56,46,18,15]","[[3,4,5],[1,2,3,5],[1,4],[0,1,2,3]]",13,"[0,9,17,28,36,43,49,54,58,66,72,83,93]","[1,-1,-1,1,-1,1,1,1,1,1,-1,1,-1]",0,True
100,6,64,7,5,61241,6071334,608007639,45,19,855,"[41,78,57,46,79,98]","[1,1,-1,-1,1,1]","[56,46,18,15]","[[3,4,5],[1,2,3,5],[1,4],[0,1,2,3]]",11,"[2,17,21,30,36,58,62,79,81,86,94]","[1,1,-1,1,-1,-1,-1,1,1,1,-1]",0,True
100,6,128,7,1,61241,6071334,608014035,94,34,3196,"[41,78,57,46,79,98]","[1,1,-1,-1,1,1]","[56,46,18,15]","[[3,4,5],[1,2,3,5],[1,4],[0,1,2,3]]",17,"[3,19,27,37,45,46,51,56,57,58,65,68,72,82,83,84,87]","[1,1,1,-1,-1,-1,-1,-1,-1,1,-1,1,-1,-1,-1,1,1]",0,True
100,6,128,7,2,61241,6071334,608014036,85,43,3655,"[41,78,57,46,79,98]","[1,1,-1,-1,1,1]","[56,46,18,15]","[[3,4,5],[1,2,3,5],[1,4],[0,1,2,3]]",17,"[1,2,9,10,11,16,20,36,40,48,52,55,57,59,65,66,94]","[1,-1,-1,-1,-1,-1,1,-1,1,1,1,-1,-1,1,1,-1,1]",0,True
100,6,128,7,3,61241,6071334,608014037,85,43,3655,"[41,78,57,46,79,98]","[1,1,-1,-1,1,1]","[56,46,18,15]","[[3,4,5],[1,2,3,5],[1,4],[0,1,2,3]]",11,"[15,19,34,35,62,65,73,78,79,88,90]","[1,-1,1,-1,1,1,1,1,1,-1,-1]",0,True
100,6,128,7,4,61241,6071334,608014038,79,49,3871,"[41,78,57,46,79,98]","[1,1,-1,-1,1,1]","[56,46,18,15]","[[3,4,5],[1,2,3,5],[1,4],[0,1,2,3]]",18,"[0,4,5,6,29,35,41,44,45,46,54,59,61,62,86,89,97,98]","[1,-1,-1,-1,1,-1,-1,-1,-1,-1,-1,-1,1,-1,-1,1,1,-1]",0,True
100,6,128,7,5,61241,6071334,608014039,75,53,3975,"[41,78,57,46,79,98]","[1,1,-1,-1,1,1]","[56,46,18,15]","[[3,4,5],[1,2,3,5],[1,4],[0,1,2,3]]",17,"[2,4,21,25,27,29,31,46,48,51,52,63,70,79,82,84,88]","[-1,-1,1,1,1,1,-1,-1,1,-1,-1,1,-1,1,-1,-1,-1]",0,True
10,6,32,8,1,61242,6081244,608104435,13,19,247,"[4,9,6,0,5,1]","[-1,-1,1,1,-1,-1]","[7,27,34,56,13,37,20,49,14,41,44]","[[0,1,2],[0,1,3,4],[1,5],[3,4,5],[0,2,3],[0,2,5],[2,4],[0,4,5],[1,2,3],[0,3,5],[2,3,5]]",4,"[1,5,6,9]","[-1,-1,1,-1]",0,True
10,6,32,8,2,61242,6081244,608104436,14,18,252,"[4,9,6,0,5,1]","[-1,-1,1,1,-1,-1]","[7,27,34,56,13,37,20,49,14,41,44]","[[0,1,2],[0,1,3,4],[1,5],[3,4,5],[0,2,3],[0,2,5],[2,4],[0,4,5],[1,2,3],[0,3,5],[2,3,5]]",6,"[0,1,3,5,6,8]","[1,-1,1,1,1,-1]",0,True
10,6,32,8,3,61242,6081244,608104437,17,15,255,"[4,9,6,0,5,1]","[-1,-1,1,1,-1,-1]","[7,27,34,56,13,37,20,49,14,41,44]","[[0,1,2],[0,1,3,4],[1,5],[3,4,5],[0,2,3],[0,2,5],[2,4],[0,4,5],[1,2,3],[0,3,5],[2,3,5]]",6,"[0,1,3,5,6,9]","[1,-1,-1,-1,1,-1]",0,True
10,6,32,8,4,61242,6081244,608104438,11,21,231,"[4,9,6,0,5,1]","[-1,-1,1,1,-1,-1]","[7,27,34,56,13,37,20,49,14,41,44]","[[0,1,2],[0,1,3,4],[1,5],[3,4,5],[0,2,3],[0,2,5],[2,4],[0,4,5],[1,2,3],[0,3,5],[2,3,5]]",6,"[0,2,5,6,8,9]","[1,-1,-1,1,-1,-1]",0,True
10,6,32,8,5,61242,6081244,608104439,8,24,192,"[4,9,6,0,5,1]","[-1,-1,1,1,-1,-1]","[7,27,34,56,13,37,20,49,14,41,44]","[[0,1,2],[0,1,3,4],[1,5],[3,4,5],[0,2,3],[0,2,5],[2,4],[0,4,5],[1,2,3],[0,3,5],[2,3,5]]",4,"[1,4,6,9]","[-1,-1,1,-1]",0,True
10,6,64,8,1,61242,6081244,608107635,32,32,1024,"[4,9,6,0,5,1]","[-1,-1,1,1,-1,-1]","[7,27,34,56,13,37,20,49,14,41,44]","[[0,1,2],[0,1,3,4],[1,5],[3,4,5],[0,2,3],[0,2,5],[2,4],[0,4,5],[1,2,3],[0,3,5],[2,3,5]]",6,"[0,1,4,5,6,9]","[1,-1,-1,-1,1,-1]",0,True
10,6,64,8,2,61242,6081244,608107636,30,34,1020,"[4,9,6,0,5,1]","[-1,-1,1,1,-1,-1]","[7,27,34,56,13,37,20,49,14,41,44]","[[0,1,2],[0,1,3,4],[1,5],[3,4,5],[0,2,3],[0,2,5],[2,4],[0,4,5],[1,2,3],[0,3,5],[2,3,5]]",6,"[0,1,4,5,6,9]","[1,-1,-1,-1,1,-1]",0,True
10,6,64,8,3,61242,6081244,608107637,23,41,943,"[4,9,6,0,5,1]","[-1,-1,1,1,-1,-1]","[7,27,34,56,13,37,20,49,14,41,44]","[[0,1,2],[0,1,3,4],[1,5],[3,4,5],[0,2,3],[0,2,5],[2,4],[0,4,5],[1,2,3],[0,3,5],[2,3,5]]",6,"[0,1,4,5,6,9]","[1,-1,-1,-1,1,-1]",0,True
10,6,64,8,4,61242,6081244,608107638,18,46,828,"[4,9,6,0,5,1]","[-1,-1,1,1,-1,-1]","[7,27,34,56,13,37,20,49,14,41,44]","[[0,1,2],[0,1,3,4],[1,5],[3,4,5],[0,2,3],[0,2,5],[2,4],[0,4,5],[1,2,3],[0,3,5],[2,3,5]]",6,"[0,1,4,5,6,9]","[1,-1,-1,-1,1,-1]",0,True
10,6,64,8,5,61242,6081244,608107639,24,40,960,"[4,9,6,0,5,1]","[-1,-1,1,1,-1,-1]","[7,27,34,56,13,37,20,49,14,41,44]","[[0,1,2],[0,1,3,4],[1,5],[3,4,5],[0,2,3],[0,2,5],[2,4],[0,4,5],[1,2,3],[0,3,5],[2,3,5]]",6,"[0,1,5,6,7,9]","[1,-1,-1,1,1,-1]",0,True
10,6,128,8,1,61242,6081244,608114035,49,79,3871,"[4,9,6,0,5,1]","[-1,-1,1,1,-1,-1]","[7,27,34,56,13,37,20,49,14,41,44]","[[0,1,2],[0,1,3,4],[1,5],[3,4,5],[0,2,3],[0,2,5],[2,4],[0,4,5],[1,2,3],[0,3,5],[2,3,5]]",6,"[0,1,4,5,6,9]","[1,-1,-1,-1,1,-1]",0,True
10,6,128,8,2,61242,6081244,608114036,40,88,3520,"[4,9,6,0,5,1]","[-1,-1,1,1,-1,-1]","[7,27,34,56,13,37,20,49,14,41,44]","[[0,1,2],[0,1,3,4],[1,5],[3,4,5],[0,2,3],[0,2,5],[2,4],[0,4,5],[1,2,3],[0,3,5],[2,3,5]]",6,"[0,1,4,5,6,9]","[1,-1,-1,-1,1,-1]",0,True
10,6,128,8,3,61242,6081244,608114037,53,75,3975,"[4,9,6,0,5,1]","[-1,-1,1,1,-1,-1]","[7,27,34,56,13,37,20,49,14,41,44]","[[0,1,2],[0,1,3,4],[1,5],[3,4,5],[0,2,3],[0,2,5],[2,4],[0,4,5],[1,2,3],[0,3,5],[2,3,5]]",6,"[0,1,4,5,6,9]","[1,-1,-1,-1,1,-1]",0,True
10,6,128,8,4,61242,6081244,608114038,54,74,3996,"[4,9,6,0,5,1]","[-1,-1,1,1,-1,-1]","[7,27,34,56,13,37,20,49,14,41,44]","[[0,1,2],[0,1,3,4],[1,5],[3,4,5],[0,2,3],[0,2,5],[2,4],[0,4,5],[1,2,3],[0,3,5],[2,3,5]]",6,"[0,1,4,5,6,9]","[1,-1,-1,-1,1,-1]",0,True
10,6,128,8,5,61242,6081244,608114039,51,77,3927,"[4,9,6,0,5,1]","[-1,-1,1,1,-1,-1]","[7,27,34,56,13,37,20,49,14,41,44]","[[0,1,2],[0,1,3,4],[1,5],[3,4,5],[0,2,3],[0,2,5],[2,4],[0,4,5],[1,2,3],[0,3,5],[2,3,5]]",6,"[0,1,4,5,6,9]","[1,-1,-1,-1,1,-1]",0,True
50,6,32,8,1,61242,6081284,608504435,9,23,207,"[33,49,31,24,3,7]","[-1,-1,1,1,-1,-1]","[7,27,34,56,13,37,20,49,14,41,44]","[[0,1,2],[0,1,3,4],[1,5],[3,4,5],[0,2,3],[0,2,5],[2,4],[0,4,5],[1,2,3],[0,3,5],[2,3,5]]",9,"[0,5,9,17,25,26,34,38,42]","[1,1,1,1,1,-1,-1,-1,-1]",0,True
50,6,32,8,2,61242,6081284,608504436,15,17,255,"[33,49,31,24,3,7]","[-1,-1,1,1,-1,-1]","[7,27,34,56,13,37,20,49,14,41,44]","[[0,1,2],[0,1,3,4],[1,5],[3,4,5],[0,2,3],[0,2,5],[2,4],[0,4,5],[1,2,3],[0,3,5],[2,3,5]]",8,"[2,14,24,25,33,41,44,45]","[1,1,1,-1,1,1,1,-1]",0,True
50,6,32,8,3,61242,6081284,608504437,14,18,252,"[33,49,31,24,3,7]","[-1,-1,1,1,-1,-1]","[7,27,34,56,13,37,20,49,14,41,44]","[[0,1,2],[0,1,3,4],[1,5],[3,4,5],[0,2,3],[0,2,5],[2,4],[0,4,5],[1,2,3],[0,3,5],[2,3,5]]",9,"[8,20,23,24,28,34,39,41,46]","[-1,1,1,1,1,-1,1,-1,1]",0,True
50,6,32,8,4,61242,6081284,608504438,11,21,231,"[33,49,31,24,3,7]","[-1,-1,1,1,-1,-1]","[7,27,34,56,13,37,20,49,14,41,44]","[[0,1,2],[0,1,3,4],[1,5],[3,4,5],[0,2,3],[0,2,5],[2,4],[0,4,5],[1,2,3],[0,3,5],[2,3,5]]",10,"[0,4,9,26,29,34,35,36,42,48]","[1,1,-1,1,1,-1,1,1,1,-1]",0,True
50,6,32,8,5,61242,6081284,608504439,12,20,240,"[33,49,31,24,3,7]","[-1,-1,1,1,-1,-1]","[7,27,34,56,13,37,20,49,14,41,44]","[[0,1,2],[0,1,3,4],[1,5],[3,4,5],[0,2,3],[0,2,5],[2,4],[0,4,5],[1,2,3],[0,3,5],[2,3,5]]",7,"[7,8,10,15,17,36,41]","[-1,-1,-1,-1,1,1,1]",0,True
50,6,64,8,1,61242,6081284,608507635,15,49,735,"[33,49,31,24,3,7]","[-1,-1,1,1,-1,-1]","[7,27,34,56,13,37,20,49,14,41,44]","[[0,1,2],[0,1,3,4],[1,5],[3,4,5],[0,2,3],[0,2,5],[2,4],[0,4,5],[1,2,3],[0,3,5],[2,3,5]]",8,"[3,5,7,14,18,21,26,35]","[-1,-1,-1,-1,1,1,-1,1]",0,True
50,6,64,8,2,61242,6081284,608507636,27,37,999,"[33,49,31,24,3,7]","[-1,-1,1,1,-1,-1]","[7,27,34,56,13,37,20,49,14,41,44]","[[0,1,2],[0,1,3,4],[1,5],[3,4,5],[0,2,3],[0,2,5],[2,4],[0,4,5],[1,2,3],[0,3,5],[2,3,5]]",11,"[1,7,23,25,27,29,31,33,34,42,49]","[-1,-1,1,1,-1,1,1,-1,1,1,-1]",0,True
50,6,64,8,3,61242,6081284,608507637,26,38,988,"[33,49,31,24,3,7]","[-1,-1,1,1,-1,-1]","[7,27,34,56,13,37,20,49,14,41,44]","[[0,1,2],[0,1,3,4],[1,5],[3,4,5],[0,2,3],[0,2,5],[2,4],[0,4,5],[1,2,3],[0,3,5],[2,3,5]]",12,"[0,3,4,5,12,21,24,26,29,34,42,46]","[1,-1,-1,-1,-1,1,1,-1,-1,-1,-1,1]",0,True
50,6,64,8,4,61242,6081284,608507638,30,34,1020,"[33,49,31,24,3,7]","[-1,-1,1,1,-1,-1]","[7,27,34,56,13,37,20,49,14,41,44]","[[0,1,2],[0,1,3,4],[1,5],[3,4,5],[0,2,3],[0,2,5],[2,4],[0,4,5],[1,2,3],[0,3,5],[2,3,5]]",12,"[0,9,10,16,17,18,23,25,31,40,47,48]","[1,-1,-1,-1,1,-1,1,1,1,-1,1,-1]",0,True
50,6,64,8,5,61242,6081284,608507639,24,40,960,"[33,49,31,24,3,7]","[-1,-1,1,1,-1,-1]","[7,27,34,56,13,37,20,49,14,41,44]","[[0,1,2],[0,1,3,4],[1,5],[3,4,5],[0,2,3],[0,2,5],[2,4],[0,4,5],[1,2,3],[0,3,5],[2,3,5]]",9,"[7,9,18,24,29,31,43,47,49]","[-1,1,-1,1,1,1,1,-1,-1]",0,True
50,6,128,8,1,61242,6081284,608514035,43,85,3655,"[33,49,31,24,3,7]","[-1,-1,1,1,-1,-1]","[7,27,34,56,13,37,20,49,14,41,44]","[[0,1,2],[0,1,3,4],[1,5],[3,4,5],[0,2,3],[0,2,5],[2,4],[0,4,5],[1,2,3],[0,3,5],[2,3,5]]",14,"[2,7,20,23,25,26,28,31,34,35,39,40,47,48]","[-1,-1,-1,-1,1,-1,-1,1,-1,-1,1,-1,1,1]",0,True
50,6,128,8,2,61242,6081284,608514036,58,70,4060,"[33,49,31,24,3,7]","[-1,-1,1,1,-1,-1]","[7,27,34,56,13,37,20,49,14,41,44]","[[0,1,2],[0,1,3,4],[1,5],[3,4,5],[0,2,3],[0,2,5],[2,4],[0,4,5],[1,2,3],[0,3,5],[2,3,5]]",15,"[4,5,10,11,15,20,21,23,27,31,32,33,36,38,49]","[1,1,1,1,1,1,1,-1,-1,1,-1,-1,-1,1,-1]",0,True
50,6,128,8,3,61242,6081284,608514037,46,82,3772,"[33,49,31,24,3,7]","[-1,-1,1,1,-1,-1]","[7,27,34,56,13,37,20,49,14,41,44]","[[0,1,2],[0,1,3,4],[1,5],[3,4,5],[0,2,3],[0,2,5],[2,4],[0,4,5],[1,2,3],[0,3,5],[2,3,5]]",15,"[3,5,8,9,14,16,18,19,25,32,40,42,44,48,49]","[-1,1,1,1,-1,1,-1,-1,-1,-1,1,1,1,1,-1]",0,True
50,6,128,8,4,61242,6081284,608514038,54,74,3996,"[33,49,31,24,3,7]","[-1,-1,1,1,-1,-1]","[7,27,34,56,13,37,20,49,14,41,44]","[[0,1,2],[0,1,3,4],[1,5],[3,4,5],[0,2,3],[0,2,5],[2,4],[0,4,5],[1,2,3],[0,3,5],[2,3,5]]",16,"[0,2,3,4,6,9,12,13,22,27,29,30,37,38,44,47]","[1,-1,1,1,1,-1,1,-1,1,1,-1,-1,-1,-1,1,1]",0,True
50,6,128,8,5,61242,6081284,608514039,46,82,3772,"[33,49,31,24,3,7]","[-1,-1,1,1,-1,-1]","[7,27,34,56,13,37,20,49,14,41,44]","[[0,1,2],[0,1,3,4],[1,5],[3,4,5],[0,2,3],[0,2,5],[2,4],[0,4,5],[1,2,3],[0,3,5],[2,3,5]]",14,"[7,8,11,12,13,16,24,25,26,31,35,41,46,49]","[-1,-1,-1,1,1,-1,1,1,-1,1,1,1,1,-1]",0,True
100,6,32,8,1,61242,6081334,609004435,9,23,207,"[93,41,78,67,32,98]","[-1,-1,1,1,-1,-1]","[7,27,34,56,13,37,20,49,14,41,44]","[[0,1,2],[0,1,3,4],[1,5],[3,4,5],[0,2,3],[0,2,5],[2,4],[0,4,5],[1,2,3],[0,3,5],[2,3,5]]",8,"[41,45,46,51,66,70,84,92]","[-1,-1,-1,1,1,-1,1,-1]",0,True
100,6,32,8,2,61242,6081334,609004436,8,24,192,"[93,41,78,67,32,98]","[-1,-1,1,1,-1,-1]","[7,27,34,56,13,37,20,49,14,41,44]","[[0,1,2],[0,1,3,4],[1,5],[3,4,5],[0,2,3],[0,2,5],[2,4],[0,4,5],[1,2,3],[0,3,5],[2,3,5]]",6,"[48,67,78,82,83,98]","[-1,1,1,1,1,-1]",0,True
100,6,32,8,3,61242,6081334,609004437,13,19,247,"[93,41,78,67,32,98]","[-1,-1,1,1,-1,-1]","[7,27,34,56,13,37,20,49,14,41,44]","[[0,1,2],[0,1,3,4],[1,5],[3,4,5],[0,2,3],[0,2,5],[2,4],[0,4,5],[1,2,3],[0,3,5],[2,3,5]]",8,"[11,16,17,22,39,42,60,88]","[-1,-1,1,-1,-1,1,1,1]",0,True
100,6,32,8,4,61242,6081334,609004438,11,21,231,"[93,41,78,67,32,98]","[-1,-1,1,1,-1,-1]","[7,27,34,56,13,37,20,49,14,41,44]","[[0,1,2],[0,1,3,4],[1,5],[3,4,5],[0,2,3],[0,2,5],[2,4],[0,4,5],[1,2,3],[0,3,5],[2,3,5]]",9,"[15,17,31,38,61,65,95,96,98]","[-1,-1,-1,-1,1,1,1,1,-1]",0,True
100,6,32,8,5,61242,6081334,609004439,4,28,112,"[93,41,78,67,32,98]","[-1,-1,1,1,-1,-1]","[7,27,34,56,13,37,20,49,14,41,44]","[[0,1,2],[0,1,3,4],[1,5],[3,4,5],[0,2,3],[0,2,5],[2,4],[0,4,5],[1,2,3],[0,3,5],[2,3,5]]",8,"[22,43,53,66,79,80,89,92]","[-1,1,1,1,-1,-1,1,1]",0,True
100,6,64,8,1,61242,6081334,609007635,20,44,880,"[93,41,78,67,32,98]","[-1,-1,1,1,-1,-1]","[7,27,34,56,13,37,20,49,14,41,44]","[[0,1,2],[0,1,3,4],[1,5],[3,4,5],[0,2,3],[0,2,5],[2,4],[0,4,5],[1,2,3],[0,3,5],[2,3,5]]",10,"[32,45,50,53,55,89,93,95,98,99]","[-1,1,1,-1,1,-1,-1,1,-1,-1]",0,True
100,6,64,8,2,61242,6081334,609007636,20,44,880,"[93,41,78,67,32,98]","[-1,-1,1,1,-1,-1]","[7,27,34,56,13,37,20,49,14,41,44]","[[0,1,2],[0,1,3,4],[1,5],[3,4,5],[0,2,3],[0,2,5],[2,4],[0,4,5],[1,2,3],[0,3,5],[2,3,5]]",11,"[7,15,22,37,39,53,75,78,82,91,93]","[1,1,-1,1,1,-1,1,1,1,-1,-1]",0,True
100,6,64,8,3,61242,6081334,609007637,34,30,1020,"[93,41,78,67,32,98]","[-1,-1,1,1,-1,-1]","[7,27,34,56,13,37,20,49,14,41,44]","[[0,1,2],[0,1,3,4],[1,5],[3,4,5],[0,2,3],[0,2,5],[2,4],[0,4,5],[1,2,3],[0,3,5],[2,3,5]]",11,"[3,24,27,44,60,61,67,69,83,86,90]","[1,1,1,1,-1,1,1,-1,-1,1,1]",0,True
100,6,64,8,4,61242,6081334,609007638,20,44,880,"[93,41,78,67,32,98]","[-1,-1,1,1,-1,-1]","[7,27,34,56,13,37,20,49,14,41,44]","[[0,1,2],[0,1,3,4],[1,5],[3,4,5],[0,2,3],[0,2,5],[2,4],[0,4,5],[1,2,3],[0,3,5],[2,3,5]]",11,"[27,48,49,53,56,62,67,75,78,84,96]","[1,-1,-1,1,1,1,1,1,1,1,1]",0,True
100,6,64,8,5,61242,6081334,609007639,24,40,960,"[93,41,78,67,32,98]","[-1,-1,1,1,-1,-1]","[7,27,34,56,13,37,20,49,14,41,44]","[[0,1,2],[0,1,3,4],[1,5],[3,4,5],[0,2,3],[0,2,5],[2,4],[0,4,5],[1,2,3],[0,3,5],[2,3,5]]",13,"[8,13,16,32,45,50,63,66,72,76,79,92,96]","[-1,-1,-1,-1,1,-1,1,1,1,-1,1,-1,-1]",0,True
100,6,128,8,1,61242,6081334,609014035,43,85,3655,"[93,41,78,67,32,98]","[-1,-1,1,1,-1,-1]","[7,27,34,56,13,37,20,49,14,41,44]","[[0,1,2],[0,1,3,4],[1,5],[3,4,5],[0,2,3],[0,2,5],[2,4],[0,4,5],[1,2,3],[0,3,5],[2,3,5]]",17,"[3,6,8,11,14,15,21,33,36,38,43,47,55,66,68,89,98]","[-1,1,-1,-1,1,1,1,-1,-1,1,-1,-1,1,1,1,1,-1]",0,True
100,6,128,8,2,61242,6081334,609014036,48,80,3840,"[93,41,78,67,32,98]","[-1,-1,1,1,-1,-1]","[7,27,34,56,13,37,20,49,14,41,44]","[[0,1,2],[0,1,3,4],[1,5],[3,4,5],[0,2,3],[0,2,5],[2,4],[0,4,5],[1,2,3],[0,3,5],[2,3,5]]",18,"[3,5,11,15,16,17,36,39,45,49,60,61,64,79,89,90,92,95]","[1,-1,-1,1,1,1,1,-1,-1,1,-1,-1,-1,-1,1,-1,-1,-1]",0,True
100,6,128,8,3,61242,6081334,609014037,51,77,3927,"[93,41,78,67,32,98]","[-1,-1,1,1,-1,-1]","[7,27,34,56,13,37,20,49,14,41,44]","[[0,1,2],[0,1,3,4],[1,5],[3,4,5],[0,2,3],[0,2,5],[2,4],[0,4,5],[1,2,3],[0,3,5],[2,3,5]]",15,"[3,6,14,15,21,25,30,32,33,39,49,68,73,78,98]","[-1,1,1,-1,1,-1,1,-1,-1,-1,1,-1,1,1,-1]",0,True
100,6,128,8,4,61242,6081334,609014038,50,78,3900,"[93,41,78,67,32,98]","[-1,-1,1,1,-1,-1]","[7,27,34,56,13,37,20,49,14,41,44]","[[0,1,2],[0,1,3,4],[1,5],[3,4,5],[0,2,3],[0,2,5],[2,4],[0,4,5],[1,2,3],[0,3,5],[2,3,5]]",15,"[23,32,37,38,47,54,56,68,70,76,78,85,87,92,97]","[-1,1,-1,1,1,-1,-1,-1,-1,-1,1,1,-1,1,1]",0,True
100,6,128,8,5,61242,6081334,609014039,52,76,3952,"[93,41,78,67,32,98]","[-1,-1,1,1,-1,-1]","[7,27,34,56,13,37,20,49,14,41,44]","[[0,1,2],[0,1,3,4],[1,5],[3,4,5],[0,2,3],[0,2,5],[2,4],[0,4,5],[1,2,3],[0,3,5],[2,3,5]]",18,"[4,6,12,14,21,28,33,35,39,41,45,48,50,69,72,82,86,88]","[1,-1,-1,-1,1,-1,-1,1,-1,-1,1,-1,-1,1,-1,-1,1,-1]",0,True
10,6,32,9,1,61243,6091244,609104435,7,25,175,"[7,6,8,2,3,9]","[1,1,1,1,-1,-1]","[20,1,42,12,6,56,26,50,36]","[[2,4],[0],[1,3,5],[2,3],[1,2],[3,4,5],[1,3,4],[1,4,5],[2,5]]",5,"[2,3,7,8,9]","[1,-1,1,1,-1]",0,True
10,6,32,9,2,61243,6091244,609104436,3,29,87,"[7,6,8,2,3,9]","[1,1,1,1,-1,-1]","[20,1,42,12,6,56,26,50,36]","[[2,4],[0],[1,3,5],[2,3],[1,2],[3,4,5],[1,3,4],[1,4,5],[2,5]]",6,"[0,1,2,4,7,8]","[1,1,1,-1,1,1]",0,True
10,6,32,9,3,61243,6091244,609104437,5,27,135,"[7,6,8,2,3,9]","[1,1,1,1,-1,-1]","[20,1,42,12,6,56,26,50,36]","[[2,4],[0],[1,3,5],[2,3],[1,2],[3,4,5],[1,3,4],[1,4,5],[2,5]]",5,"[2,6,7,8,9]","[1,1,1,1,-1]",0,True
10,6,32,9,4,61243,6091244,609104438,7,25,175,"[7,6,8,2,3,9]","[1,1,1,1,-1,-1]","[20,1,42,12,6,56,26,50,36]","[[2,4],[0],[1,3,5],[2,3],[1,2],[3,4,5],[1,3,4],[1,4,5],[2,5]]",4,"[1,3,4,7]","[-1,-1,1,1]",0,True
10,6,32,9,5,61243,6091244,609104439,7,25,175,"[7,6,8,2,3,9]","[1,1,1,1,-1,-1]","[20,1,42,12,6,56,26,50,36]","[[2,4],[0],[1,3,5],[2,3],[1,2],[3,4,5],[1,3,4],[1,4,5],[2,5]]",4,"[0,2,7,8]","[1,1,1,1]",0,True
10,6,64,9,1,61243,6091244,609107635,12,52,624,"[7,6,8,2,3,9]","[1,1,1,1,-1,-1]","[20,1,42,12,6,56,26,50,36]","[[2,4],[0],[1,3,5],[2,3],[1,2],[3,4,5],[1,3,4],[1,4,5],[2,5]]",5,"[2,6,7,8,9]","[1,1,1,1,-1]",0,True
10,6,64,9,2,61243,6091244,609107636,15,49,735,"[7,6,8,2,3,9]","[1,1,1,1,-1,-1]","[20,1,42,12,6,56,26,50,36]","[[2,4],[0],[1,3,5],[2,3],[1,2],[3,4,5],[1,3,4],[1,4,5],[2,5]]",6,"[2,3,6,7,8,9]","[1,-1,1,1,1,-1]",0,True
10,6,64,9,3,61243,6091244,609107637,12,52,624,"[7,6,8,2,3,9]","[1,1,1,1,-1,-1]","[20,1,42,12,6,56,26,50,36]","[[2,4],[0],[1,3,5],[2,3],[1,2],[3,4,5],[1,3,4],[1,4,5],[2,5]]",7,"[1,2,3,5,6,7,8]","[1,1,-1,-1,1,1,1]",0,True
10,6,64,9,4,61243,6091244,609107638,10,54,540,"[7,6,8,2,3,9]","[1,1,1,1,-1,-1]","[20,1,42,12,6,56,26,50,36]","[[2,4],[0],[1,3,5],[2,3],[1,2],[3,4,5],[1,3,4],[1,4,5],[2,5]]",6,"[1,2,5,7,8,9]","[-1,1,1,1,1,-1]",0,True
10,6,64,9,5,61243,6091244,609107639,13,51,663,"[7,6,8,2,3,9]","[1,1,1,1,-1,-1]","[20,1,42,12,6,56,26,50,36]","[[2,4],[0],[1,3,5],[2,3],[1,2],[3,4,5],[1,3,4],[1,4,5],[2,5]]",6,"[3,5,6,7,8,9]","[-1,1,1,1,1,-1]",0,True
10,6,128,9,1,61243,6091244,609114035,30,98,2940,"[7,6,8,2,3,9]","[1,1,1,1,-1,-1]","[20,1,42,12,6,56,26,50,36]","[[2,4],[0],[1,3,5],[2,3],[1,2],[3,4,5],[1,3,4],[1,4,5],[2,5]]",6,"[2,3,6,7,8,9]","[1,-1,1,1,1,-1]",0,True
10,6,128,9,2,61243,6091244,609114036,23,105,2415,"[7,6,8,2,3,9]","[1,1,1,1,-1,-1]","[20,1,42,12,6,56,26,50,36]","[[2,4],[0],[1,3,5],[2,3],[1,2],[3,4,5],[1,3,4],[1,4,5],[2,5]]",6,"[2,3,6,7,8,9]","[1,-1,1,1,1,-1]",0,True
10,6,128,9,3,61243,6091244,609114037,32,96,3072,"[7,6,8,2,3,9]","[1,1,1,1,-1,-1]","[20,1,42,12,6,56,26,50,36]","[[2,4],[0],[1,3,5],[2,3],[1,2],[3,4,5],[1,3,4],[1,4,5],[2,5]]",6,"[2,3,6,7,8,9]","[1,-1,1,1,1,-1]",0,True
10,6,128,9,4,61243,6091244,609114038,28,100,2800,"[7,6,8,2,3,9]","[1,1,1,1,-1,-1]","[20,1,42,12,6,56,26,50,36]","[[2,4],[0],[1,3,5],[2,3],[1,2],[3,4,5],[1,3,4],[1,4,5],[2,5]]",6,"[2,3,6,7,8,9]","[1,-1,1,1,1,-1]",0,True
10,6,128,9,5,61243,6091244,609114039,22,106,2332,"[7,6,8,2,3,9]","[1,1,1,1,-1,-1]","[20,1,42,12,6,56,26,50,36]","[[2,4],[0],[1,3,5],[2,3],[1,2],[3,4,5],[1,3,4],[1,4,5],[2,5]]",6,"[2,3,4,6,7,8]","[1,-1,-1,1,1,1]",0,True
50,6,32,9,1,61243,6091284,609504435,4,28,112,"[17,33,15,6,40,45]","[1,1,1,1,-1,-1]","[20,1,42,12,6,56,26,50,36]","[[2,4],[0],[1,3,5],[2,3],[1,2],[3,4,5],[1,3,4],[1,4,5],[2,5]]",4,"[15,17,30,36]","[1,1,1,1]",0,True
50,6,32,9,2,61243,6091284,609504436,9,23,207,"[17,33,15,6,40,45]","[1,1,1,1,-1,-1]","[20,1,42,12,6,56,26,50,36]","[[2,4],[0],[1,3,5],[2,3],[1,2],[3,4,5],[1,3,4],[1,4,5],[2,5]]",7,"[0,10,20,23,25,27,40]","[1,-1,-1,1,-1,-1,-1]",0,True
50,6,32,9,3,61243,6091284,609504437,6,26,156,"[17,33,15,6,40,45]","[1,1,1,1,-1,-1]","[20,1,42,12,6,56,26,50,36]","[[2,4],[0],[1,3,5],[2,3],[1,2],[3,4,5],[1,3,4],[1,4,5],[2,5]]",6,"[7,19,33,39,44,48]","[-1,-1,1,1,1,1]",0,True
50,6,32,9,4,61243,6091284,609504438,7,25,175,"[17,33,15,6,40,45]","[1,1,1,1,-1,-1]","[20,1,42,12,6,56,26,50,36]","[[2,4],[0],[1,3,5],[2,3],[1,2],[3,4,5],[1,3,4],[1,4,5],[2,5]]",7,"[4,17,34,39,40,42,49]","[-1,1,1,1,-1,1,-1]",0,True
50,6,32,9,5,61243,6091284,609504439,4,28,112,"[17,33,15,6,40,45]","[1,1,1,1,-1,-1]","[20,1,42,12,6,56,26,50,36]","[[2,4],[0],[1,3,5],[2,3],[1,2],[3,4,5],[1,3,4],[1,4,5],[2,5]]",7,"[8,22,29,30,42,46,47]","[-1,-1,-1,-1,1,1,-1]",0,True
50,6,64,9,1,61243,6091284,609507635,14,50,700,"[17,33,15,6,40,45]","[1,1,1,1,-1,-1]","[20,1,42,12,6,56,26,50,36]","[[2,4],[0],[1,3,5],[2,3],[1,2],[3,4,5],[1,3,4],[1,4,5],[2,5]]",11,"[6,10,20,23,25,26,28,30,33,37,41]","[1,-1,-1,-1,1,-1,1,-1,1,-1,-1]",0,True
50,6,64,9,2,61243,6091284,609507636,11,53,583,"[17,33,15,6,40,45]","[1,1,1,1,-1,-1]","[20,1,42,12,6,56,26,50,36]","[[2,4],[0],[1,3,5],[2,3],[1,2],[3,4,5],[1,3,4],[1,4,5],[2,5]]",7,"[9,15,17,37,40,42,49]","[1,1,1,1,-1,-1,-1]",0,True
50,6,64,9,3,61243,6091284,609507637,17,47,799,"[17,33,15,6,40,45]","[1,1,1,1,-1,-1]","[20,1,42,12,6,56,26,50,36]","[[2,4],[0],[1,3,5],[2,3],[1,2],[3,4,5],[1,3,4],[1,4,5],[2,5]]",10,"[1,3,4,9,17,18,22,27,35,39]","[-1,1,1,-1,1,1,1,-1,-1,-1]",0,True
50,6,64,9,4,61243,6091284,609507638,8,56,448,"[17,33,15,6,40,45]","[1,1,1,1,-1,-1]","[20,1,42,12,6,56,26,50,36]","[[2,4],[0],[1,3,5],[2,3],[1,2],[3,4,5],[1,3,4],[1,4,5],[2,5]]",8,"[0,6,15,30,35,42,45,48]","[-1,1,1,-1,-1,1,1,1]",0,True
50,6,64,9,5,61243,6091284,609507639,13,51,663,"[17,33,15,6,40,45]","[1,1,1,1,-1,-1]","[20,1,42,12,6,56,26,50,36]","[[2,4],[0],[1,3,5],[2,3],[1,2],[3,4,5],[1,3,4],[1,4,5],[2,5]]",8,"[17,18,20,21,26,33,42,49]","[1,1,1,1,-1,1,1,-1]",0,True
50,6,128,9,1,61243,6091284,609514035,26,102,2652,"[17,33,15,6,40,45]","[1,1,1,1,-1,-1]","[20,1,42,12,6,56,26,50,36]","[[2,4],[0],[1,3,5],[2,3],[1,2],[3,4,5],[1,3,4],[1,4,5],[2,5]]",16,"[1,2,3,4,5,7,8,16,22,27,31,33,39,42,43,44]","[1,-1,1,-1,1,1,-1,1,1,-1,1,1,-1,1,-1,1]",0,True
50,6,128,9,2,61243,6091284,609514036,29,99,2871,"[17,33,15,6,40,45]","[1,1,1,1,-1,-1]","[20,1,42,12,6,56,26,50,36]","[[2,4],[0],[1,3,5],[2,3],[1,2],[3,4,5],[1,3,4],[1,4,5],[2,5]]",13,"[3,6,10,14,15,16,18,22,29,33,37,42,47]","[-1,1,-1,1,1,-1,-1,1,-1,1,1,-1,1]",0,True
50,6,128,9,3,61243,6091284,609514037,30,98,2940,"[17,33,15,6,40,45]","[1,1,1,1,-1,-1]","[20,1,42,12,6,56,26,50,36]","[[2,4],[0],[1,3,5],[2,3],[1,2],[3,4,5],[1,3,4],[1,4,5],[2,5]]",12,"[1,11,12,15,17,20,22,23,29,34,40,48]","[-1,1,1,1,1,-1,1,1,-1,-1,-1,1]",0,True
50,6,128,9,4,61243,6091284,609514038,23,105,2415,"[17,33,15,6,40,45]","[1,1,1,1,-1,-1]","[20,1,42,12,6,56,26,50,36]","[[2,4],[0],[1,3,5],[2,3],[1,2],[3,4,5],[1,3,4],[1,4,5],[2,5]]",12,"[1,3,8,12,15,26,33,34,35,37,38,44]","[1,-1,1,1,1,-1,1,1,1,1,-1,1]",0,True
50,6,128,9,5,61243,6091284,609514039,22,106,2332,"[17,33,15,6,40,45]","[1,1,1,1,-1,-1]","[20,1,42,12,6,56,26,50,36]","[[2,4],[0],[1,3,5],[2,3],[1,2],[3,4,5],[1,3,4],[1,4,5],[2,5]]",14,"[3,5,10,12,17,20,29,32,34,36,39,43,45,47]","[1,1,1,-1,1,-1,1,1,-1,-1,-1,-1,-1,-1]",0,True
100,6,32,9,1,61243,6091334,610004435,7,25,175,"[41,11,66,87,38,27]","[1,1,1,1,-1,-1]","[20,1,42,12,6,56,26,50,36]","[[2,4],[0],[1,3,5],[2,3],[1,2],[3,4,5],[1,3,4],[1,4,5],[2,5]]",6,"[2,45,60,66,77,88]","[-1,-1,-1,1,-1,1]",0,True
100,6,32,9,2,61243,6091334,610004436,4,28,112,"[41,11,66,87,38,27]","[1,1,1,1,-1,-1]","[20,1,42,12,6,56,26,50,36]","[[2,4],[0],[1,3,5],[2,3],[1,2],[3,4,5],[1,3,4],[1,4,5],[2,5]]",8,"[0,32,50,58,61,63,71,99]","[1,1,1,1,-1,1,1,-1]",0,True
100,6,32,9,3,61243,6091334,610004437,6,26,156,"[41,11,66,87,38,27]","[1,1,1,1,-1,-1]","[20,1,42,12,6,56,26,50,36]","[[2,4],[0],[1,3,5],[2,3],[1,2],[3,4,5],[1,3,4],[1,4,5],[2,5]]",7,"[6,53,62,66,68,72,73]","[1,-1,1,1,-1,1,1]",0,True
100,6,32,9,4,61243,6091334,610004438,5,27,135,"[41,11,66,87,38,27]","[1,1,1,1,-1,-1]","[20,1,42,12,6,56,26,50,36]","[[2,4],[0],[1,3,5],[2,3],[1,2],[3,4,5],[1,3,4],[1,4,5],[2,5]]",6,"[16,22,33,41,55,85]","[-1,-1,1,1,-1,1]",0,True
100,6,32,9,5,61243,6091334,610004439,5,27,135,"[41,11,66,87,38,27]","[1,1,1,1,-1,-1]","[20,1,42,12,6,56,26,50,36]","[[2,4],[0],[1,3,5],[2,3],[1,2],[3,4,5],[1,3,4],[1,4,5],[2,5]]",7,"[10,19,31,48,50,51,68]","[-1,-1,1,1,1,1,1]",0,True
100,6,64,9,1,61243,6091334,610007635,15,49,735,"[41,11,66,87,38,27]","[1,1,1,1,-1,-1]","[20,1,42,12,6,56,26,50,36]","[[2,4],[0],[1,3,5],[2,3],[1,2],[3,4,5],[1,3,4],[1,4,5],[2,5]]",13,"[4,9,21,24,38,50,64,72,78,81,84,89,96]","[-1,1,1,-1,-1,-1,1,1,-1,1,-1,1,-1]",0,True
100,6,64,9,2,61243,6091334,610007636,14,50,700,"[41,11,66,87,38,27]","[1,1,1,1,-1,-1]","[20,1,42,12,6,56,26,50,36]","[[2,4],[0],[1,3,5],[2,3],[1,2],[3,4,5],[1,3,4],[1,4,5],[2,5]]",6,"[0,38,41,56,66,76]","[-1,-1,1,1,1,1]",0,True
100,6,64,9,3,61243,6091334,610007637,12,52,624,"[41,11,66,87,38,27]","[1,1,1,1,-1,-1]","[20,1,42,12,6,56,26,50,36]","[[2,4],[0],[1,3,5],[2,3],[1,2],[3,4,5],[1,3,4],[1,4,5],[2,5]]",7,"[41,43,50,53,57,62,67]","[1,1,1,-1,1,-1,-1]",0,True
100,6,64,9,4,61243,6091334,610007638,18,46,828,"[41,11,66,87,38,27]","[1,1,1,1,-1,-1]","[20,1,42,12,6,56,26,50,36]","[[2,4],[0],[1,3,5],[2,3],[1,2],[3,4,5],[1,3,4],[1,4,5],[2,5]]",9,"[0,11,18,21,27,39,41,63,93]","[1,1,-1,1,-1,1,1,-1,-1]",0,True
100,6,64,9,5,61243,6091334,610007639,10,54,540,"[41,11,66,87,38,27]","[1,1,1,1,-1,-1]","[20,1,42,12,6,56,26,50,36]","[[2,4],[0],[1,3,5],[2,3],[1,2],[3,4,5],[1,3,4],[1,4,5],[2,5]]",10,"[38,39,49,50,54,61,62,66,71,98]","[-1,-1,-1,1,-1,-1,1,1,1,-1]",0,True
100,6,128,9,1,61243,6091334,610014035,19,109,2071,"[41,11,66,87,38,27]","[1,1,1,1,-1,-1]","[20,1,42,12,6,56,26,50,36]","[[2,4],[0],[1,3,5],[2,3],[1,2],[3,4,5],[1,3,4],[1,4,5],[2,5]]",12,"[7,41,60,63,73,74,77,82,85,87,91,97]","[-1,1,1,1,1,-1,-1,-1,1,1,-1,1]",0,True
100,6,128,9,2,61243,6091334,610014036,24,104,2496,"[41,11,66,87,38,27]","[1,1,1,1,-1,-1]","[20,1,42,12,6,56,26,50,36]","[[2,4],[0],[1,3,5],[2,3],[1,2],[3,4,5],[1,3,4],[1,4,5],[2,5]]",16,"[4,9,11,25,26,27,39,43,50,57,60,79,84,89,97,99]","[-1,1,1,-1,1,-1,-1,1,1,-1,-1,-1,-1,-1,1,-1]",0,True
100,6,128,9,3,61243,6091334,610014037,27,101,2727,"[41,11,66,87,38,27]","[1,1,1,1,-1,-1]","[20,1,42,12,6,56,26,50,36]","[[2,4],[0],[1,3,5],[2,3],[1,2],[3,4,5],[1,3,4],[1,4,5],[2,5]]",13,"[9,10,15,24,27,28,41,49,69,76,77,81,96]","[1,-1,1,-1,-1,-1,1,1,1,-1,1,1,1]",0,True
100,6,128,9,4,61243,6091334,610014038,17,111,1887,"[41,11,66,87,38,27]","[1,1,1,1,-1,-1]","[20,1,42,12,6,56,26,50,36]","[[2,4],[0],[1,3,5],[2,3],[1,2],[3,4,5],[1,3,4],[1,4,5],[2,5]]",12,"[6,28,37,41,45,49,51,61,68,87,90,97]","[1,1,1,1,-1,1,1,-1,-1,1,1,1]",0,True
100,6,128,9,5,61243,6091334,610014039,26,102,2652,"[41,11,66,87,38,27]","[1,1,1,1,-1,-1]","[20,1,42,12,6,56,26,50,36]","[[2,4],[0],[1,3,5],[2,3],[1,2],[3,4,5],[1,3,4],[1,4,5],[2,5]]",13,"[11,34,39,43,52,63,64,65,66,71,79,89,91]","[1,1,-1,1,-1,-1,1,-1,1,1,1,1,-1]",0,True
10,6,32,10,1,61244,6101244,610104435,8,24,192,"[5,3,9,8,7,6]","[1,-1,-1,-1,-1,1]","[6,18,24,40,35,20,36,5,49,11,12]","[[1,2],[1,4],[3,4],[3,5],[0,1,5],[2,4],[2,5],[0,2],[0,4,5],[0,1,3],[2,3]]",6,"[2,4,6,7,8,9]","[-1,1,1,-1,-1,-1]",0,True
10,6,32,10,2,61244,6101244,610104436,6,26,156,"[5,3,9,8,7,6]","[1,-1,-1,-1,-1,1]","[6,18,24,40,35,20,36,5,49,11,12]","[[1,2],[1,4],[3,4],[3,5],[0,1,5],[2,4],[2,5],[0,2],[0,4,5],[0,1,3],[2,3]]",5,"[0,3,5,6,9]","[-1,-1,1,1,-1]",0,True
10,6,32,10,3,61244,6101244,610104437,7,25,175,"[5,3,9,8,7,6]","[1,-1,-1,-1,-1,1]","[6,18,24,40,35,20,36,5,49,11,12]","[[1,2],[1,4],[3,4],[3,5],[0,1,5],[2,4],[2,5],[0,2],[0,4,5],[0,1,3],[2,3]]",5,"[3,4,7,8,9]","[-1,-1,-1,-1,-1]",0,True
10,6,32,10,4,61244,6101244,610104438,8,24,192,"[5,3,9,8,7,6]","[1,-1,-1,-1,-1,1]","[6,18,24,40,35,20,36,5,49,11,12]","[[1,2],[1,4],[3,4],[3,5],[0,1,5],[2,4],[2,5],[0,2],[0,4,5],[0,1,3],[2,3]]",5,"[3,6,7,8,9]","[-1,1,-1,-1,-1]",0,True
10,6,32,10,5,61244,6101244,610104439,6,26,156,"[5,3,9,8,7,6]","[1,-1,-1,-1,-1,1]","[6,18,24,40,35,20,36,5,49,11,12]","[[1,2],[1,4],[3,4],[3,5],[0,1,5],[2,4],[2,5],[0,2],[0,4,5],[0,1,3],[2,3]]",4,"[3,7,8,9]","[-1,-1,-1,-1]",0,True
10,6,64,10,1,61244,6101244,610107635,10,54,540,"[5,3,9,8,7,6]","[1,-1,-1,-1,-1,1]","[6,18,24,40,35,20,36,5,49,11,12]","[[1,2],[1,4],[3,4],[3,5],[0,1,5],[2,4],[2,5],[0,2],[0,4,5],[0,1,3],[2,3]]",7,"[0,3,4,5,7,8,9]","[1,-1,1,1,-1,-1,-1]",0,True
10,6,64,10,2,61244,6101244,610107636,17,47,799,"[5,3,9,8,7,6]","[1,-1,-1,-1,-1,1]","[6,18,24,40,35,20,36,5,49,11,12]","[[1,2],[1,4],[3,4],[3,5],[0,1,5],[2,4],[2,5],[0,2],[0,4,5],[0,1,3],[2,3]]",6,"[0,2,3,5,7,9]","[-1,1,-1,1,-1,-1]",0,True
10,6,64,10,3,61244,6101244,610107637,15,49,735,"[5,3,9,8,7,6]","[1,-1,-1,-1,-1,1]","[6,18,24,40,35,20,36,5,49,11,12]","[[1,2],[1,4],[3,4],[3,5],[0,1,5],[2,4],[2,5],[0,2],[0,4,5],[0,1,3],[2,3]]",6,"[2,3,6,7,8,9]","[1,-1,1,-1,-1,-1]",0,True
10,6,64,10,4,61244,6101244,610107638,18,46,828,"[5,3,9,8,7,6]","[1,-1,-1,-1,-1,1]","[6,18,24,40,35,20,36,5,49,11,12]","[[1,2],[1,4],[3,4],[3,5],[0,1,5],[2,4],[2,5],[0,2],[0,4,5],[0,1,3],[2,3]]",6,"[3,5,6,7,8,9]","[-1,1,1,-1,-1,-1]",0,True
10,6,64,10,5,61244,6101244,610107639,15,49,735,"[5,3,9,8,7,6]","[1,-1,-1,-1,-1,1]","[6,18,24,40,35,20,36,5,49,11,12]","[[1,2],[1,4],[3,4],[3,5],[0,1,5],[2,4],[2,5],[0,2],[0,4,5],[0,1,3],[2,3]]",6,"[1,3,5,6,8,9]","[-1,-1,1,1,-1,-1]",0,True
10,6,128,10,1,61244,6101244,610114035,25,103,2575,"[5,3,9,8,7,6]","[1,-1,-1,-1,-1,1]","[6,18,24,40,35,20,36,5,49,11,12]","[[1,2],[1,4],[3,4],[3,5],[0,1,5],[2,4],[2,5],[0,2],[0,4,5],[0,1,3],[2,3]]",7,"[0,1,3,6,7,8,9]","[1,-1,-1,1,-1,-1,-1]",0,True
10,6,128,10,2,61244,6101244,610114036,31,97,3007,"[5,3,9,8,7,6]","[1,-1,-1,-1,-1,1]","[6,18,24,40,35,20,36,5,49,11,12]","[[1,2],[1,4],[3,4],[3,5],[0,1,5],[2,4],[2,5],[0,2],[0,4,5],[0,1,3],[2,3]]",6,"[3,5,6,7,8,9]","[-1,1,1,-1,-1,-1]",0,True
10,6,128,10,3,61244,6101244,610114037,31,97,3007,"[5,3,9,8,7,6]","[1,-1,-1,-1,-1,1]","[6,18,24,40,35,20,36,5,49,11,12]","[[1,2],[1,4],[3,4],[3,5],[0,1,5],[2,4],[2,5],[0,2],[0,4,5],[0,1,3],[2,3]]",6,"[3,5,6,7,8,9]","[-1,1,1,-1,-1,-1]",0,True
10,6,128,10,4,61244,6101244,610114038,30,98,2940,"[5,3,9,8,7,6]","[1,-1,-1,-1,-1,1]","[6,18,24,40,35,20,36,5,49,11,12]","[[1,2],[1,4],[3,4],[3,5],[0,1,5],[2,4],[2,5],[0,2],[0,4,5],[0,1,3],[2,3]]",6,"[3,5,6,7,8,9]","[-1,1,1,-1,-1,-1]",0,True
10,6,128,10,5,61244,6101244,610114039,30,98,2940,"[5,3,9,8,7,6]","[1,-1,-1,-1,-1,1]","[6,18,24,40,35,20,36,5,49,11,12]","[[1,2],[1,4],[3,4],[3,5],[0,1,5],[2,4],[2,5],[0,2],[0,4,5],[0,1,3],[2,3]]",6,"[3,5,6,7,8,9]","[-1,1,1,-1,-1,-1]",0,True
50,6,32,10,1,61244,6101284,610504435,8,24,192,"[41,23,37,40,8,29]","[1,-1,-1,-1,-1,1]","[6,18,24,40,35,20,36,5,49,11,12]","[[1,2],[1,4],[3,4],[3,5],[0,1,5],[2,4],[2,5],[0,2],[0,4,5],[0,1,3],[2,3]]",6,"[14,19,22,28,37,46]","[-1,1,-1,-1,-1,1]",0,True
50,6,32,10,2,61244,6101284,610504436,5,27,135,"[41,23,37,40,8,29]","[1,-1,-1,-1,-1,1]","[6,18,24,40,35,20,36,5,49,11,12]","[[1,2],[1,4],[3,4],[3,5],[0,1,5],[2,4],[2,5],[0,2],[0,4,5],[0,1,3],[2,3]]",8,"[0,4,8,17,19,28,31,38]","[1,-1,-1,-1,-1,-1,-1,1]",0,True
50,6,32,10,3,61244,6101284,610504437,4,28,112,"[41,23,37,40,8,29]","[1,-1,-1,-1,-1,1]","[6,18,24,40,35,20,36,5,49,11,12]","[[1,2],[1,4],[3,4],[3,5],[0,1,5],[2,4],[2,5],[0,2],[0,4,5],[0,1,3],[2,3]]",7,"[16,20,21,32,41,44,49]","[1,1,-1,1,1,-1,-1]",0,True
50,6,32,10,4,61244,6101284,610504438,7,25,175,"[41,23,37,40,8,29]","[1,-1,-1,-1,-1,1]","[6,18,24,40,35,20,36,5,49,11,12]","[[1,2],[1,4],[3,4],[3,5],[0,1,5],[2,4],[2,5],[0,2],[0,4,5],[0,1,3],[2,3]]",8,"[4,21,29,30,32,42,44,45]","[-1,-1,1,1,-1,1,1,-1]",0,True
50,6,32,10,5,61244,6101284,610504439,8,24,192,"[41,23,37,40,8,29]","[1,-1,-1,-1,-1,1]","[6,18,24,40,35,20,36,5,49,11,12]","[[1,2],[1,4],[3,4],[3,5],[0,1,5],[2,4],[2,5],[0,2],[0,4,5],[0,1,3],[2,3]]",8,"[2,9,11,14,32,44,45,49]","[-1,1,-1,1,-1,-1,-1,1]",0,True
50,6,64,10,1,61244,6101284,610507635,21,43,903,"[41,23,37,40,8,29]","[1,-1,-1,-1,-1,1]","[6,18,24,40,35,20,36,5,49,11,12]","[[1,2],[1,4],[3,4],[3,5],[0,1,5],[2,4],[2,5],[0,2],[0,4,5],[0,1,3],[2,3]]",11,"[6,11,15,20,24,26,38,40,41,42,46]","[1,-1,1,-1,1,-1,1,-1,1,1,-1]",0,True
50,6,64,10,2,61244,6101284,610507636,15,49,735,"[41,23,37,40,8,29]","[1,-1,-1,-1,-1,1]","[6,18,24,40,35,20,36,5,49,11,12]","[[1,2],[1,4],[3,4],[3,5],[0,1,5],[2,4],[2,5],[0,2],[0,4,5],[0,1,3],[2,3]]",13,"[0,3,8,16,25,26,27,28,30,32,40,42,45]","[-1,-1,1,1,1,1,-1,-1,-1,1,-1,1,1]",0,True
50,6,64,10,3,61244,6101284,610507637,11,53,583,"[41,23,37,40,8,29]","[1,-1,-1,-1,-1,1]","[6,18,24,40,35,20,36,5,49,11,12]","[[1,2],[1,4],[3,4],[3,5],[0,1,5],[2,4],[2,5],[0,2],[0,4,5],[0,1,3],[2,3]]",10,"[3,6,8,13,18,30,34,44,48,49]","[-1,-1,-1,-1,1,1,-1,1,1,-1]",0,True
50,6,64,10,4,61244,6101284,610507638,9,55,495,"[41,23,37,40,8,29]","[1,-1,-1,-1,-1,1]","[6,18,24,40,35,20,36,5,49,11,12]","[[1,2],[1,4],[3,4],[3,5],[0,1,5],[2,4],[2,5],[0,2],[0,4,5],[0,1,3],[2,3]]",9,"[2,28,29,30,39,41,43,44,49]","[1,-1,1,-1,-1,1,1,-1,-1]",0,True
50,6,64,10,5,61244,6101284,610507639,20,44,880,"[41,23,37,40,8,29]","[1,-1,-1,-1,-1,1]","[6,18,24,40,35,20,36,5,49,11,12]","[[1,2],[1,4],[3,4],[3,5],[0,1,5],[2,4],[2,5],[0,2],[0,4,5],[0,1,3],[2,3]]",11,"[5,6,8,11,16,19,20,25,29,41,42]","[1,1,-1,-1,1,1,1,1,-1,1,1]",0,True
50,6,128,10,1,61244,6101284,610514035,33,95,3135,"[41,23,37,40,8,29]","[1,-1,-1,-1,-1,1]","[6,18,24,40,35,20,36,5,49,11,12]","[[1,2],[1,4],[3,4],[3,5],[0,1,5],[2,4],[2,5],[0,2],[0,4,5],[0,1,3],[2,3]]",16,"[1,2,6,8,19,22,26,27,28,30,33,34,35,40,42,49]","[-1,1,-1,-1,-1,1,1,1,1,1,1,1,-1,-1,-1,-1]",0,True
50,6,128,10,2,61244,6101284,610514036,38,90,3420,"[41,23,37,40,8,29]","[1,-1,-1,-1,-1,1]","[6,18,24,40,35,20,36,5,49,11,12]","[[1,2],[1,4],[3,4],[3,5],[0,1,5],[2,4],[2,5],[0,2],[0,4,5],[0,1,3],[2,3]]",15,"[3,5,8,10,13,19,20,23,24,35,40,41,43,44,49]","[1,1,-1,-1,1,1,-1,-1,-1,1,-1,1,1,1,-1]",0,True
50,6,128,10,3,61244,6101284,610514037,27,101,2727,"[41,23,37,40,8,29]","[1,-1,-1,-1,-1,1]","[6,18,24,40,35,20,36,5,49,11,12]","[[1,2],[1,4],[3,4],[3,5],[0,1,5],[2,4],[2,5],[0,2],[0,4,5],[0,1,3],[2,3]]",12,"[1,2,5,13,17,20,24,30,36,37,40,48]","[1,1,1,1,-1,-1,1,1,1,-1,-1,1]",0,True
50,6,128,10,4,61244,6101284,610514038,26,102,2652,"[41,23,37,40,8,29]","[1,-1,-1,-1,-1,1]","[6,18,24,40,35,20,36,5,49,11,12]","[[1,2],[1,4],[3,4],[3,5],[0,1,5],[2,4],[2,5],[0,2],[0,4,5],[0,1,3],[2,3]]",16,"[0,8,10,13,15,18,20,24,27,28,32,36,37,38,41,45]","[-1,-1,-1,1,-1,1,1,1,-1,1,1,-1,-1,-1,1,-1]",0,True
50,6,128,10,5,61244,6101284,610514039,36,92,3312,"[41,23,37,40,8,29]","[1,-1,-1,-1,-1,1]","[6,18,24,40,35,20,36,5,49,11,12]","[[1,2],[1,4],[3,4],[3,5],[0,1,5],[2,4],[2,5],[0,2],[0,4,5],[0,1,3],[2,3]]",15,"[4,6,10,14,15,19,26,28,29,35,37,40,42,44,46]","[1,1,-1,-1,1,1,-1,-1,1,-1,-1,-1,-1,1,-1]",0,True
100,6,32,10,1,61244,6101334,611004435,4,28,112,"[84,75,2,1,54,0]","[1,-1,-1,-1,-1,1]","[6,18,24,40,35,20,36,5,49,11,12]","[[1,2],[1,4],[3,4],[3,5],[0,1,5],[2,4],[2,5],[0,2],[0,4,5],[0,1,3],[2,3]]",5,"[0,5,14,53,95]","[1,-1,-1,-1,-1]",0,True
100,6,32,10,2,61244,6101334,611004436,7,25,175,"[84,75,2,1,54,0]","[1,-1,-1,-1,-1,1]","[6,18,24,40,35,20,36,5,49,11,12]","[[1,2],[1,4],[3,4],[3,5],[0,1,5],[2,4],[2,5],[0,2],[0,4,5],[0,1,3],[2,3]]",9,"[19,26,39,53,57,76,81,84,90]","[-1,-1,-1,1,-1,-1,-1,1,-1]",0,True
100,6,32,10,3,61244,6101334,611004437,10,22,220,"[84,75,2,1,54,0]","[1,-1,-1,-1,-1,1]","[6,18,24,40,35,20,36,5,49,11,12]","[[1,2],[1,4],[3,4],[3,5],[0,1,5],[2,4],[2,5],[0,2],[0,4,5],[0,1,3],[2,3]]",8,"[8,20,47,49,53,63,82,99]","[1,1,1,-1,-1,1,1,1]",0,True
100,6,32,10,4,61244,6101334,611004438,4,28,112,"[84,75,2,1,54,0]","[1,-1,-1,-1,-1,1]","[6,18,24,40,35,20,36,5,49,11,12]","[[1,2],[1,4],[3,4],[3,5],[0,1,5],[2,4],[2,5],[0,2],[0,4,5],[0,1,3],[2,3]]",6,"[0,2,6,8,9,45]","[1,-1,-1,-1,1,1]",0,True
100,6,32,10,5,61244,6101334,611004439,6,26,156,"[84,75,2,1,54,0]","[1,-1,-1,-1,-1,1]","[6,18,24,40,35,20,36,5,49,11,12]","[[1,2],[1,4],[3,4],[3,5],[0,1,5],[2,4],[2,5],[0,2],[0,4,5],[0,1,3],[2,3]]",9,"[14,41,42,47,55,59,60,61,70]","[-1,-1,-1,1,1,-1,1,1,1]",0,True
100,6,64,10,1,61244,6101334,611007635,11,53,583,"[84,75,2,1,54,0]","[1,-1,-1,-1,-1,1]","[6,18,24,40,35,20,36,5,49,11,12]","[[1,2],[1,4],[3,4],[3,5],[0,1,5],[2,4],[2,5],[0,2],[0,4,5],[0,1,3],[2,3]]",12,"[14,17,19,27,33,37,39,73,77,86,95,96]","[1,1,-1,-1,1,-1,1,-1,-1,-1,-1,1]",0,True
100,6,64,10,2,61244,6101334,611007636,13,51,663,"[84,75,2,1,54,0]","[1,-1,-1,-1,-1,1]","[6,18,24,40,35,20,36,5,49,11,12]","[[1,2],[1,4],[3,4],[3,5],[0,1,5],[2,4],[2,5],[0,2],[0,4,5],[0,1,3],[2,3]]",12,"[1,11,27,28,31,34,36,68,73,84,90,92]","[-1,-1,1,1,-1,1,-1,1,-1,1,-1,-1]",0,True
100,6,64,10,3,61244,6101334,611007637,11,53,583,"[84,75,2,1,54,0]","[1,-1,-1,-1,-1,1]","[6,18,24,40,35,20,36,5,49,11,12]","[[1,2],[1,4],[3,4],[3,5],[0,1,5],[2,4],[2,5],[0,2],[0,4,5],[0,1,3],[2,3]]",9,"[0,2,14,15,19,22,59,77,83]","[1,-1,-1,-1,1,-1,-1,1,-1]",0,True
100,6,64,10,4,61244,6101334,611007638,14,50,700,"[84,75,2,1,54,0]","[1,-1,-1,-1,-1,1]","[6,18,24,40,35,20,36,5,49,11,12]","[[1,2],[1,4],[3,4],[3,5],[0,1,5],[2,4],[2,5],[0,2],[0,4,5],[0,1,3],[2,3]]",11,"[15,19,28,35,49,53,79,84,85,93,99]","[1,-1,1,-1,-1,1,-1,1,-1,1,1]",0,True
100,6,64,10,5,61244,6101334,611007639,8,56,448,"[84,75,2,1,54,0]","[1,-1,-1,-1,-1,1]","[6,18,24,40,35,20,36,5,49,11,12]","[[1,2],[1,4],[3,4],[3,5],[0,1,5],[2,4],[2,5],[0,2],[0,4,5],[0,1,3],[2,3]]",13,"[5,6,14,25,32,41,43,44,61,70,78,79,92]","[1,1,-1,1,-1,1,-1,1,-1,1,1,-1,-1]",0,True
100,6,128,10,1,61244,6101334,611014035,33,95,3135,"[84,75,2,1,54,0]","[1,-1,-1,-1,-1,1]","[6,18,24,40,35,20,36,5,49,11,12]","[[1,2],[1,4],[3,4],[3,5],[0,1,5],[2,4],[2,5],[0,2],[0,4,5],[0,1,3],[2,3]]",15,"[1,2,24,30,36,43,46,48,60,77,79,83,86,90,95]","[-1,-1,1,1,-1,-1,1,1,-1,-1,1,1,1,1,1]",0,True
100,6,128,10,2,61244,6101334,611014036,29,99,2871,"[84,75,2,1,54,0]","[1,-1,-1,-1,-1,1]","[6,18,24,40,35,20,36,5,49,11,12]","[[1,2],[1,4],[3,4],[3,5],[0,1,5],[2,4],[2,5],[0,2],[0,4,5],[0,1,3],[2,3]]",14,"[2,8,11,18,24,34,38,50,52,60,72,83,84,99]","[-1,-1,1,-1,-1,1,-1,1,-1,1,-1,-1,1,-1]",0,True
100,6,128,10,3,61244,6101334,611014037,33,95,3135,"[84,75,2,1,54,0]","[1,-1,-1,-1,-1,1]","[6,18,24,40,35,20,36,5,49,11,12]","[[1,2],[1,4],[3,4],[3,5],[0,1,5],[2,4],[2,5],[0,2],[0,4,5],[0,1,3],[2,3]]",14,"[0,2,20,28,29,32,48,49,51,56,61,65,70,75]","[1,-1,1,-1,1,-1,-1,1,1,-1,-1,1,-1,-1]",0,True
100,6,128,10,4,61244,6101334,611014038,24,104,2496,"[84,75,2,1,54,0]","[1,-1,-1,-1,-1,1]","[6,18,24,40,35,20,36,5,49,11,12]","[[1,2],[1,4],[3,4],[3,5],[0,1,5],[2,4],[2,5],[0,2],[0,4,5],[0,1,3],[2,3]]",14,"[12,21,26,33,39,41,48,63,67,69,75,80,83,89]","[-1,1,-1,1,1,-1,1,1,-1,1,-1,1,1,-1]",0,True
100,6,128,10,5,61244,6101334,611014039,29,99,2871,"[84,75,2,1,54,0]","[1,-1,-1,-1,-1,1]","[6,18,24,40,35,20,36,5,49,11,12]","[[1,2],[1,4],[3,4],[3,5],[0,1,5],[2,4],[2,5],[0,2],[0,4,5],[0,1,3],[2,3]]",17,"[4,10,14,15,25,30,45,46,48,49,51,66,68,76,92,94,98]","[1,1,1,-1,1,-1,1,1,-1,-1,-1,1,1,-1,-1,-1,1]",0,True
10,6,32,11,1,61245,6111244,611104435,18,14,252,"[7,3,1,8,5,9]","[1,1,-1,1,-1,1]","[58,37,21,57,19,30,11,38,13,44,7,35,52]","[[1,3,4,5],[0,2,5],[0,2,4],[0,3,4,5],[0,1,4],[1,2,3,4],[0,1,3],[1,2,5],[0,2,3],[2,3,5],[0,1,2],[0,1,5],[2,4,5]]",7,"[0,1,2,4,5,6,9]","[-1,-1,-1,-1,-1,1,1]",0,True
10,6,32,11,2,61245,6111244,611104436,13,19,247,"[7,3,1,8,5,9]","[1,1,-1,1,-1,1]","[58,37,21,57,19,30,11,38,13,44,7,35,52]","[[1,3,4,5],[0,2,5],[0,2,4],[0,3,4,5],[0,1,4],[1,2,3,4],[0,1,3],[1,2,5],[0,2,3],[2,3,5],[0,1,2],[0,1,5],[2,4,5]]",6,"[2,3,5,6,7,8]","[1,1,-1,1,1,1]",0,True
10,6,32,11,3,61245,6111244,611104437,12,20,240,"[7,3,1,8,5,9]","[1,1,-1,1,-1,1]","[58,37,21,57,19,30,11,38,13,44,7,35,52]","[[1,3,4,5],[0,2,5],[0,2,4],[0,3,4,5],[0,1,4],[1,2,3,4],[0,1,3],[1,2,5],[0,2,3],[2,3,5],[0,1,2],[0,1,5],[2,4,5]]",5,"[0,1,2,3,5]","[-1,-1,1,1,-1]",0,True
10,6,32,11,4,61245,6111244,611104438,17,15,255,"[7,3,1,8,5,9]","[1,1,-1,1,-1,1]","[58,37,21,57,19,30,11,38,13,44,7,35,52]","[[1,3,4,5],[0,2,5],[0,2,4],[0,3,4,5],[0,1,4],[1,2,3,4],[0,1,3],[1,2,5],[0,2,3],[2,3,5],[0,1,2],[0,1,5],[2,4,5]]",6,"[1,3,4,6,7,8]","[-1,1,-1,1,1,1]",0,True
10,6,32,11,5,61245,6111244,611104439,10,22,220,"[7,3,1,8,5,9]","[1,1,-1,1,-1,1]","[58,37,21,57,19,30,11,38,13,44,7,35,52]","[[1,3,4,5],[0,2,5],[0,2,4],[0,3,4,5],[0,1,4],[1,2,3,4],[0,1,3],[1,2,5],[0,2,3],[2,3,5],[0,1,2],[0,1,5],[2,4,5]]",5,"[1,3,5,7,9]","[-1,1,-1,1,1]",0,True
10,6,64,11,1,61245,6111244,611107635,29,35,1015,"[7,3,1,8,5,9]","[1,1,-1,1,-1,1]","[58,37,21,57,19,30,11,38,13,44,7,35,52]","[[1,3,4,5],[0,2,5],[0,2,4],[0,3,4,5],[0,1,4],[1,2,3,4],[0,1,3],[1,2,5],[0,2,3],[2,3,5],[0,1,2],[0,1,5],[2,4,5]]",6,"[1,3,5,7,8,9]","[-1,1,-1,1,1,1]",0,True
10,6,64,11,2,61245,6111244,611107636,25,39,975,"[7,3,1,8,5,9]","[1,1,-1,1,-1,1]","[58,37,21,57,19,30,11,38,13,44,7,35,52]","[[1,3,4,5],[0,2,5],[0,2,4],[0,3,4,5],[0,1,4],[1,2,3,4],[0,1,3],[1,2,5],[0,2,3],[2,3,5],[0,1,2],[0,1,5],[2,4,5]]",6,"[1,3,5,7,8,9]","[-1,1,-1,1,1,1]",0,True
10,6,64,11,3,61245,6111244,611107637,29,35,1015,"[7,3,1,8,5,9]","[1,1,-1,1,-1,1]","[58,37,21,57,19,30,11,38,13,44,7,35,52]","[[1,3,4,5],[0,2,5],[0,2,4],[0,3,4,5],[0,1,4],[1,2,3,4],[0,1,3],[1,2,5],[0,2,3],[2,3,5],[0,1,2],[0,1,5],[2,4,5]]",8,"[0,1,2,5,6,7,8,9]","[-1,-1,1,-1,-1,1,1,1]",0,True
10,6,64,11,4,61245,6111244,611107638,32,32,1024,"[7,3,1,8,5,9]","[1,1,-1,1,-1,1]","[58,37,21,57,19,30,11,38,13,44,7,35,52]","[[1,3,4,5],[0,2,5],[0,2,4],[0,3,4,5],[0,1,4],[1,2,3,4],[0,1,3],[1,2,5],[0,2,3],[2,3,5],[0,1,2],[0,1,5],[2,4,5]]",6,"[1,3,5,7,8,9]","[-1,1,-1,1,1,1]",0,True
10,6,64,11,5,61245,6111244,611107639,40,24,960,"[7,3,1,8,5,9]","[1,1,-1,1,-1,1]","[58,37,21,57,19,30,11,38,13,44,7,35,52]","[[1,3,4,5],[0,2,5],[0,2,4],[0,3,4,5],[0,1,4],[1,2,3,4],[0,1,3],[1,2,5],[0,2,3],[2,3,5],[0,1,2],[0,1,5],[2,4,5]]",6,"[1,3,5,7,8,9]","[-1,1,-1,1,1,1]",0,True
10,6,128,11,1,61245,6111244,611114035,66,62,4092,"[7,3,1,8,5,9]","[1,1,-1,1,-1,1]","[58,37,21,57,19,30,11,38,13,44,7,35,52]","[[1,3,4,5],[0,2,5],[0,2,4],[0,3,4,5],[0,1,4],[1,2,3,4],[0,1,3],[1,2,5],[0,2,3],[2,3,5],[0,1,2],[0,1,5],[2,4,5]]",6,"[1,3,5,7,8,9]","[-1,1,-1,1,1,1]",0,True
10,6,128,11,2,61245,6111244,611114036,57,71,4047,"[7,3,1,8,5,9]","[1,1,-1,1,-1,1]","[58,37,21,57,19,30,11,38,13,44,7,35,52]","[[1,3,4,5],[0,2,5],[0,2,4],[0,3,4,5],[0,1,4],[1,2,3,4],[0,1,3],[1,2,5],[0,2,3],[2,3,5],[0,1,2],[0,1,5],[2,4,5]]",6,"[1,3,5,7,8,9]","[-1,1,-1,1,1,1]",0,True
10,6,128,11,3,61245,6111244,611114037,73,55,4015,"[7,3,1,8,5,9]","[1,1,-1,1,-1,1]","[58,37,21,57,19,30,11,38,13,44,7,35,52]","[[1,3,4,5],[0,2,5],[0,2,4],[0,3,4,5],[0,1,4],[1,2,3,4],[0,1,3],[1,2,5],[0,2,3],[2,3,5],[0,1,2],[0,1,5],[2,4,5]]",6,"[1,3,5,7,8,9]","[-1,1,-1,1,1,1]",0,True
10,6,128,11,4,61245,6111244,611114038,63,65,4095,"[7,3,1,8,5,9]","[1,1,-1,1,-1,1]","[58,37,21,57,19,30,11,38,13,44,7,35,52]","[[1,3,4,5],[0,2,5],[0,2,4],[0,3,4,5],[0,1,4],[1,2,3,4],[0,1,3],[1,2,5],[0,2,3],[2,3,5],[0,1,2],[0,1,5],[2,4,5]]",6,"[1,3,5,7,8,9]","[-1,1,-1,1,1,1]",0,True
10,6,128,11,5,61245,6111244,611114039,60,68,4080,"[7,3,1,8,5,9]","[1,1,-1,1,-1,1]","[58,37,21,57,19,30,11,38,13,44,7,35,52]","[[1,3,4,5],[0,2,5],[0,2,4],[0,3,4,5],[0,1,4],[1,2,3,4],[0,1,3],[1,2,5],[0,2,3],[2,3,5],[0,1,2],[0,1,5],[2,4,5]]",6,"[1,3,5,7,8,9]","[-1,1,-1,1,1,1]",0,True
50,6,32,11,1,61245,6111284,611504435,17,15,255,"[6,14,5,37,33,4]","[1,1,-1,1,-1,1]","[58,37,21,57,19,30,11,38,13,44,7,35,52]","[[1,3,4,5],[0,2,5],[0,2,4],[0,3,4,5],[0,1,4],[1,2,3,4],[0,1,3],[1,2,5],[0,2,3],[2,3,5],[0,1,2],[0,1,5],[2,4,5]]",8,"[4,6,8,13,31,37,43,49]","[1,1,1,-1,-1,-1,-1,1]",0,True
50,6,32,11,2,61245,6111284,611504436,15,17,255,"[6,14,5,37,33,4]","[1,1,-1,1,-1,1]","[58,37,21,57,19,30,11,38,13,44,7,35,52]","[[1,3,4,5],[0,2,5],[0,2,4],[0,3,4,5],[0,1,4],[1,2,3,4],[0,1,3],[1,2,5],[0,2,3],[2,3,5],[0,1,2],[0,1,5],[2,4,5]]",6,"[5,6,14,16,23,48]","[-1,1,1,-1,-1,1]",0,True
50,6,32,11,3,61245,6111284,611504437,18,14,252,"[6,14,5,37,33,4]","[1,1,-1,1,-1,1]","[58,37,21,57,19,30,11,38,13,44,7,35,52]","[[1,3,4,5],[0,2,5],[0,2,4],[0,3,4,5],[0,1,4],[1,2,3,4],[0,1,3],[1,2,5],[0,2,3],[2,3,5],[0,1,2],[0,1,5],[2,4,5]]",7,"[11,12,22,31,32,34,35]","[-1,-1,-1,-1,1,1,-1]",0,True
50,6,32,11,4,61245,6111284,611504438,18,14,252,"[6,14,5,37,33,4]","[1,1,-1,1,-1,1]","[58,37,21,57,19,30,11,38,13,44,7,35,52]","[[1,3,4,5],[0,2,5],[0,2,4],[0,3,4,5],[0,1,4],[1,2,3,4],[0,1,3],[1,2,5],[0,2,3],[2,3,5],[0,1,2],[0,1,5],[2,4,5]]",8,"[6,9,13,17,19,23,30,41]","[1,-1,-1,-1,1,1,1,1]",0,True
50,6,32,11,5,61245,6111284,611504439,14,18,252,"[6,14,5,37,33,4]","[1,1,-1,1,-1,1]","[58,37,21,57,19,30,11,38,13,44,7,35,52]","[[1,3,4,5],[0,2,5],[0,2,4],[0,3,4,5],[0,1,4],[1,2,3,4],[0,1,3],[1,2,5],[0,2,3],[2,3,5],[0,1,2],[0,1,5],[2,4,5]]",9,"[0,1,3,7,19,26,41,45,47]","[-1,-1,-1,-1,-1,1,-1,1,-1]",0,True
50,6,64,11,1,61245,6111284,611507635,28,36,1008,"[6,14,5,37,33,4]","[1,1,-1,1,-1,1]","[58,37,21,57,19,30,11,38,13,44,7,35,52]","[[1,3,4,5],[0,2,5],[0,2,4],[0,3,4,5],[0,1,4],[1,2,3,4],[0,1,3],[1,2,5],[0,2,3],[2,3,5],[0,1,2],[0,1,5],[2,4,5]]",10,"[3,4,6,31,32,35,38,42,44,48]","[1,1,1,-1,1,-1,1,-1,-1,-1]",0,True
50,6,64,11,2,61245,6111284,611507636,38,26,988,"[6,14,5,37,33,4]","[1,1,-1,1,-1,1]","[58,37,21,57,19,30,11,38,13,44,7,35,52]","[[1,3,4,5],[0,2,5],[0,2,4],[0,3,4,5],[0,1,4],[1,2,3,4],[0,1,3],[1,2,5],[0,2,3],[2,3,5],[0,1,2],[0,1,5],[2,4,5]]",10,"[2,4,5,28,30,32,34,35,46,47]","[-1,1,-1,1,1,1,1,-1,-1,1]",0,True
50,6,64,11,3,61245,6111284,611507637,33,31,1023,"[6,14,5,37,33,4]","[1,1,-1,1,-1,1]","[58,37,21,57,19,30,11,38,13,44,7,35,52]","[[1,3,4,5],[0,2,5],[0,2,4],[0,3,4,5],[0,1,4],[1,2,3,4],[0,1,3],[1,2,5],[0,2,3],[2,3,5],[0,1,2],[0,1,5],[2,4,5]]",11,"[2,3,5,6,10,14,30,37,40,43,49]","[1,-1,-1,1,1,-1,-1,1,-1,1,-1]",0,True
50,6,64,11,4,61245,6111284,611507638,26,38,988,"[6,14,5,37,33,4]","[1,1,-1,1,-1,1]","[58,37,21,57,19,30,11,38,13,44,7,35,52]","[[1,3,4,5],[0,2,5],[0,2,4],[0,3,4,5],[0,1,4],[1,2,3,4],[0,1,3],[1,2,5],[0,2,3],[2,3,5],[0,1,2],[0,1,5],[2,4,5]]",12,"[2,3,9,19,22,23,25,29,36,38,45,46]","[-1,1,-1,1,1,-1,1,1,1,1,-1,1]",0,True
50,6,64,11,5,61245,6111284,611507639,27,37,999,"[6,14,5,37,33,4]","[1,1,-1,1,-1,1]","[58,37,21,57,19,30,11,38,13,44,7,35,52]","[[1,3,4,5],[0,2,5],[0,2,4],[0,3,4,5],[0,1,4],[1,2,3,4],[0,1,3],[1,2,5],[0,2,3],[2,3,5],[0,1,2],[0,1,5],[2,4,5]]",12,"[7,10,14,19,20,28,37,38,42,44,45,48]","[1,-1,1,-1,1,1,1,-1,1,1,-1,-1]",0,True
50,6,128,11,1,61245,6111284,611514035,56,72,4032,"[6,14,5,37,33,4]","[1,1,-1,1,-1,1]","[58,37,21,57,19,30,11,38,13,44,7,35,52]","[[1,3,4,5],[0,2,5],[0,2,4],[0,3,4,5],[0,1,4],[1,2,3,4],[0,1,3],[1,2,5],[0,2,3],[2,3,5],[0,1,2],[0,1,5],[2,4,5]]",14,"[2,4,5,6,10,15,24,28,31,34,36,37,42,44]","[1,1,-1,1,-1,1,1,1,1,1,1,1,1,1]",0,True
50,6,128,11,2,61245,6111284,611514036,71,57,4047,"[6,14,5,37,33,4]","[1,1,-1,1,-1,1]","[58,37,21,57,19,30,11,38,13,44,7,35,52]","[[1,3,4,5],[0,2,5],[0,2,4],[0,3,4,5],[0,1,4],[1,2,3,4],[0,1,3],[1,2,5],[0,2,3],[2,3,5],[0,1,2],[0,1,5],[2,4,5]]",15,"[0,5,12,14,17,21,27,34,35,37,39,41,43,45,48]","[-1,-1,1,1,-1,-1,1,1,-1,1,-1,-1,-1,1,-1]",0,True
50,6,128,11,3,61245,6111284,611514037,63,65,4095,"[6,14,5,37,33,4]","[1,1,-1,1,-1,1]","[58,37,21,57,19,30,11,38,13,44,7,35,52]","[[1,3,4,5],[0,2,5],[0,2,4],[0,3,4,5],[0,1,4],[1,2,3,4],[0,1,3],[1,2,5],[0,2,3],[2,3,5],[0,1,2],[0,1,5],[2,4,5]]",14,"[4,6,16,26,29,30,32,34,37,38,40,44,46,49]","[1,1,-1,1,-1,1,1,1,1,-1,-1,-1,-1,-1]",0,True
50,6,128,11,4,61245,6111284,611514038,62,66,4092,"[6,14,5,37,33,4]","[1,1,-1,1,-1,1]","[58,37,21,57,19,30,11,38,13,44,7,35,52]","[[1,3,4,5],[0,2,5],[0,2,4],[0,3,4,5],[0,1,4],[1,2,3,4],[0,1,3],[1,2,5],[0,2,3],[2,3,5],[0,1,2],[0,1,5],[2,4,5]]",15,"[0,2,6,9,12,15,18,23,24,29,30,31,36,43,46]","[1,1,1,1,-1,-1,-1,1,1,1,1,1,-1,-1,-1]",0,True
50,6,128,11,5,61245,6111284,611514039,65,63,4095,"[6,14,5,37,33,4]","[1,1,-1,1,-1,1]","[58,37,21,57,19,30,11,38,13,44,7,35,52]","[[1,3,4,5],[0,2,5],[0,2,4],[0,3,4,5],[0,1,4],[1,2,3,4],[0,1,3],[1,2,5],[0,2,3],[2,3,5],[0,1,2],[0,1,5],[2,4,5]]",14,"[3,4,5,13,14,15,17,19,20,21,27,33,34,48]","[1,1,-1,-1,1,-1,1,-1,-1,1,1,-1,1,1]",0,True
100,6,32,11,1,61245,6111334,612004435,17,15,255,"[28,11,99,21,14,83]","[1,1,-1,1,-1,1]","[58,37,21,57,19,30,11,38,13,44,7,35,52]","[[1,3,4,5],[0,2,5],[0,2,4],[0,3,4,5],[0,1,4],[1,2,3,4],[0,1,3],[1,2,5],[0,2,3],[2,3,5],[0,1,2],[0,1,5],[2,4,5]]",7,"[0,28,42,44,49,63,94]","[-1,1,-1,-1,1,-1,1]",0,True
100,6,32,11,2,61245,6111334,612004436,17,15,255,"[28,11,99,21,14,83]","[1,1,-1,1,-1,1]","[58,37,21,57,19,30,11,38,13,44,7,35,52]","[[1,3,4,5],[0,2,5],[0,2,4],[0,3,4,5],[0,1,4],[1,2,3,4],[0,1,3],[1,2,5],[0,2,3],[2,3,5],[0,1,2],[0,1,5],[2,4,5]]",9,"[28,29,31,33,66,70,81,84,85]","[1,-1,1,-1,1,-1,1,1,1]",0,True
100,6,32,11,3,61245,6111334,612004437,20,12,240,"[28,11,99,21,14,83]","[1,1,-1,1,-1,1]","[58,37,21,57,19,30,11,38,13,44,7,35,52]","[[1,3,4,5],[0,2,5],[0,2,4],[0,3,4,5],[0,1,4],[1,2,3,4],[0,1,3],[1,2,5],[0,2,3],[2,3,5],[0,1,2],[0,1,5],[2,4,5]]",10,"[0,10,17,31,32,46,55,69,89,91]","[1,-1,-1,-1,1,-1,1,-1,1,-1]",0,True
100,6,32,11,4,61245,6111334,612004438,17,15,255,"[28,11,99,21,14,83]","[1,1,-1,1,-1,1]","[58,37,21,57,19,30,11,38,13,44,7,35,52]","[[1,3,4,5],[0,2,5],[0,2,4],[0,3,4,5],[0,1,4],[1,2,3,4],[0,1,3],[1,2,5],[0,2,3],[2,3,5],[0,1,2],[0,1,5],[2,4,5]]",8,"[16,17,20,29,31,92,94,99]","[-1,1,-1,1,-1,-1,-1,1]",0,True
100,6,32,11,5,61245,6111334,612004439,14,18,252,"[28,11,99,21,14,83]","[1,1,-1,1,-1,1]","[58,37,21,57,19,30,11,38,13,44,7,35,52]","[[1,3,4,5],[0,2,5],[0,2,4],[0,3,4,5],[0,1,4],[1,2,3,4],[0,1,3],[1,2,5],[0,2,3],[2,3,5],[0,1,2],[0,1,5],[2,4,5]]",9,"[24,25,39,44,59,60,78,86,88]","[-1,-1,1,-1,1,-1,1,1,-1]",0,True
100,6,64,11,1,61245,6111334,612007635,28,36,1008,"[28,11,99,21,14,83]","[1,1,-1,1,-1,1]","[58,37,21,57,19,30,11,38,13,44,7,35,52]","[[1,3,4,5],[0,2,5],[0,2,4],[0,3,4,5],[0,1,4],[1,2,3,4],[0,1,3],[1,2,5],[0,2,3],[2,3,5],[0,1,2],[0,1,5],[2,4,5]]",13,"[3,22,35,37,48,49,52,56,64,74,77,82,94]","[1,-1,-1,1,-1,1,1,-1,-1,-1,-1,-1,1]",0,True
100,6,64,11,2,61245,6111334,612007636,31,33,1023,"[28,11,99,21,14,83]","[1,1,-1,1,-1,1]","[58,37,21,57,19,30,11,38,13,44,7,35,52]","[[1,3,4,5],[0,2,5],[0,2,4],[0,3,4,5],[0,1,4],[1,2,3,4],[0,1,3],[1,2,5],[0,2,3],[2,3,5],[0,1,2],[0,1,5],[2,4,5]]",11,"[14,17,22,26,32,36,69,78,84,86,99]","[-1,-1,-1,1,-1,1,-1,-1,1,-1,-1]",0,True
100,6,64,11,3,61245,6111334,612007637,32,32,1024,"[28,11,99,21,14,83]","[1,1,-1,1,-1,1]","[58,37,21,57,19,30,11,38,13,44,7,35,52]","[[1,3,4,5],[0,2,5],[0,2,4],[0,3,4,5],[0,1,4],[1,2,3,4],[0,1,3],[1,2,5],[0,2,3],[2,3,5],[0,1,2],[0,1,5],[2,4,5]]",11,"[11,17,18,30,47,49,52,65,70,77,78]","[1,1,-1,-1,1,-1,-1,-1,1,-1,-1]",0,True
100,6,64,11,4,61245,6111334,612007638,20,44,880,"[28,11,99,21,14,83]","[1,1,-1,1,-1,1]","[58,37,21,57,19,30,11,38,13,44,7,35,52]","[[1,3,4,5],[0,2,5],[0,2,4],[0,3,4,5],[0,1,4],[1,2,3,4],[0,1,3],[1,2,5],[0,2,3],[2,3,5],[0,1,2],[0,1,5],[2,4,5]]",12,"[0,14,19,21,24,35,41,54,57,61,66,89]","[1,1,-1,1,-1,1,-1,-1,-1,1,-1,1]",0,True
100,6,64,11,5,61245,6111334,612007639,36,28,1008,"[28,11,99,21,14,83]","[1,1,-1,1,-1,1]","[58,37,21,57,19,30,11,38,13,44,7,35,52]","[[1,3,4,5],[0,2,5],[0,2,4],[0,3,4,5],[0,1,4],[1,2,3,4],[0,1,3],[1,2,5],[0,2,3],[2,3,5],[0,1,2],[0,1,5],[2,4,5]]",14,"[3,4,14,15,17,22,32,34,39,62,80,81,82,89]","[-1,-1,-1,1,1,1,1,-1,-1,-1,1,-1,1,-1]",0,True
100,6,128,11,1,61245,6111334,612014035,70,58,4060,"[28,11,99,21,14,83]","[1,1,-1,1,-1,1]","[58,37,21,57,19,30,11,38,13,44,7,35,52]","[[1,3,4,5],[0,2,5],[0,2,4],[0,3,4,5],[0,1,4],[1,2,3,4],[0,1,3],[1,2,5],[0,2,3],[2,3,5],[0,1,2],[0,1,5],[2,4,5]]",13,"[3,21,22,28,47,50,56,62,74,77,87,93,99]","[1,1,1,1,1,1,-1,1,1,1,1,1,-1]",0,True
100,6,128,11,2,61245,6111334,612014036,65,63,4095,"[28,11,99,21,14,83]","[1,1,-1,1,-1,1]","[58,37,21,57,19,30,11,38,13,44,7,35,52]","[[1,3,4,5],[0,2,5],[0,2,4],[0,3,4,5],[0,1,4],[1,2,3,4],[0,1,3],[1,2,5],[0,2,3],[2,3,5],[0,1,2],[0,1,5],[2,4,5]]",13,"[6,22,28,39,47,49,55,60,81,83,84,85,99]","[-1,-1,1,1,-1,1,-1,1,-1,1,1,1,-1]",0,True
100,6,128,11,3,61245,6111334,612014037,60,68,4080,"[28,11,99,21,14,83]","[1,1,-1,1,-1,1]","[58,37,21,57,19,30,11,38,13,44,7,35,52]","[[1,3,4,5],[0,2,5],[0,2,4],[0,3,4,5],[0,1,4],[1,2,3,4],[0,1,3],[1,2,5],[0,2,3],[2,3,5],[0,1,2],[0,1,5],[2,4,5]]",14,"[4,16,18,21,28,29,51,55,57,60,69,71,81,97]","[-1,1,1,1,1,-1,-1,-1,-1,-1,1,-1,1,1]",0,True
100,6,128,11,4,61245,6111334,612014038,60,68,4080,"[28,11,99,21,14,83]","[1,1,-1,1,-1,1]","[58,37,21,57,19,30,11,38,13,44,7,35,52]","[[1,3,4,5],[0,2,5],[0,2,4],[0,3,4,5],[0,1,4],[1,2,3,4],[0,1,3],[1,2,5],[0,2,3],[2,3,5],[0,1,2],[0,1,5],[2,4,5]]",16,"[1,14,17,18,20,22,28,37,42,50,60,63,73,74,79,94]","[-1,-1,-1,-1,1,1,1,1,-1,1,1,-1,-1,-1,1,-1]",0,True
100,6,128,11,5,61245,6111334,612014039,64,64,4096,"[28,11,99,21,14,83]","[1,1,-1,1,-1,1]","[58,37,21,57,19,30,11,38,13,44,7,35,52]","[[1,3,4,5],[0,2,5],[0,2,4],[0,3,4,5],[0,1,4],[1,2,3,4],[0,1,3],[1,2,5],[0,2,3],[2,3,5],[0,1,2],[0,1,5],[2,4,5]]",15,"[10,12,14,28,29,38,40,43,50,51,68,79,86,89,93]","[1,1,-1,1,-1,1,1,-1,-1,-1,-1,-1,-1,1,-1]",0,True
10,6,32,12,1,61246,6121244,612104435,20,12,240,"[8,4,0,5,7,1]","[1,-1,1,1,-1,1]","[15,43,28,37,52,18,44]","[[0,1,2,3],[0,1,3,5],[2,3,4],[0,2,5],[2,4,5],[1,4],[2,3,5]]",4,"[0,4,7,8]","[1,-1,-1,1]",0,True
10,6,32,12,2,61246,6121244,612104436,23,9,207,"[8,4,0,5,7,1]","[1,-1,1,1,-1,1]","[15,43,28,37,52,18,44]","[[0,1,2,3],[0,1,3,5],[2,3,4],[0,2,5],[2,4,5],[1,4],[2,3,5]]",7,"[1,3,4,5,6,7,8]","[1,1,-1,1,-1,-1,1]",0,True
10,6,32,12,3,61246,6121244,612104437,20,12,240,"[8,4,0,5,7,1]","[1,-1,1,1,-1,1]","[15,43,28,37,52,18,44]","[[0,1,2,3],[0,1,3,5],[2,3,4],[0,2,5],[2,4,5],[1,4],[2,3,5]]",5,"[0,2,3,4,7]","[1,-1,-1,-1,-1]",0,True
10,6,32,12,4,61246,6121244,612104438,15,17,255,"[8,4,0,5,7,1]","[1,-1,1,1,-1,1]","[15,43,28,37,52,18,44]","[[0,1,2,3],[0,1,3,5],[2,3,4],[0,2,5],[2,4,5],[1,4],[2,3,5]]",4,"[0,1,4,7]","[1,1,-1,-1]",0,True
10,6,32,12,5,61246,6121244,612104439,19,13,247,"[8,4,0,5,7,1]","[1,-1,1,1,-1,1]","[15,43,28,37,52,18,44]","[[0,1,2,3],[0,1,3,5],[2,3,4],[0,2,5],[2,4,5],[1,4],[2,3,5]]",4,"[0,4,5,7]","[1,-1,1,-1]",0,True
10,6,64,12,1,61246,6121244,612107635,35,29,1015,"[8,4,0,5,7,1]","[1,-1,1,1,-1,1]","[15,43,28,37,52,18,44]","[[0,1,2,3],[0,1,3,5],[2,3,4],[0,2,5],[2,4,5],[1,4],[2,3,5]]",6,"[0,1,4,5,7,8]","[1,1,-1,1,-1,1]",0,True
10,6,64,12,2,61246,6121244,612107636,29,35,1015,"[8,4,0,5,7,1]","[1,-1,1,1,-1,1]","[15,43,28,37,52,18,44]","[[0,1,2,3],[0,1,3,5],[2,3,4],[0,2,5],[2,4,5],[1,4],[2,3,5]]",6,"[0,1,2,4,5,7]","[1,1,1,-1,1,-1]",0,True
10,6,64,12,3,61246,6121244,612107637,35,29,1015,"[8,4,0,5,7,1]","[1,-1,1,1,-1,1]","[15,43,28,37,52,18,44]","[[0,1,2,3],[0,1,3,5],[2,3,4],[0,2,5],[2,4,5],[1,4],[2,3,5]]",7,"[0,1,2,4,5,7,9]","[1,1,-1,-1,1,-1,-1]",0,True
10,6,64,12,4,61246,6121244,612107638,37,27,999,"[8,4,0,5,7,1]","[1,-1,1,1,-1,1]","[15,43,28,37,52,18,44]","[[0,1,2,3],[0,1,3,5],[2,3,4],[0,2,5],[2,4,5],[1,4],[2,3,5]]",6,"[0,1,4,5,7,8]","[1,1,-1,1,-1,1]",0,True
10,6,64,12,5,61246,6121244,612107639,41,23,943,"[8,4,0,5,7,1]","[1,-1,1,1,-1,1]","[15,43,28,37,52,18,44]","[[0,1,2,3],[0,1,3,5],[2,3,4],[0,2,5],[2,4,5],[1,4],[2,3,5]]",7,"[0,4,5,6,7,8,9]","[1,-1,1,-1,-1,-1,1]",0,True
10,6,128,12,1,61246,6121244,612114035,66,62,4092,"[8,4,0,5,7,1]","[1,-1,1,1,-1,1]","[15,43,28,37,52,18,44]","[[0,1,2,3],[0,1,3,5],[2,3,4],[0,2,5],[2,4,5],[1,4],[2,3,5]]",6,"[0,1,4,5,7,8]","[1,1,-1,1,-1,1]",0,True
10,6,128,12,2,61246,6121244,612114036,62,66,4092,"[8,4,0,5,7,1]","[1,-1,1,1,-1,1]","[15,43,28,37,52,18,44]","[[0,1,2,3],[0,1,3,5],[2,3,4],[0,2,5],[2,4,5],[1,4],[2,3,5]]",6,"[0,1,4,5,7,8]","[1,1,-1,1,-1,1]",0,True
10,6,128,12,3,61246,6121244,612114037,62,66,4092,"[8,4,0,5,7,1]","[1,-1,1,1,-1,1]","[15,43,28,37,52,18,44]","[[0,1,2,3],[0,1,3,5],[2,3,4],[0,2,5],[2,4,5],[1,4],[2,3,5]]",6,"[0,1,4,5,7,8]","[1,1,-1,1,-1,1]",0,True
10,6,128,12,4,61246,6121244,612114038,54,74,3996,"[8,4,0,5,7,1]","[1,-1,1,1,-1,1]","[15,43,28,37,52,18,44]","[[0,1,2,3],[0,1,3,5],[2,3,4],[0,2,5],[2,4,5],[1,4],[2,3,5]]",6,"[0,1,4,5,7,8]","[1,1,-1,1,-1,1]",0,True
10,6,128,12,5,61246,6121244,612114039,64,64,4096,"[8,4,0,5,7,1]","[1,-1,1,1,-1,1]","[15,43,28,37,52,18,44]","[[0,1,2,3],[0,1,3,5],[2,3,4],[0,2,5],[2,4,5],[1,4],[2,3,5]]",6,"[0,1,4,5,7,8]","[1,1,-1,1,-1,1]",0,True
50,6,32,12,1,61246,6121284,612504435,13,19,247,"[21,34,9,10,8,6]","[1,-1,1,1,-1,1]","[15,43,28,37,52,18,44]","[[0,1,2,3],[0,1,3,5],[2,3,4],[0,2,5],[2,4,5],[1,4],[2,3,5]]",7,"[12,16,22,25,26,37,40]","[1,-1,1,-1,-1,-1,1]",0,True
50,6,32,12,2,61246,6121284,612504436,19,13,247,"[21,34,9,10,8,6]","[1,-1,1,1,-1,1]","[15,43,28,37,52,18,44]","[[0,1,2,3],[0,1,3,5],[2,3,4],[0,2,5],[2,4,5],[1,4],[2,3,5]]",8,"[5,6,11,16,24,32,36,39]","[1,1,1,-1,-1,1,1,1]",0,True
50,6,32,12,3,61246,6121284,612504437,17,15,255,"[21,34,9,10,8,6]","[1,-1,1,1,-1,1]","[15,43,28,37,52,18,44]","[[0,1,2,3],[0,1,3,5],[2,3,4],[0,2,5],[2,4,5],[1,4],[2,3,5]]",8,"[12,15,17,23,24,29,38,43]","[-1,1,1,1,1,1,-1,-1]",0,True
50,6,32,12,4,61246,6121284,612504438,18,14,252,"[21,34,9,10,8,6]","[1,-1,1,1,-1,1]","[15,43,28,37,52,18,44]","[[0,1,2,3],[0,1,3,5],[2,3,4],[0,2,5],[2,4,5],[1,4],[2,3,5]]",9,"[1,6,11,13,31,40,41,46,48]","[1,-1,1,1,1,1,1,-1,-1]",0,True
50,6,32,12,5,61246,6121284,612504439,11,21,231,"[21,34,9,10,8,6]","[1,-1,1,1,-1,1]","[15,43,28,37,52,18,44]","[[0,1,2,3],[0,1,3,5],[2,3,4],[0,2,5],[2,4,5],[1,4],[2,3,5]]",8,"[0,2,3,5,9,10,13,44]","[-1,-1,1,-1,1,1,-1,-1]",0,True
50,6,64,12,1,61246,6121284,612507635,33,31,1023,"[21,34,9,10,8,6]","[1,-1,1,1,-1,1]","[15,43,28,37,52,18,44]","[[0,1,2,3],[0,1,3,5],[2,3,4],[0,2,5],[2,4,5],[1,4],[2,3,5]]",9,"[9,12,18,23,28,30,34,42,47]","[1,-1,-1,1,1,-1,-1,-1,-1]",0,True
50,6,64,12,2,61246,6121284,612507636,40,24,960,"[21,34,9,10,8,6]","[1,-1,1,1,-1,1]","[15,43,28,37,52,18,44]","[[0,1,2,3],[0,1,3,5],[2,3,4],[0,2,5],[2,4,5],[1,4],[2,3,5]]",11,"[0,10,16,19,20,25,27,28,34,46,48]","[1,1,-1,1,-1,1,1,1,-1,-1,1]",0,True
50,6,64,12,3,61246,6121284,612507637,25,39,975,"[21,34,9,10,8,6]","[1,-1,1,1,-1,1]","[15,43,28,37,52,18,44]","[[0,1,2,3],[0,1,3,5],[2,3,4],[0,2,5],[2,4,5],[1,4],[2,3,5]]",10,"[1,6,9,20,21,31,34,39,45,48]","[-1,1,1,1,1,-1,-1,1,1,1]",0,True
50,6,64,12,4,61246,6121284,612507638,32,32,1024,"[21,34,9,10,8,6]","[1,-1,1,1,-1,1]","[15,43,28,37,52,18,44]","[[0,1,2,3],[0,1,3,5],[2,3,4],[0,2,5],[2,4,5],[1,4],[2,3,5]]",9,"[8,9,10,25,32,34,36,39,48]","[-1,1,1,1,-1,-1,1,-1,-1]",0,True
50,6,64,12,5,61246,6121284,612507639,30,34,1020,"[21,34,9,10,8,6]","[1,-1,1,1,-1,1]","[15,43,28,37,52,18,44]","[[0,1,2,3],[0,1,3,5],[2,3,4],[0,2,5],[2,4,5],[1,4],[2,3,5]]",12,"[0,9,10,13,15,17,23,24,28,34,42,49]","[1,1,1,1,1,-1,1,1,1,-1,-1,1]",0,True
50,6,128,12,1,61246,6121284,612514035,74,54,3996,"[21,34,9,10,8,6]","[1,-1,1,1,-1,1]","[15,43,28,37,52,18,44]","[[0,1,2,3],[0,1,3,5],[2,3,4],[0,2,5],[2,4,5],[1,4],[2,3,5]]",17,"[0,2,4,9,10,13,14,15,19,20,21,24,25,30,32,35,41]","[1,-1,1,1,-1,1,-1,-1,1,1,1,1,-1,1,1,-1,1]",0,True
50,6,128,12,2,61246,6121284,612514036,77,51,3927,"[21,34,9,10,8,6]","[1,-1,1,1,-1,1]","[15,43,28,37,52,18,44]","[[0,1,2,3],[0,1,3,5],[2,3,4],[0,2,5],[2,4,5],[1,4],[2,3,5]]",10,"[6,7,8,9,15,20,21,34,40,46]","[1,1,-1,1,1,1,1,-1,1,-1]",0,True
50,6,128,12,3,61246,6121284,612514037,70,58,4060,"[21,34,9,10,8,6]","[1,-1,1,1,-1,1]","[15,43,28,37,52,18,44]","[[0,1,2,3],[0,1,3,5],[2,3,4],[0,2,5],[2,4,5],[1,4],[2,3,5]]",16,"[0,6,18,19,20,24,29,34,36,41,42,43,44,45,47,49]","[-1,1,-1,-1,-1,1,1,-1,-1,1,1,1,-1,1,1,-1]",0,True
50,6,128,12,4,61246,6121284,612514038,72,56,4032,"[21,34,9,10,8,6]","[1,-1,1,1,-1,1]","[15,43,28,37,52,18,44]","[[0,1,2,3],[0,1,3,5],[2,3,4],[0,2,5],[2,4,5],[1,4],[2,3,5]]",12,"[6,8,9,19,22,24,25,30,34,38,46,47]","[1,-1,1,-1,1,1,1,1,-1,1,-1,-1]",0,True
50,6,128,12,5,61246,6121284,612514039,70,58,4060,"[21,34,9,10,8,6]","[1,-1,1,1,-1,1]","[15,43,28,37,52,18,44]","[[0,1,2,3],[0,1,3,5],[2,3,4],[0,2,5],[2,4,5],[1,4],[2,3,5]]",11,"[6,8,9,10,13,22,23,33,37,42,43]","[1,-1,1,1,-1,1,-1,-1,-1,1,1]",0,True
100,6,32,12,1,61246,6121334,613004435,16,16,256,"[44,87,79,46,89,18]","[1,-1,1,1,-1,1]","[15,43,28,37,52,18,44]","[[0,1,2,3],[0,1,3,5],[2,3,4],[0,2,5],[2,4,5],[1,4],[2,3,5]]",10,"[61,62,74,78,80,86,89,94,97,98]","[-1,1,1,-1,1,-1,-1,-1,1,1]",0,True
100,6,32,12,2,61246,6121334,613004436,19,13,247,"[44,87,79,46,89,18]","[1,-1,1,1,-1,1]","[15,43,28,37,52,18,44]","[[0,1,2,3],[0,1,3,5],[2,3,4],[0,2,5],[2,4,5],[1,4],[2,3,5]]",8,"[20,25,31,34,77,79,87,92]","[1,-1,1,-1,-1,1,-1,-1]",0,True
100,6,32,12,3,61246,6121334,613004437,23,9,207,"[44,87,79,46,89,18]","[1,-1,1,1,-1,1]","[15,43,28,37,52,18,44]","[[0,1,2,3],[0,1,3,5],[2,3,4],[0,2,5],[2,4,5],[1,4],[2,3,5]]",8,"[5,8,10,33,57,76,94,96]","[-1,1,-1,-1,1,-1,1,-1]",0,True
100,6,32,12,4,61246,6121334,613004438,14,18,252,"[44,87,79,46,89,18]","[1,-1,1,1,-1,1]","[15,43,28,37,52,18,44]","[[0,1,2,3],[0,1,3,5],[2,3,4],[0,2,5],[2,4,5],[1,4],[2,3,5]]",8,"[6,7,8,36,44,48,51,66]","[1,-1,1,1,-1,1,1,1]",0,True
100,6,32,12,5,61246,6121334,613004439,18,14,252,"[44,87,79,46,89,18]","[1,-1,1,1,-1,1]","[15,43,28,37,52,18,44]","[[0,1,2,3],[0,1,3,5],[2,3,4],[0,2,5],[2,4,5],[1,4],[2,3,5]]",9,"[16,26,31,38,56,60,81,87,92]","[-1,1,-1,-1,1,-1,1,-1,1]",0,True
100,6,64,12,1,61246,6121334,613007635,25,39,975,"[44,87,79,46,89,18]","[1,-1,1,1,-1,1]","[15,43,28,37,52,18,44]","[[0,1,2,3],[0,1,3,5],[2,3,4],[0,2,5],[2,4,5],[1,4],[2,3,5]]",12,"[20,34,45,46,60,64,69,73,74,76,77,93]","[1,1,-1,-1,1,-1,1,-1,1,1,1,1]",0,True
100,6,64,12,2,61246,6121334,613007636,32,32,1024,"[44,87,79,46,89,18]","[1,-1,1,1,-1,1]","[15,43,28,37,52,18,44]","[[0,1,2,3],[0,1,3,5],[2,3,4],[0,2,5],[2,4,5],[1,4],[2,3,5]]",11,"[9,11,17,21,25,43,46,50,54,77,98]","[1,-1,1,1,1,-1,1,-1,-1,1,-1]",0,True
100,6,64,12,3,61246,6121334,613007637,33,31,1023,"[44,87,79,46,89,18]","[1,-1,1,1,-1,1]","[15,43,28,37,52,18,44]","[[0,1,2,3],[0,1,3,5],[2,3,4],[0,2,5],[2,4,5],[1,4],[2,3,5]]",13,"[1,4,11,30,41,54,62,72,79,86,88,91,99]","[-1,-1,1,-1,1,1,-1,1,1,-1,-1,-1,1]",0,True
100,6,64,12,4,61246,6121334,613007638,31,33,1023,"[44,87,79,46,89,18]","[1,-1,1,1,-1,1]","[15,43,28,37,52,18,44]","[[0,1,2,3],[0,1,3,5],[2,3,4],[0,2,5],[2,4,5],[1,4],[2,3,5]]",13,"[0,2,35,46,60,66,71,78,81,89,96,97,99]","[1,1,-1,1,1,1,1,1,-1,-1,-1,-1,-1]",0,True
100,6,64,12,5,61246,6121334,613007639,39,25,975,"[44,87,79,46,89,18]","[1,-1,1,1,-1,1]","[15,43,28,37,52,18,44]","[[0,1,2,3],[0,1,3,5],[2,3,4],[0,2,5],[2,4,5],[1,4],[2,3,5]]",12,"[8,17,32,36,39,41,48,50,59,62,71,88]","[-1,1,-1,-1,1,-1,-1,1,-1,-1,1,-1]",0,True
100,6,128,12,1,61246,6121334,613014035,65,63,4095,"[44,87,79,46,89,18]","[1,-1,1,1,-1,1]","[15,43,28,37,52,18,44]","[[0,1,2,3],[0,1,3,5],[2,3,4],[0,2,5],[2,4,5],[1,4],[2,3,5]]",15,"[4,16,17,20,25,26,44,52,59,60,61,73,80,85,89]","[-1,-1,1,-1,-1,-1,1,-1,1,1,-1,1,-1,-1,-1]",0,True
100,6,128,12,2,61246,6121334,613014036,68,60,4080,"[44,87,79,46,89,18]","[1,-1,1,1,-1,1]","[15,43,28,37,52,18,44]","[[0,1,2,3],[0,1,3,5],[2,3,4],[0,2,5],[2,4,5],[1,4],[2,3,5]]",17,"[1,9,15,16,28,32,39,64,69,70,74,78,79,82,84,86,95]","[-1,-1,1,1,-1,-1,1,-1,-1,1,-1,1,1,1,1,1,1]",0,True
100,6,128,12,3,61246,6121334,613014037,72,56,4032,"[44,87,79,46,89,18]","[1,-1,1,1,-1,1]","[15,43,28,37,52,18,44]","[[0,1,2,3],[0,1,3,5],[2,3,4],[0,2,5],[2,4,5],[1,4],[2,3,5]]",13,"[7,8,10,13,18,35,46,72,74,79,89,95,98]","[1,1,1,-1,1,1,1,-1,1,1,-1,-1,1]",0,True
100,6,128,12,4,61246,6121334,613014038,71,57,4047,"[44,87,79,46,89,18]","[1,-1,1,1,-1,1]","[15,43,28,37,52,18,44]","[[0,1,2,3],[0,1,3,5],[2,3,4],[0,2,5],[2,4,5],[1,4],[2,3,5]]",17,"[13,17,22,31,32,41,42,63,65,70,73,81,83,84,86,92,99]","[1,-1,1,-1,-1,1,-1,1,-1,1,-1,1,-1,-1,-1,1,1]",0,True
100,6,128,12,5,61246,6121334,613014039,72,56,4032,"[44,87,79,46,89,18]","[1,-1,1,1,-1,1]","[15,43,28,37,52,18,44]","[[0,1,2,3],[0,1,3,5],[2,3,4],[0,2,5],[2,4,5],[1,4],[2,3,5]]",16,"[25,29,33,34,41,49,50,67,68,80,82,84,87,88,91,99]","[-1,-1,1,-1,1,1,-1,1,1,-1,-1,1,-1,-1,1,-1]",0,True
10,6,32,13,1,61247,6131244,613104435,18,14,252,"[5,6,4,3,1,9]","[1,1,1,1,1,1]","[62,9,23,33]","[[1,2,3,4,5],[0,3],[0,1,2,4],[0,5]]",4,"[3,5,6,9]","[1,1,1,1]",0,True
10,6,32,13,2,61247,6131244,613104436,15,17,255,"[5,6,4,3,1,9]","[1,1,1,1,1,1]","[62,9,23,33]","[[1,2,3,4,5],[0,3],[0,1,2,4],[0,5]]",5,"[1,3,4,5,9]","[1,1,1,1,1]",0,True
10,6,32,13,3,61247,6131244,613104437,19,13,247,"[5,6,4,3,1,9]","[1,1,1,1,1,1]","[62,9,23,33]","[[1,2,3,4,5],[0,3],[0,1,2,4],[0,5]]",6,"[0,3,4,5,6,8]","[1,1,1,1,-1,-1]",0,True
10,6,32,13,4,61247,6131244,613104438,19,13,247,"[5,6,4,3,1,9]","[1,1,1,1,1,1]","[62,9,23,33]","[[1,2,3,4,5],[0,3],[0,1,2,4],[0,5]]",5,"[1,3,5,6,9]","[1,1,1,1,1]",0,True
10,6,32,13,5,61247,6131244,613104439,19,13,247,"[5,6,4,3,1,9]","[1,1,1,1,1,1]","[62,9,23,33]","[[1,2,3,4,5],[0,3],[0,1,2,4],[0,5]]",5,"[3,5,7,8,9]","[1,1,-1,1,1]",0,True
10,6,64,13,1,61247,6131244,613107635,42,22,924,"[5,6,4,3,1,9]","[1,1,1,1,1,1]","[62,9,23,33]","[[1,2,3,4,5],[0,3],[0,1,2,4],[0,5]]",6,"[0,3,4,5,6,9]","[-1,1,1,1,1,1]",0,True
10,6,64,13,2,61247,6131244,613107636,39,25,975,"[5,6,4,3,1,9]","[1,1,1,1,1,1]","[62,9,23,33]","[[1,2,3,4,5],[0,3],[0,1,2,4],[0,5]]",6,"[1,3,4,5,6,9]","[1,1,1,1,1,1]",0,True
10,6,64,13,3,61247,6131244,613107637,35,29,1015,"[5,6,4,3,1,9]","[1,1,1,1,1,1]","[62,9,23,33]","[[1,2,3,4,5],[0,3],[0,1,2,4],[0,5]]",5,"[1,3,5,7,9]","[1,1,1,-1,1]",0,True
10,6,64,13,4,61247,6131244,613107638,42,22,924,"[5,6,4,3,1,9]","[1,1,1,1,1,1]","[62,9,23,33]","[[1,2,3,4,5],[0,3],[0,1,2,4],[0,5]]",5,"[1,3,4,5,9]","[1,1,1,1,1]",0,True
10,6,64,13,5,61247,6131244,613107639,38,26,988,"[5,6,4,3,1,9]","[1,1,1,1,1,1]","[62,9,23,33]","[[1,2,3,4,5],[0,3],[0,1,2,4],[0,5]]",7,"[0,1,3,4,5,7,8]","[1,1,1,1,1,-1,1]",0,True
10,6,128,13,1,61247,6131244,613114035,85,43,3655,"[5,6,4,3,1,9]","[1,1,1,1,1,1]","[62,9,23,33]","[[1,2,3,4,5],[0,3],[0,1,2,4],[0,5]]",6,"[1,3,4,5,6,9]","[1,1,1,1,1,1]",0,True
10,6,128,13,2,61247,6131244,613114036,76,52,3952,"[5,6,4,3,1,9]","[1,1,1,1,1,1]","[62,9,23,33]","[[1,2,3,4,5],[0,3],[0,1,2,4],[0,5]]",6,"[1,3,4,5,6,9]","[1,1,1,1,1,1]",0,True
10,6,128,13,3,61247,6131244,613114037,72,56,4032,"[5,6,4,3,1,9]","[1,1,1,1,1,1]","[62,9,23,33]","[[1,2,3,4,5],[0,3],[0,1,2,4],[0,5]]",6,"[1,3,4,5,6,9]","[1,1,1,1,1,1]",0,True
10,6,128,13,4,61247,6131244,613114038,74,54,3996,"[5,6,4,3,1,9]","[1,1,1,1,1,1]","[62,9,23,33]","[[1,2,3,4,5],[0,3],[0,1,2,4],[0,5]]",3,"[3,5,9]","[1,1,1]",0,True
10,6,128,13,5,61247,6131244,613114039,82,46,3772,"[5,6,4,3,1,9]","[1,1,1,1,1,1]","[62,9,23,33]","[[1,2,3,4,5],[0,3],[0,1,2,4],[0,5]]",6,"[1,3,4,5,6,9]","[1,1,1,1,1,1]",0,True
50,6,32,13,1,61247,6131284,613504435,13,19,247,"[1,2,23,22,49,3]","[1,1,1,1,1,1]","[62,9,23,33]","[[1,2,3,4,5],[0,3],[0,1,2,4],[0,5]]",10,"[0,23,24,34,36,37,38,40,45,49]","[1,1,1,-1,1,-1,-1,-1,1,-1]",0,True
50,6,32,13,2,61247,6131284,613504436,19,13,247,"[1,2,23,22,49,3]","[1,1,1,1,1,1]","[62,9,23,33]","[[1,2,3,4,5],[0,3],[0,1,2,4],[0,5]]",6,"[1,14,15,26,38,43]","[1,1,1,1,1,1]",0,True
50,6,32,13,3,61247,6131284,613504437,15,17,255,"[1,2,23,22,49,3]","[1,1,1,1,1,1]","[62,9,23,33]","[[1,2,3,4,5],[0,3],[0,1,2,4],[0,5]]",7,"[0,6,10,22,27,28,45]","[-1,-1,-1,1,1,-1,1]",0,True
50,6,32,13,4,61247,6131284,613504438,19,13,247,"[1,2,23,22,49,3]","[1,1,1,1,1,1]","[62,9,23,33]","[[1,2,3,4,5],[0,3],[0,1,2,4],[0,5]]",8,"[0,10,16,21,22,24,27,45]","[1,-1,-1,-1,1,1,-1,-1]",0,True
50,6,32,13,5,61247,6131284,613504439,18,14,252,"[1,2,23,22,49,3]","[1,1,1,1,1,1]","[62,9,23,33]","[[1,2,3,4,5],[0,3],[0,1,2,4],[0,5]]",9,"[3,7,9,30,33,41,42,47,48]","[1,1,1,-1,-1,-1,1,-1,1]",0,True
50,6,64,13,1,61247,6131284,613507635,40,24,960,"[1,2,23,22,49,3]","[1,1,1,1,1,1]","[62,9,23,33]","[[1,2,3,4,5],[0,3],[0,1,2,4],[0,5]]",15,"[2,3,8,9,12,17,22,24,26,31,35,40,43,46,48]","[-1,-1,1,1,-1,-1,1,1,1,1,-1,-1,-1,-1,1]",0,True
50,6,64,13,2,61247,6131284,613507636,39,25,975,"[1,2,23,22,49,3]","[1,1,1,1,1,1]","[62,9,23,33]","[[1,2,3,4,5],[0,3],[0,1,2,4],[0,5]]",10,"[0,1,2,5,6,10,22,28,38,49]","[-1,1,1,1,-1,1,1,-1,-1,1]",0,True
50,6,64,13,3,61247,6131284,613507637,42,22,924,"[1,2,23,22,49,3]","[1,1,1,1,1,1]","[62,9,23,33]","[[1,2,3,4,5],[0,3],[0,1,2,4],[0,5]]",12,"[7,11,16,17,18,28,32,41,42,44,45,46]","[1,1,-1,1,1,-1,-1,-1,1,-1,-1,-1]",0,True
50,6,64,13,4,61247,6131284,613507638,36,28,1008,"[1,2,23,22,49,3]","[1,1,1,1,1,1]","[62,9,23,33]","[[1,2,3,4,5],[0,3],[0,1,2,4],[0,5]]",12,"[0,4,5,14,16,21,24,30,32,35,43,44]","[1,-1,1,1,-1,1,-1,-1,-1,-1,1,-1]",0,True
50,6,64,13,5,61247,6131284,613507639,43,21,903,"[1,2,23,22,49,3]","[1,1,1,1,1,1]","[62,9,23,33]","[[1,2,3,4,5],[0,3],[0,1,2,4],[0,5]]",7,"[0,1,3,11,32,37,45]","[1,1,1,-1,1,-1,-1]",0,True
50,6,128,13,1,61247,6131284,613514035,76,52,3952,"[1,2,23,22,49,3]","[1,1,1,1,1,1]","[62,9,23,33]","[[1,2,3,4,5],[0,3],[0,1,2,4],[0,5]]",17,"[12,13,17,21,23,24,28,29,31,34,35,36,37,42,47,48,49]","[1,-1,1,-1,1,1,1,-1,-1,-1,1,-1,-1,-1,-1,-1,1]",0,True
50,6,128,13,2,61247,6131284,613514036,81,47,3807,"[1,2,23,22,49,3]","[1,1,1,1,1,1]","[62,9,23,33]","[[1,2,3,4,5],[0,3],[0,1,2,4],[0,5]]",13,"[1,2,4,9,12,13,17,24,29,31,33,39,48]","[1,1,1,1,1,-1,-1,1,-1,1,1,1,1]",0,True
50,6,128,13,3,61247,6131284,613514037,77,51,3927,"[1,2,23,22,49,3]","[1,1,1,1,1,1]","[62,9,23,33]","[[1,2,3,4,5],[0,3],[0,1,2,4],[0,5]]",12,"[1,5,6,21,22,24,31,36,40,43,45,48]","[1,1,1,-1,1,-1,1,-1,-1,1,1,1]",0,True
50,6,128,13,4,61247,6131284,613514038,78,50,3900,"[1,2,23,22,49,3]","[1,1,1,1,1,1]","[62,9,23,33]","[[1,2,3,4,5],[0,3],[0,1,2,4],[0,5]]",9,"[1,15,22,25,26,27,33,44,49]","[1,-1,1,-1,-1,-1,-1,-1,1]",0,True
50,6,128,13,5,61247,6131284,613514039,77,51,3927,"[1,2,23,22,49,3]","[1,1,1,1,1,1]","[62,9,23,33]","[[1,2,3,4,5],[0,3],[0,1,2,4],[0,5]]",14,"[0,1,4,8,10,13,14,19,22,26,28,42,45,48]","[1,1,-1,1,1,-1,-1,1,1,1,1,1,1,1]",0,True
100,6,32,13,1,61247,6131334,614004435,18,14,252,"[90,82,15,41,52,39]","[1,1,1,1,1,1]","[62,9,23,33]","[[1,2,3,4,5],[0,3],[0,1,2,4],[0,5]]",4,"[15,20,59,90]","[1,-1,-1,1]",0,True
100,6,32,13,2,61247,6131334,614004436,17,15,255,"[90,82,15,41,52,39]","[1,1,1,1,1,1]","[62,9,23,33]","[[1,2,3,4,5],[0,3],[0,1,2,4],[0,5]]",7,"[3,26,44,63,65,69,90]","[-1,-1,1,-1,1,1,1]",0,True
100,6,32,13,3,61247,6131334,614004437,19,13,247,"[90,82,15,41,52,39]","[1,1,1,1,1,1]","[62,9,23,33]","[[1,2,3,4,5],[0,3],[0,1,2,4],[0,5]]",10,"[13,19,21,26,60,70,78,84,87,89]","[-1,1,1,1,1,1,1,-1,-1,1]",0,True
100,6,32,13,4,61247,6131334,614004438,17,15,255,"[90,82,15,41,52,39]","[1,1,1,1,1,1]","[62,9,23,33]","[[1,2,3,4,5],[0,3],[0,1,2,4],[0,5]]",11,"[4,6,27,33,35,43,57,61,62,63,81]","[-1,1,1,-1,1,1,-1,1,1,1,1]",0,True
100,6,32,13,5,61247,6131334,614004439,18,14,252,"[90,82,15,41,52,39]","[1,1,1,1,1,1]","[62,9,23,33]","[[1,2,3,4,5],[0,3],[0,1,2,4],[0,5]]",8,"[0,5,7,20,41,53,85,91]","[-1,1,-1,-1,1,1,-1,1]",0,True
100,6,64,13,1,61247,6131334,614007635,39,25,975,"[90,82,15,41,52,39]","[1,1,1,1,1,1]","[62,9,23,33]","[[1,2,3,4,5],[0,3],[0,1,2,4],[0,5]]",11,"[12,25,29,38,40,41,42,49,56,80,87]","[1,-1,1,1,1,1,-1,1,-1,-1,1]",0,True
100,6,64,13,2,61247,6131334,614007636,39,25,975,"[90,82,15,41,52,39]","[1,1,1,1,1,1]","[62,9,23,33]","[[1,2,3,4,5],[0,3],[0,1,2,4],[0,5]]",10,"[1,7,10,11,72,79,86,88,92,94]","[1,1,-1,1,1,-1,1,-1,1,-1]",0,True
100,6,64,13,3,61247,6131334,614007637,39,25,975,"[90,82,15,41,52,39]","[1,1,1,1,1,1]","[62,9,23,33]","[[1,2,3,4,5],[0,3],[0,1,2,4],[0,5]]",12,"[14,16,28,36,46,53,65,80,90,92,93,98]","[-1,-1,-1,-1,1,-1,-1,1,1,-1,-1,1]",0,True
100,6,64,13,4,61247,6131334,614007638,36,28,1008,"[90,82,15,41,52,39]","[1,1,1,1,1,1]","[62,9,23,33]","[[1,2,3,4,5],[0,3],[0,1,2,4],[0,5]]",14,"[1,4,7,9,19,43,44,50,65,69,71,76,78,99]","[1,1,1,1,1,1,1,1,1,-1,1,-1,1,1]",0,True
100,6,64,13,5,61247,6131334,614007639,37,27,999,"[90,82,15,41,52,39]","[1,1,1,1,1,1]","[62,9,23,33]","[[1,2,3,4,5],[0,3],[0,1,2,4],[0,5]]",9,"[27,30,39,42,43,46,70,90,92]","[-1,-1,1,1,1,1,1,1,1]",0,True
100,6,128,13,1,61247,6131334,614014035,76,52,3952,"[90,82,15,41,52,39]","[1,1,1,1,1,1]","[62,9,23,33]","[[1,2,3,4,5],[0,3],[0,1,2,4],[0,5]]",17,"[1,11,20,32,44,47,54,61,64,68,72,74,79,83,88,89,99]","[1,1,-1,1,-1,1,-1,1,1,1,-1,-1,1,-1,1,-1,-1]",0,True
100,6,128,13,2,61247,6131334,614014036,83,45,3735,"[90,82,15,41,52,39]","[1,1,1,1,1,1]","[62,9,23,33]","[[1,2,3,4,5],[0,3],[0,1,2,4],[0,5]]",13,"[9,14,30,44,52,55,65,77,79,90,92,97,98]","[1,-1,-1,1,1,-1,-1,1,-1,1,1,1,-1]",0,True
100,6,128,13,3,61247,6131334,614014037,74,54,3996,"[90,82,15,41,52,39]","[1,1,1,1,1,1]","[62,9,23,33]","[[1,2,3,4,5],[0,3],[0,1,2,4],[0,5]]",18,"[7,24,28,36,43,47,55,59,65,74,76,81,86,91,92,93,94,95]","[-1,1,-1,-1,1,-1,1,-1,1,1,-1,1,1,1,1,-1,-1,-1]",0,True
100,6,128,13,4,61247,6131334,614014038,73,55,4015,"[90,82,15,41,52,39]","[1,1,1,1,1,1]","[62,9,23,33]","[[1,2,3,4,5],[0,3],[0,1,2,4],[0,5]]",16,"[3,10,12,17,19,36,37,38,39,43,45,54,70,78,83,93]","[-1,1,1,-1,1,-1,-1,1,1,1,-1,-1,1,-1,1,-1]",0,True
100,6,128,13,5,61247,6131334,614014039,74,54,3996,"[90,82,15,41,52,39]","[1,1,1,1,1,1]","[62,9,23,33]","[[1,2,3,4,5],[0,3],[0,1,2,4],[0,5]]",10,"[7,9,20,36,41,62,63,69,90,98]","[-1,-1,1,-1,1,-1,-1,-1,1,-1]",0,True
10,6,32,14,1,61248,6141244,614104435,13,19,247,"[7,9,1,6,0,5]","[1,1,1,1,1,-1]","[48,42,26,29]","[[4,5],[1,3,5],[1,3,4],[0,2,3,4]]",4,"[0,5,6,9]","[1,-1,1,1]",0,True
10,6,32,14,2,61248,6141244,614104436,19,13,247,"[7,9,1,6,0,5]","[1,1,1,1,1,-1]","[48,42,26,29]","[[4,5],[1,3,5],[1,3,4],[0,2,3,4]]",5,"[0,1,3,5,9]","[1,1,1,-1,1]",0,True
10,6,32,14,3,61248,6141244,614104437,21,11,231,"[7,9,1,6,0,5]","[1,1,1,1,1,-1]","[48,42,26,29]","[[4,5],[1,3,5],[1,3,4],[0,2,3,4]]",4,"[0,5,6,9]","[1,-1,1,1]",0,True
10,6,32,14,4,61248,6141244,614104438,20,12,240,"[7,9,1,6,0,5]","[1,1,1,1,1,-1]","[48,42,26,29]","[[4,5],[1,3,5],[1,3,4],[0,2,3,4]]",4,"[0,5,6,9]","[1,-1,1,1]",0,True
10,6,32,14,5,61248,6141244,614104439,23,9,207,"[7,9,1,6,0,5]","[1,1,1,1,1,-1]","[48,42,26,29]","[[4,5],[1,3,5],[1,3,4],[0,2,3,4]]",4,"[0,5,6,9]","[1,-1,1,1]",0,True
10,6,64,14,1,61248,6141244,614107635,39,25,975,"[7,9,1,6,0,5]","[1,1,1,1,1,-1]","[48,42,26,29]","[[4,5],[1,3,5],[1,3,4],[0,2,3,4]]",4,"[0,5,6,9]","[1,-1,1,1]",0,True
10,6,64,14,2,61248,6141244,614107636,43,21,903,"[7,9,1,6,0,5]","[1,1,1,1,1,-1]","[48,42,26,29]","[[4,5],[1,3,5],[1,3,4],[0,2,3,4]]",5,"[0,5,6,7,9]","[1,-1,1,1,1]",0,True
10,6,64,14,3,61248,6141244,614107637,44,20,880,"[7,9,1,6,0,5]","[1,1,1,1,1,-1]","[48,42,26,29]","[[4,5],[1,3,5],[1,3,4],[0,2,3,4]]",6,"[0,2,5,6,7,9]","[1,-1,-1,1,1,1]",0,True
10,6,64,14,4,61248,6141244,614107638,48,16,768,"[7,9,1,6,0,5]","[1,1,1,1,1,-1]","[48,42,26,29]","[[4,5],[1,3,5],[1,3,4],[0,2,3,4]]",6,"[0,1,2,5,6,9]","[1,1,1,-1,1,1]",0,True
10,6,64,14,5,61248,6141244,614107639,36,28,1008,"[7,9,1,6,0,5]","[1,1,1,1,1,-1]","[48,42,26,29]","[[4,5],[1,3,5],[1,3,4],[0,2,3,4]]",5,"[0,5,6,7,9]","[1,-1,1,1,1]",0,True
10,6,128,14,1,61248,6141244,614114035,82,46,3772,"[7,9,1,6,0,5]","[1,1,1,1,1,-1]","[48,42,26,29]","[[4,5],[1,3,5],[1,3,4],[0,2,3,4]]",6,"[0,1,5,6,7,9]","[1,1,-1,1,1,1]",0,True
10,6,128,14,2,61248,6141244,614114036,84,44,3696,"[7,9,1,6,0,5]","[1,1,1,1,1,-1]","[48,42,26,29]","[[4,5],[1,3,5],[1,3,4],[0,2,3,4]]",4,"[0,5,6,9]","[1,-1,1,1]",0,True
10,6,128,14,3,61248,6141244,614114037,80,48,3840,"[7,9,1,6,0,5]","[1,1,1,1,1,-1]","[48,42,26,29]","[[4,5],[1,3,5],[1,3,4],[0,2,3,4]]",6,"[0,2,3,5,6,9]","[1,-1,1,-1,1,1]",0,True
10,6,128,14,4,61248,6141244,614114038,88,40,3520,"[7,9,1,6,0,5]","[1,1,1,1,1,-1]","[48,42,26,29]","[[4,5],[1,3,5],[1,3,4],[0,2,3,4]]",6,"[0,1,5,6,7,9]","[1,1,-1,1,1,1]",0,True
10,6,128,14,5,61248,6141244,614114039,76,52,3952,"[7,9,1,6,0,5]","[1,1,1,1,1,-1]","[48,42,26,29]","[[4,5],[1,3,5],[1,3,4],[0,2,3,4]]",5,"[0,1,5,6,9]","[1,1,-1,1,1]",0,True
50,6,32,14,1,61248,6141284,614504435,18,14,252,"[33,10,8,36,43,22]","[1,1,1,1,1,-1]","[48,42,26,29]","[[4,5],[1,3,5],[1,3,4],[0,2,3,4]]",8,"[4,7,12,13,15,18,36,46]","[1,-1,1,1,-1,-1,1,1]",0,True
50,6,32,14,2,61248,6141284,614504436,22,10,220,"[33,10,8,36,43,22]","[1,1,1,1,1,-1]","[48,42,26,29]","[[4,5],[1,3,5],[1,3,4],[0,2,3,4]]",7,"[1,3,17,22,35,38,45]","[-1,-1,1,-1,1,1,-1]",0,True
50,6,32,14,3,61248,6141284,614504437,19,13,247,"[33,10,8,36,43,22]","[1,1,1,1,1,-1]","[48,42,26,29]","[[4,5],[1,3,5],[1,3,4],[0,2,3,4]]",9,"[1,8,13,17,19,23,29,31,34]","[1,1,-1,1,1,-1,1,-1,1]",0,True
50,6,32,14,4,61248,6141284,614504438,16,16,256,"[33,10,8,36,43,22]","[1,1,1,1,1,-1]","[48,42,26,29]","[[4,5],[1,3,5],[1,3,4],[0,2,3,4]]",6,"[4,7,10,22,23,43]","[-1,-1,1,-1,1,1]",0,True
50,6,32,14,5,61248,6141284,614504439,21,11,231,"[33,10,8,36,43,22]","[1,1,1,1,1,-1]","[48,42,26,29]","[[4,5],[1,3,5],[1,3,4],[0,2,3,4]]",7,"[16,21,24,27,34,35,38]","[1,-1,-1,1,-1,-1,1]",0,True
50,6,64,14,1,61248,6141284,614507635,42,22,924,"[33,10,8,36,43,22]","[1,1,1,1,1,-1]","[48,42,26,29]","[[4,5],[1,3,5],[1,3,4],[0,2,3,4]]",8,"[2,12,20,22,24,40,43,47]","[-1,1,1,-1,-1,-1,1,-1]",0,True
50,6,64,14,2,61248,6141284,614507636,42,22,924,"[33,10,8,36,43,22]","[1,1,1,1,1,-1]","[48,42,26,29]","[[4,5],[1,3,5],[1,3,4],[0,2,3,4]]",13,"[4,10,12,17,20,23,27,33,37,41,43,44,45]","[-1,1,-1,1,1,-1,1,1,-1,-1,1,-1,-1]",0,True
50,6,64,14,3,61248,6141284,614507637,39,25,975,"[33,10,8,36,43,22]","[1,1,1,1,1,-1]","[48,42,26,29]","[[4,5],[1,3,5],[1,3,4],[0,2,3,4]]",7,"[3,12,13,22,24,29,43]","[-1,-1,1,-1,1,-1,1]",0,True
50,6,64,14,4,61248,6141284,614507638,37,27,999,"[33,10,8,36,43,22]","[1,1,1,1,1,-1]","[48,42,26,29]","[[4,5],[1,3,5],[1,3,4],[0,2,3,4]]",14,"[3,5,6,7,19,20,23,24,25,26,35,36,41,44]","[-1,-1,-1,1,1,-1,1,1,1,-1,-1,1,-1,-1]",0,True
50,6,64,14,5,61248,6141284,614507639,41,23,943,"[33,10,8,36,43,22]","[1,1,1,1,1,-1]","[48,42,26,29]","[[4,5],[1,3,5],[1,3,4],[0,2,3,4]]",10,"[0,2,4,12,16,19,22,34,44,46]","[1,-1,1,1,-1,1,-1,-1,1,1]",0,True
50,6,128,14,1,61248,6141284,614514035,85,43,3655,"[33,10,8,36,43,22]","[1,1,1,1,1,-1]","[48,42,26,29]","[[4,5],[1,3,5],[1,3,4],[0,2,3,4]]",7,"[10,20,22,25,33,36,43]","[1,-1,-1,-1,1,1,1]",0,True
50,6,128,14,2,61248,6141284,614514036,79,49,3871,"[33,10,8,36,43,22]","[1,1,1,1,1,-1]","[48,42,26,29]","[[4,5],[1,3,5],[1,3,4],[0,2,3,4]]",12,"[2,19,20,22,24,26,29,31,36,40,41,43]","[1,1,-1,-1,-1,1,1,1,1,1,1,1]",0,True
50,6,128,14,3,61248,6141284,614514037,80,48,3840,"[33,10,8,36,43,22]","[1,1,1,1,1,-1]","[48,42,26,29]","[[4,5],[1,3,5],[1,3,4],[0,2,3,4]]",14,"[2,4,14,15,16,18,22,24,25,30,31,34,44,48]","[-1,1,-1,-1,1,-1,-1,1,1,1,1,1,-1,-1]",0,True
50,6,128,14,4,61248,6141284,614514038,72,56,4032,"[33,10,8,36,43,22]","[1,1,1,1,1,-1]","[48,42,26,29]","[[4,5],[1,3,5],[1,3,4],[0,2,3,4]]",7,"[1,10,22,23,34,36,43]","[1,1,-1,1,1,1,1]",0,True
50,6,128,14,5,61248,6141284,614514039,82,46,3772,"[33,10,8,36,43,22]","[1,1,1,1,1,-1]","[48,42,26,29]","[[4,5],[1,3,5],[1,3,4],[0,2,3,4]]",12,"[0,2,4,14,22,28,29,32,37,43,47,49]","[-1,-1,1,1,-1,1,1,-1,1,1,1,-1]",0,True
100,6,32,14,1,61248,6141334,615004435,19,13,247,"[68,56,20,8,87,38]","[1,1,1,1,1,-1]","[48,42,26,29]","[[4,5],[1,3,5],[1,3,4],[0,2,3,4]]",8,"[16,64,70,71,81,83,91,99]","[-1,-1,-1,-1,1,-1,-1,-1]",0,True
100,6,32,14,2,61248,6141334,615004436,24,8,192,"[68,56,20,8,87,38]","[1,1,1,1,1,-1]","[48,42,26,29]","[[4,5],[1,3,5],[1,3,4],[0,2,3,4]]",9,"[0,1,5,7,10,24,55,90,97]","[-1,1,-1,-1,1,1,1,-1,1]",0,True
100,6,32,14,3,61248,6141334,615004437,18,14,252,"[68,56,20,8,87,38]","[1,1,1,1,1,-1]","[48,42,26,29]","[[4,5],[1,3,5],[1,3,4],[0,2,3,4]]",9,"[8,12,24,38,50,56,61,85,96]","[1,-1,1,-1,-1,1,1,-1,1]",0,True
100,6,32,14,4,61248,6141334,615004438,19,13,247,"[68,56,20,8,87,38]","[1,1,1,1,1,-1]","[48,42,26,29]","[[4,5],[1,3,5],[1,3,4],[0,2,3,4]]",8,"[2,14,21,33,34,40,56,87]","[1,-1,1,1,1,-1,1,1]",0,True
100,6,32,14,5,61248,6141334,615004439,17,15,255,"[68,56,20,8,87,38]","[1,1,1,1,1,-1]","[48,42,26,29]","[[4,5],[1,3,5],[1,3,4],[0,2,3,4]]",7,"[7,15,20,30,50,64,86]","[1,1,-1,-1,-1,-1,1]",0,True
100,6,64,14,1,61248,6141334,615007635,31,33,1023,"[68,56,20,8,87,38]","[1,1,1,1,1,-1]","[48,42,26,29]","[[4,5],[1,3,5],[1,3,4],[0,2,3,4]]",13,"[12,22,27,32,39,56,62,65,85,89,91,95,98]","[1,1,1,-1,-1,-1,-1,1,1,1,1,1,1]",0,True
100,6,64,14,2,61248,6141334,615007636,44,20,880,"[68,56,20,8,87,38]","[1,1,1,1,1,-1]","[48,42,26,29]","[[4,5],[1,3,5],[1,3,4],[0,2,3,4]]",11,"[10,20,22,23,33,50,73,76,80,82,83]","[1,1,-1,1,1,-1,-1,-1,-1,1,-1]",0,True
100,6,64,14,3,61248,6141334,615007637,38,26,988,"[68,56,20,8,87,38]","[1,1,1,1,1,-1]","[48,42,26,29]","[[4,5],[1,3,5],[1,3,4],[0,2,3,4]]",12,"[4,7,14,15,17,27,29,42,50,61,85,97]","[1,1,1,1,1,-1,1,-1,1,1,1,-1]",0,True
100,6,64,14,4,61248,6141334,615007638,42,22,924,"[68,56,20,8,87,38]","[1,1,1,1,1,-1]","[48,42,26,29]","[[4,5],[1,3,5],[1,3,4],[0,2,3,4]]",12,"[4,8,16,37,38,54,81,84,88,90,91,97]","[1,1,1,-1,-1,-1,-1,-1,1,-1,1,-1]",0,True
100,6,64,14,5,61248,6141334,615007639,35,29,1015,"[68,56,20,8,87,38]","[1,1,1,1,1,-1]","[48,42,26,29]","[[4,5],[1,3,5],[1,3,4],[0,2,3,4]]",14,"[7,8,11,22,30,39,51,55,58,64,80,81,95,96]","[1,1,-1,1,1,1,1,-1,1,1,-1,-1,1,-1]",0,True
100,6,128,14,1,61248,6141334,615014035,75,53,3975,"[68,56,20,8,87,38]","[1,1,1,1,1,-1]","[48,42,26,29]","[[4,5],[1,3,5],[1,3,4],[0,2,3,4]]",15,"[1,9,18,22,34,40,51,59,63,67,78,79,87,91,95]","[-1,1,-1,1,-1,1,1,-1,1,-1,1,1,1,1,1]",0,True
100,6,128,14,2,61248,6141334,615014036,79,49,3871,"[68,56,20,8,87,38]","[1,1,1,1,1,-1]","[48,42,26,29]","[[4,5],[1,3,5],[1,3,4],[0,2,3,4]]",14,"[18,20,36,38,43,44,46,49,60,63,74,80,82,94]","[1,1,-1,-1,1,1,-1,-1,1,1,1,-1,1,1]",0,True
100,6,128,14,3,61248,6141334,615014037,72,56,4032,"[68,56,20,8,87,38]","[1,1,1,1,1,-1]","[48,42,26,29]","[[4,5],[1,3,5],[1,3,4],[0,2,3,4]]",17,"[6,16,31,36,49,53,54,55,61,68,69,76,80,83,85,86,99]","[1,1,1,-1,-1,1,-1,-1,-1,-1,1,-1,-1,1,1,1,-1]",0,True
100,6,128,14,4,61248,6141334,615014038,78,50,3900,"[68,56,20,8,87,38]","[1,1,1,1,1,-1]","[48,42,26,29]","[[4,5],[1,3,5],[1,3,4],[0,2,3,4]]",16,"[6,27,34,38,42,53,55,56,64,67,71,80,83,84,85,94]","[-1,1,-1,-1,-1,1,1,1,-1,1,-1,-1,-1,1,-1,1]",0,True
100,6,128,14,5,61248,6141334,615014039,71,57,4047,"[68,56,20,8,87,38]","[1,1,1,1,1,-1]","[48,42,26,29]","[[4,5],[1,3,5],[1,3,4],[0,2,3,4]]",18,"[10,13,19,21,24,28,32,34,36,41,43,45,59,67,68,75,83,89]","[1,1,-1,1,-1,1,1,1,1,1,-1,-1,-1,-1,1,1,1,-1]",0,True
10,6,32,15,1,61249,6151244,615104435,20,12,240,"[0,5,4,9,7,6]","[1,1,-1,1,-1,-1]","[28,10,51]","[[2,3,4],[1,3],[0,1,4,5]]",3,"[5,7,9]","[1,-1,1]",0,True
10,6,32,15,2,61249,6151244,615104436,24,8,192,"[0,5,4,9,7,6]","[1,1,-1,1,-1,-1]","[28,10,51]","[[2,3,4],[1,3],[0,1,4,5]]",2,"[5,9]","[1,1]",0,True
10,6,32,15,3,61249,6151244,615104437,15,17,255,"[0,5,4,9,7,6]","[1,1,-1,1,-1,-1]","[28,10,51]","[[2,3,4],[1,3],[0,1,4,5]]",4,"[4,5,7,9]","[-1,1,-1,1]",0,True
10,6,32,15,4,61249,6151244,615104438,22,10,220,"[0,5,4,9,7,6]","[1,1,-1,1,-1,-1]","[28,10,51]","[[2,3,4],[1,3],[0,1,4,5]]",5,"[3,4,5,7,9]","[-1,-1,1,-1,1]",0,True
10,6,32,15,5,61249,6151244,615104439,19,13,247,"[0,5,4,9,7,6]","[1,1,-1,1,-1,-1]","[28,10,51]","[[2,3,4],[1,3],[0,1,4,5]]",3,"[4,5,9]","[-1,1,1]",0,True
10,6,64,15,1,61249,6151244,615107635,48,16,768,"[0,5,4,9,7,6]","[1,1,-1,1,-1,-1]","[28,10,51]","[[2,3,4],[1,3],[0,1,4,5]]",6,"[0,4,5,6,7,9]","[1,-1,1,-1,-1,1]",0,True
10,6,64,15,2,61249,6151244,615107636,43,21,903,"[0,5,4,9,7,6]","[1,1,-1,1,-1,-1]","[28,10,51]","[[2,3,4],[1,3],[0,1,4,5]]",5,"[4,5,6,7,9]","[-1,1,-1,-1,1]",0,True
10,6,64,15,3,61249,6151244,615107637,44,20,880,"[0,5,4,9,7,6]","[1,1,-1,1,-1,-1]","[28,10,51]","[[2,3,4],[1,3],[0,1,4,5]]",6,"[0,4,5,6,7,9]","[1,-1,1,-1,-1,1]",0,True
10,6,64,15,4,61249,6151244,615107638,40,24,960,"[0,5,4,9,7,6]","[1,1,-1,1,-1,-1]","[28,10,51]","[[2,3,4],[1,3],[0,1,4,5]]",6,"[2,4,5,6,7,9]","[1,-1,1,-1,-1,1]",0,True
10,6,64,15,5,61249,6151244,615107639,40,24,960,"[0,5,4,9,7,6]","[1,1,-1,1,-1,-1]","[28,10,51]","[[2,3,4],[1,3],[0,1,4,5]]",7,"[2,3,4,5,7,8,9]","[1,-1,-1,1,-1,1,1]",0,True
10,6,128,15,1,61249,6151244,615114035,86,42,3612,"[0,5,4,9,7,6]","[1,1,-1,1,-1,-1]","[28,10,51]","[[2,3,4],[1,3],[0,1,4,5]]",8,"[0,1,2,3,5,7,8,9]","[1,-1,1,-1,1,-1,-1,1]",0,True
10,6,128,15,2,61249,6151244,615114036,84,44,3696,"[0,5,4,9,7,6]","[1,1,-1,1,-1,-1]","[28,10,51]","[[2,3,4],[1,3],[0,1,4,5]]",6,"[1,4,5,6,7,9]","[-1,-1,1,-1,-1,1]",0,True
10,6,128,15,3,61249,6151244,615114037,81,47,3807,"[0,5,4,9,7,6]","[1,1,-1,1,-1,-1]","[28,10,51]","[[2,3,4],[1,3],[0,1,4,5]]",6,"[3,4,5,6,7,9]","[1,-1,1,-1,-1,1]",0,True
10,6,128,15,4,61249,6151244,615114038,85,43,3655,"[0,5,4,9,7,6]","[1,1,-1,1,-1,-1]","[28,10,51]","[[2,3,4],[1,3],[0,1,4,5]]",6,"[0,4,5,6,7,9]","[1,-1,1,-1,-1,1]",0,True
10,6,128,15,5,61249,6151244,615114039,89,39,3471,"[0,5,4,9,7,6]","[1,1,-1,1,-1,-1]","[28,10,51]","[[2,3,4],[1,3],[0,1,4,5]]",6,"[0,4,5,6,7,9]","[1,-1,1,-1,-1,1]",0,True
50,6,32,15,1,61249,6151284,615504435,20,12,240,"[22,40,19,10,24,21]","[1,1,-1,1,-1,-1]","[28,10,51]","[[2,3,4],[1,3],[0,1,4,5]]",8,"[5,20,21,22,24,25,42,46]","[1,-1,-1,1,-1,-1,1,-1]",0,True
50,6,32,15,2,61249,6151284,615504436,23,9,207,"[22,40,19,10,24,21]","[1,1,-1,1,-1,-1]","[28,10,51]","[[2,3,4],[1,3],[0,1,4,5]]",7,"[7,10,22,24,28,36,41]","[1,1,-1,-1,-1,-1,1]",0,True
50,6,32,15,3,61249,6151284,615504437,23,9,207,"[22,40,19,10,24,21]","[1,1,-1,1,-1,-1]","[28,10,51]","[[2,3,4],[1,3],[0,1,4,5]]",7,"[1,9,24,31,35,37,42]","[-1,-1,-1,-1,1,1,-1]",0,True
50,6,32,15,4,61249,6151284,615504438,19,13,247,"[22,40,19,10,24,21]","[1,1,-1,1,-1,-1]","[28,10,51]","[[2,3,4],[1,3],[0,1,4,5]]",8,"[5,19,33,34,37,41,43,49]","[1,-1,-1,1,1,1,-1,-1]",0,True
50,6,32,15,5,61249,6151284,615504439,22,10,220,"[22,40,19,10,24,21]","[1,1,-1,1,-1,-1]","[28,10,51]","[[2,3,4],[1,3],[0,1,4,5]]",8,"[2,12,17,20,39,40,41,42]","[-1,-1,1,-1,-1,1,-1,-1]",0,True
50,6,64,15,1,61249,6151284,615507635,38,26,988,"[22,40,19,10,24,21]","[1,1,-1,1,-1,-1]","[28,10,51]","[[2,3,4],[1,3],[0,1,4,5]]",9,"[10,14,16,17,19,22,31,38,48]","[1,1,1,1,-1,1,-1,-1,1]",0,True
50,6,64,15,2,61249,6151284,615507636,39,25,975,"[22,40,19,10,24,21]","[1,1,-1,1,-1,-1]","[28,10,51]","[[2,3,4],[1,3],[0,1,4,5]]",11,"[3,4,6,9,15,22,28,34,35,45,49]","[-1,-1,1,1,-1,1,-1,-1,-1,1,1]",0,True
50,6,64,15,3,61249,6151284,615507637,43,21,903,"[22,40,19,10,24,21]","[1,1,-1,1,-1,-1]","[28,10,51]","[[2,3,4],[1,3],[0,1,4,5]]",13,"[1,3,9,12,16,22,25,29,33,38,41,46,49]","[-1,1,1,-1,1,1,1,1,1,1,1,-1,1]",0,True
50,6,64,15,4,61249,6151284,615507638,45,19,855,"[22,40,19,10,24,21]","[1,1,-1,1,-1,-1]","[28,10,51]","[[2,3,4],[1,3],[0,1,4,5]]",10,"[4,10,11,13,30,37,43,44,45,49]","[1,1,1,1,-1,1,1,-1,-1,1]",0,True
50,6,64,15,5,61249,6151284,615507639,41,23,943,"[22,40,19,10,24,21]","[1,1,-1,1,-1,-1]","[28,10,51]","[[2,3,4],[1,3],[0,1,4,5]]",11,"[5,10,16,18,32,33,34,38,39,41,45]","[-1,1,1,1,1,-1,-1,-1,-1,1,-1]",0,True
50,6,128,15,1,61249,6151284,615514035,85,43,3655,"[22,40,19,10,24,21]","[1,1,-1,1,-1,-1]","[28,10,51]","[[2,3,4],[1,3],[0,1,4,5]]",13,"[1,7,10,18,19,24,26,28,32,33,35,42,49]","[1,1,1,1,-1,-1,1,-1,1,-1,-1,1,-1]",0,True
50,6,128,15,2,61249,6151284,615514036,83,45,3735,"[22,40,19,10,24,21]","[1,1,-1,1,-1,-1]","[28,10,51]","[[2,3,4],[1,3],[0,1,4,5]]",15,"[0,6,7,9,15,22,27,29,33,34,35,40,41,42,49]","[-1,-1,-1,-1,-1,1,-1,1,-1,1,-1,1,-1,-1,1]",0,True
50,6,128,15,3,61249,6151284,615514037,77,51,3927,"[22,40,19,10,24,21]","[1,1,-1,1,-1,-1]","[28,10,51]","[[2,3,4],[1,3],[0,1,4,5]]",15,"[3,4,6,7,10,12,14,23,24,32,34,35,38,46,49]","[1,-1,1,1,1,1,-1,-1,-1,-1,1,-1,1,1,1]",0,True
50,6,128,15,4,61249,6151284,615514038,84,44,3696,"[22,40,19,10,24,21]","[1,1,-1,1,-1,-1]","[28,10,51]","[[2,3,4],[1,3],[0,1,4,5]]",10,"[3,4,10,19,22,24,27,33,36,40]","[1,1,1,-1,1,-1,-1,1,1,1]",0,True
50,6,128,15,5,61249,6151284,615514039,85,43,3655,"[22,40,19,10,24,21]","[1,1,-1,1,-1,-1]","[28,10,51]","[[2,3,4],[1,3],[0,1,4,5]]",12,"[8,10,13,17,22,23,24,34,38,40,45,48]","[1,1,1,1,1,-1,-1,1,-1,1,-1,-1]",0,True
100,6,32,15,1,61249,6151334,616004435,15,17,255,"[74,16,10,25,3,54]","[1,1,-1,1,-1,-1]","[28,10,51]","[[2,3,4],[1,3],[0,1,4,5]]",9,"[10,21,31,32,43,47,58,69,80]","[1,-1,1,-1,-1,1,-1,-1,-1]",0,True
100,6,32,15,2,61249,6151334,616004436,24,8,192,"[74,16,10,25,3,54]","[1,1,-1,1,-1,-1]","[28,10,51]","[[2,3,4],[1,3],[0,1,4,5]]",9,"[0,26,33,40,42,44,54,58,64]","[-1,-1,1,1,1,1,1,-1,-1]",0,True
100,6,32,15,3,61249,6151334,616004437,25,7,175,"[74,16,10,25,3,54]","[1,1,-1,1,-1,-1]","[28,10,51]","[[2,3,4],[1,3],[0,1,4,5]]",10,"[8,10,17,27,35,38,42,43,54,76]","[1,-1,1,-1,1,-1,-1,1,-1,1]",0,True
100,6,32,15,4,61249,6151334,616004438,25,7,175,"[74,16,10,25,3,54]","[1,1,-1,1,-1,-1]","[28,10,51]","[[2,3,4],[1,3],[0,1,4,5]]",6,"[22,25,68,72,77,88]","[-1,1,1,1,-1,1]",0,True
100,6,32,15,5,61249,6151334,616004439,18,14,252,"[74,16,10,25,3,54]","[1,1,-1,1,-1,-1]","[28,10,51]","[[2,3,4],[1,3],[0,1,4,5]]",9,"[8,20,25,50,57,63,67,74,97]","[-1,-1,1,1,-1,1,-1,1,1]",0,True
100,6,64,15,1,61249,6151334,616007635,42,22,924,"[74,16,10,25,3,54]","[1,1,-1,1,-1,-1]","[28,10,51]","[[2,3,4],[1,3],[0,1,4,5]]",11,"[8,16,18,21,27,28,33,46,51,56,61]","[1,1,1,1,1,1,-1,-1,1,1,-1]",0,True
100,6,64,15,2,61249,6151334,616007636,45,19,855,"[74,16,10,25,3,54]","[1,1,-1,1,-1,-1]","[28,10,51]","[[2,3,4],[1,3],[0,1,4,5]]",12,"[12,28,42,57,67,70,73,76,86,90,95,99]","[1,1,1,-1,-1,1,-1,1,1,1,1,-1]",0,True
100,6,64,15,3,61249,6151334,616007637,48,16,768,"[74,16,10,25,3,54]","[1,1,-1,1,-1,-1]","[28,10,51]","[[2,3,4],[1,3],[0,1,4,5]]",12,"[3,4,5,22,38,39,49,60,64,68,75,95]","[-1,1,1,-1,-1,-1,1,-1,-1,-1,1,-1]",0,True
100,6,64,15,4,61249,6151334,616007638,46,18,828,"[74,16,10,25,3,54]","[1,1,-1,1,-1,-1]","[28,10,51]","[[2,3,4],[1,3],[0,1,4,5]]",8,"[22,56,69,77,79,89,92,94]","[-1,1,-1,-1,1,-1,1,1]",0,True
100,6,64,15,5,61249,6151334,616007639,41,23,943,"[74,16,10,25,3,54]","[1,1,-1,1,-1,-1]","[28,10,51]","[[2,3,4],[1,3],[0,1,4,5]]",7,"[16,25,36,40,58,82,91]","[1,1,-1,1,-1,-1,-1]",0,True
100,6,128,15,1,61249,6151334,616014035,79,49,3871,"[74,16,10,25,3,54]","[1,1,-1,1,-1,-1]","[28,10,51]","[[2,3,4],[1,3],[0,1,4,5]]",15,"[6,8,11,18,19,21,25,27,34,42,75,84,88,93,96]","[1,-1,1,-1,1,1,1,1,1,1,1,-1,1,-1,1]",0,True
100,6,128,15,2,61249,6151334,616014036,86,42,3612,"[74,16,10,25,3,54]","[1,1,-1,1,-1,-1]","[28,10,51]","[[2,3,4],[1,3],[0,1,4,5]]",16,"[10,12,13,30,31,34,38,40,51,52,65,75,80,85,94,96]","[-1,1,-1,-1,-1,1,1,1,-1,-1,-1,1,1,1,-1,-1]",0,True
100,6,128,15,3,61249,6151334,616014037,88,40,3520,"[74,16,10,25,3,54]","[1,1,-1,1,-1,-1]","[28,10,51]","[[2,3,4],[1,3],[0,1,4,5]]",10,"[7,16,25,34,45,50,54,75,88,93]","[-1,1,1,1,1,-1,-1,-1,1,1]",0,True
100,6,128,15,4,61249,6151334,616014038,79,49,3871,"[74,16,10,25,3,54]","[1,1,-1,1,-1,-1]","[28,10,51]","[[2,3,4],[1,3],[0,1,4,5]]",13,"[5,6,12,22,23,25,59,72,73,74,77,84,93]","[1,1,-1,-1,-1,1,1,-1,1,1,-1,1,1]",0,True
100,6,128,15,5,61249,6151334,616014039,79,49,3871,"[74,16,10,25,3,54]","[1,1,-1,1,-1,-1]","[28,10,51]","[[2,3,4],[1,3],[0,1,4,5]]",15,"[1,3,10,15,22,29,38,39,57,59,69,72,73,96,98]","[-1,-1,-1,1,-1,1,1,1,1,-1,-1,1,1,1,-1]",0,True
